2026-2027学年第1学期工作安排表,,,,,,,,,,,,,,
,,,,,,,,,,,,,,
新课程序号,课程名称,周学时,负责人,授课教师,教师工号,教师职称,课程性质,授课语言,校区,听课专业,选课人数,起始周,结束周,排课信息
职业技术教育学院,,,,,,,,,,,,,,
,,,,,,,,,,,,,,
IVE000202,教育与美好生活,2,,"李俊,鄢彩玲","12099,21106",",",人文经典与审美素养,中文,嘉定校区,,0,1,16,李俊(12099) 星期三7-8节 [1 4-12] 安楼A302 鄢彩玲(21106) 星期三7-8节 [2-3] 安楼A302
IVE000401,发展心理学,2,,李同吉,06115,,科学探索与生命关怀,中文,四平路校区,,0,1,12,李同吉(06115) 星期五7-8节 [1-12] 南308
IVE000802,学习心理分析,2,,李鹏,21055,,科学探索与生命关怀,中文,嘉定校区,,0,1,16,李鹏(21055) 星期三7-8节 [1-12] 安楼A405
IVE000901,德国文化与教育,2,,鄢彩玲,21106,,社会发展与国际视野,中文,四平路校区,,0,1,12,鄢彩玲(21106) 星期五7-8节 [1-12] 南315
IVE000902,德国文化与教育,2,,鄢彩玲,21106,,社会发展与国际视野,中文,嘉定校区,,0,1,16,鄢彩玲(21106) 星期三9-10节 [1-12] 安楼A302
图书馆,,,,,,,,,,,,,,
,,,,,,,,,,,,,,
LIB130101,文献检索,2,,王爽快,24054,,专业基础课,中文,沪西校区,2025(护理学 14044),0,1,8,王爽快(24054) 星期二1-4节 [1-8] 学校机房423(沪西)
LIB000101,科技文献检索与利用,2,,邬宁芬,03061,,通识选修课,中文,四平路校区,,0,1,12,邬宁芬(03061) 星期一7-8节 [1-12] 南210
LIB000102,科技文献检索与利用,2,,刘玉红,07054,,通识选修课,中文,嘉定校区,,0,1,16,刘玉红(07054) 星期一7-8节 [1-12] 安楼A105
LIB000103,科技文献检索与利用,2,,邬宁芬,03061,,通识选修课,中文,四平路校区,,0,1,12,邬宁芬(03061) 星期三9-10节 [1-12] 南211
LIB000104,科技文献检索与利用,2,,"费盛华,宁子晨","11002,24053",",",通识选修课,中文,四平路校区,,0,1,12,费盛华(11002) 星期四7-8节 [1-6] 南214 宁子晨(24053) 星期四7-8节 [7-12] 南214
LIB000105,科技文献检索与利用,2,,刘玉红,07054,,通识选修课,中文,嘉定校区,,0,1,16,刘玉红(07054) 星期四9-10节 [1-12] 安楼A105
国际文化交流学院,,,,,,,,,,,,,,
,,,,,,,,,,,,,,
ISC110101,中国概论（英）,2,,李挺,13010,,通识必修课,中文,四平路校区,2024(工商管理(国际班) 01025),0,1,16,李挺(13010) 星期三5-6节 [1-16] 南215
ISC310101,基础中文,6,,王琼,11116,,通识必修课,中文,四平路校区,2024(工商管理(国际班) 01025),0,1,16,王琼(11116) 星期一5-8节 [1-16] 南222 王琼(11116) 星期四5-6节 [1-16] 南222
ISC410101,中级中文,6,,"李海燕,李挺","11113,13010",",",通识必修课,中文,四平路校区,2023(工商管理(国际班) 01025),0,1,16,李海燕(11113) 星期一5-8节 [1-16] 南校区二教123教室 李挺(13010) 星期三7-8节 [1-16] 南校区二教123教室
ISC350801,汉语教学概论,2,,凌璧君,06100,,专业选修课,中文,四平路校区,2024(汉语言(汉语国际教育方向) 13001),0,1,16,凌璧君(06100) 星期二3-4节 [1-16] 南208
ISC231601,中级泛读(1),2,,凌璧君,06100,,专业基础课,中文,四平路校区,"2025(汉语言(汉语国际教育方向) 13001),2025(汉语言(经贸方向) 13014)",0,1,16,凌璧君(06100) 星期三5-6节 [1-16] 南407
ISC231602,中级泛读(1),2,,侯文玉,03173,,专业基础课,中文,四平路校区,"2025(汉语言(汉语国际教育方向) 13001),2025(汉语言(经贸方向) 13014)",0,1,16,侯文玉(03173) 星期三5-6节 [1-16] 南321
ISC231201,中级听和说(1),2,,凌璧君,06100,,专业基础课,中文,四平路校区,"2025(汉语言(汉语国际教育方向) 13001),2025(汉语言(经贸方向) 13014)",0,1,16,凌璧君(06100) 星期二1-2节 [1-16] 南416
ISC231202,中级听和说(1),2,,潘海峰,11115,,专业基础课,中文,四平路校区,"2025(汉语言(汉语国际教育方向) 13001),2025(汉语言(经贸方向) 13014)",0,1,16,潘海峰(11115) 星期二1-2节 [1-16] 南317
ISC330501,高级汉语(1),6,,潘海峰,11115,,专业基础课,中文,四平路校区,"2024(汉语言(汉语国际教育方向) 13001),2024(汉语言(经贸方向) 13014)",0,1,16,潘海峰(11115) 星期一5-6节 [1-16] 南322 潘海峰(11115) 星期四1-4节 [1-16] 南322
ISC430701,高级汉语(3),6,,陆珏璇,24198,,专业基础课,中文,四平路校区,"2023(汉语言(汉语国际教育方向) 13001),2023(汉语言(经贸方向) 13014)",0,1,16,陆珏璇(24198) 星期一3-4节 [1-16] 南421 陆珏璇(24198) 星期二1-2节 [1-16] 南421 陆珏璇(24198) 星期三5-6节 [1-16] 南421
ISC332201,高级写作(1),2,,许歆媛,16010,,专业基础课,中文,四平路校区,2024(汉语言(汉语国际教育方向) 13001),0,1,16,许歆媛(16010) 星期一3-4节 [1-16] 南310
ISC231801,中级写作(1),2,,李挺,13010,,专业基础课,中文,四平路校区,"2025(汉语言(汉语国际教育方向) 13001),2025(汉语言(经贸方向) 13014)",0,1,16,李挺(13010) 星期一5-6节 [1-16] 南317
ISC231802,中级写作(1),2,,陈晨,22202,,专业基础课,中文,四平路校区,"2025(汉语言(汉语国际教育方向) 13001),2025(汉语言(经贸方向) 13014)",0,1,16,陈晨(22202) 星期四3-4节 [1-16] 南407
ISC440501,经贸洽谈,2,,凌璧君,06100,,专业必修课,中文,四平路校区,2023(汉语言(经贸方向) 13014),0,1,16,凌璧君(06100) 星期三3-4节 [1-16] 北316
ISC351001,中国民俗,2,,张占山,06101,,专业选修课,中文,四平路校区,2024(汉语言(汉语国际教育方向) 13001),0,1,16,张占山(06101) 星期三5-6节 [1-16] 南312
ISC340601,汉字概述,2,,罗顺,23090,,专业必修课,中文,四平路校区,"2024(汉语言(汉语国际教育方向) 13001),2024(汉语言(经贸方向) 13014)",0,1,16,罗顺(23090) 星期三7-8节 [1-16] 南409
ISC451301,语言学基础,2,,许歆媛,16010,,专业选修课,中文,四平路校区,2023(汉语言(汉语国际教育方向) 13001),0,1,16,许歆媛(16010) 星期三1-2节 [1-16] 南校区二教213教室
ISC450601,当代话题,2,,王琼,11116,,专业选修课,中文,四平路校区,"2023(汉语言(汉语国际教育方向) 13001),2023(汉语言(经贸方向) 13014)",0,1,16,王琼(11116) 星期二3-4节 [1-16] 北309
ISC440901,汉语修辞概述,2,,张占山,06101,,专业必修课,中文,四平路校区,"2023(汉语言(汉语国际教育方向) 13001),2023(汉语言(经贸方向) 13014)",0,1,16,张占山(06101) 星期一5-6节 [1-16] 南420
ISC340701,汉语语法概述,2,,许歆媛,16010,,专业必修课,中文,四平路校区,2024(汉语言(汉语国际教育方向) 13001),0,1,16,许歆媛(16010) 星期三3-4节 [1-16] 南312
ISC210101,中国概况（汉语言）,2,,张占山,06101,,通识必修课,中文,四平路校区,"2025(汉语言(汉语国际教育方向) 13001),2025(汉语言(经贸方向) 13014)",0,1,16,张占山(06101) 星期三1-2节 [1-16] 南214
ISC332001,商务写作（1）,2,,王琼,11116,,专业基础课,中文,四平路校区,2024(汉语言(经贸方向) 13014),0,1,16,王琼(11116) 星期二1-2节 [1-16] 北312
ISC350101,管理学,2,,宗骞,16152,,专业选修课,中文,四平路校区,2024(汉语言(经贸方向) 13014),0,1,16,宗骞(16152) 星期三3-4节 [1-16] 南315
ISC450701,中华文化经典导读,2,,张占山,06101,,专业选修课,中文,四平路校区,"2023(汉语言(汉语国际教育方向) 13001),2023(汉语言(经贸方向) 13014)",0,1,16,张占山(06101) 星期一1-2节 [1-16] 南311
ISC340201,经济时政读与讲,2,,侯文玉,03173,,专业必修课,中文,四平路校区,2024(汉语言(经贸方向) 13014),0,1,16,侯文玉(03173) 星期二3-4节 [1-16] 北312
ISC340101,经贸口语（1）,2,,侯文玉,03173,,专业必修课,中文,四平路校区,2024(汉语言(经贸方向) 13014),0,1,16,侯文玉(03173) 星期三1-2节 [1-16] 南421
ISC230301,中级汉语（1）,8,,李挺,13010,,专业基础课,中文,四平路校区,"2025(汉语言(汉语国际教育方向) 13001),2025(汉语言(经贸方向) 13014)",0,1,16,李挺(13010) 星期一1-4节 [1-16] 南422 李挺(13010) 星期二3-4节 [1-16] 南422 李挺(13010) 星期三3-4节 [1-16] 南422
ISC230302,中级汉语（1）,8,,夏雪飞,11117,,专业基础课,中文,四平路校区,"2025(汉语言(汉语国际教育方向) 13001),2025(汉语言(经贸方向) 13014)",0,1,16,夏雪飞(11117) 星期一1-4节 [1-16] 南416 夏雪飞(11117) 星期二3-4节 [1-16] 南416 夏雪飞(11117) 星期三3-4节 [1-16] 南416
ISC460301,论文写作指导,3,,郑依梅,25128,,实践环节课程,中文,四平路校区,"2023(汉语言(汉语国际教育方向) 13001),2023(汉语言(经贸方向) 13014)",0,1,16,郑依梅(25128) 星期四9-11节 [1-16] 南408
女子学院,,,,,,,,,,,,,,
,,,,,,,,,,,,,,
TWC000101,形体训练,2,,别蓁蓁,01095,,人文经典与审美素养,中文,四平路校区,,0,1,12,别蓁蓁(01095) 星期三9-10节 [1-12] 南校区三教209教室
,人力资源管理与女性职业生涯规划,2,,彭贤杰,02109,,社会发展与国际视野,中文,四平路校区,,0,1,12,彭贤杰(02109) 星期三7-8节 [1-12] 北305
TWC000202,创新思维,2,,俞鹰,04082,,工程能力与创新思维,中文,嘉定校区,,0,1,12,俞鹰(04082) 星期一7-8节 [1-12] 博楼B302
TWC000301,自我认知与人际沟通,2,,樊秀娣,86068,,社会发展与国际视野,中文,四平路校区,,0,1,12,樊秀娣(86068) 星期三7-8节 [1-12] 北208
TWC000401,卓越女性成长,2,,"李岩,颜琼枝,何敏娟,徐红,肖辉,马锦明,于一凡","03104,2000512,88055,92156,92193,95013,96016",",,,,,,",社会发展与国际视野,中文,四平路校区,,0,1,12,马锦明(95013) 星期四7-8节 [1] 南209 何敏娟(88055) 星期四7-8节 [3 11] 南209 肖辉(92193) 星期四7-8节 [5 10] 南209 徐红(92156) 星期四7-8节 [2-4双] 南209 李岩(03104) 星期四7-8节 [12] 南209 颜琼枝(2000512) 星期四7-8节 [6-7] 南209 于一凡(96016) 星期四7-8节 [8-9] 南209
TWC000502,国乐艺术赏析——古筝演奏中级,2,,陈珏,03121,,人文经典与审美素养,中文,嘉定校区,,0,1,12,陈珏(03121) 星期一5-6节 [1-12] G408
中德工程学院,,,,,,,,,,,,,,
,,,,,,,,,,,,,,
CDH451601,德国合作高校课程,30,,谢楠,09060,,专业选修课,德语,嘉定校区,2023(机械电子工程 51014),0,1,16,谢楠(09060) 星期五7-8节 [1-16] 德国高校学习
CDH451602,德国合作高校课程,30,,周春燕,02151,,专业选修课,德语,嘉定校区,2023(机械电子工程 51014),0,1,16,周春燕(02151) 星期五7-8节 [1-16] 德国学校学习
CDH451603,德国合作高校课程,30,,郭为安,14015,,专业选修课,德语,嘉定校区,2023(汽车服务工程 51024),0,1,16,郭为安(14015) 星期五5-6节 [1-16] 德国学校学习
CDH451604,德国合作高校课程,30,,张永明,14152,,专业选修课,德语,嘉定校区,2023(建筑电气与智能化 51034),0,1,16,张永明(14152) 星期一7-8节 [1-16] 德国学校学习
CDH331401,自动控制原理（2）,3,,靳文瑞,09062,,专业基础课,中文,嘉定校区,2024(汽车服务工程 51024),0,1,16,靳文瑞(09062) 星期二1-2节 [1-15单] 诚楼C402 靳文瑞(09062) 星期四5-6节 [1-16] 诚楼C402
CDH450401,智能制造系统原理与实践,2,,谢楠,09060,,专业选修课,英语,嘉定校区,2023(机械电子工程 51014),0,1,16,谢楠(09060) 星期一3-4节 [1-16] 济事楼126
CDH330401,智能传感器与执行器,4,,WenminQu,1400433,null,专业基础课,德语,嘉定校区,2024(机械电子工程 51014),0,4,12,WenminQu(1400433) 星期四7-10节 [4-6 12] 复楼F102 WenminQu(1400433) 星期五5-10节 [4-6 12] 复楼F102 WenminQu(1400433) 星期六1-6节 [4-6 12] 复楼F102
CDH330402,智能传感器与执行器,4,,庞玮,25219,null,专业基础课,中文,嘉定校区,2024(机械电子工程 51014),0,1,16,庞玮(25219) 星期四7-8节 [1-16] 安楼A309 庞玮(25219) 星期五5-6节 [1-16] 安楼A309
CDH455001,建筑碳中和技术前沿,2,,"张永明,苏灵奇","14152,24154",",",专业选修课,中文,嘉定校区,2023(建筑电气与智能化 51034),0,1,16,张永明(14152) 星期一1-2节 [1-3] 诚楼C411 苏灵奇(24154) 星期一1-2节 [4-16] 诚楼C411
CDH341301,智能感知技术,2,,张永明,14152,,专业必修课,中文,嘉定校区,2024(建筑电气与智能化 51034),0,1,16,张永明(14152) 星期三5-8节 [1-8] 诚楼C413
CDH455201,建筑智能仿真技术,3,,庄智,11130,,专业选修课,英语,嘉定校区,2023(建筑电气与智能化 51034),0,1,16,庄智(11130) 星期一3-4节 [1-15单] 济事楼214教室 庄智(11130) 星期五3-4节 [1-16] 济事楼214教室
CDH455301,区域能源与低碳规划,4,,范蕊,06096,,专业选修课,英语,嘉定校区,2023(建筑电气与智能化 51034),0,1,16,范蕊(06096) 星期二3-4节 [1-16] 济事楼126 范蕊(06096) 星期五5-6节 [1-16] 济事楼126
CDH454901,建筑能源管理与节能新技术,3,,庄智,11130,,专业选修课,英语,嘉定校区,2023(建筑电气与智能化 51034),0,1,16,庄智(11130) 星期一3-4节 [2-16双] 诚楼C411 庄智(11130) 星期四1-2节 [1-16] 诚楼C411
CDH354201,建筑智能环境学,3,,"庄智,苏灵奇","11130,24154",",",专业必修课,中文,嘉定校区,2024(建筑电气与智能化 51034),0,1,16,庄智(11130) 星期三3-4节 [1-7单] 诚楼C411 苏灵奇(24154) 星期三3-4节 [9-15单] 诚楼C411 苏灵奇(24154) 星期五1-2节 [9-16] 诚楼C411 庄智(11130) 星期五1-2节 [1-8] 诚楼C411
CDH230401,德语（四）,12,,刘静,02168,,专业基础课,德语,嘉定校区,"2025(机械电子工程 51014),2025(建筑电气与智能化 51034),2025(车辆工程 51035)",0,1,16,刘静(02168) 星期一5-8节 [1-16] 诚楼C403 刘静(02168) 星期四1-4节 [1-16] 诚楼C403 刘静(02168) 星期五5-8节 [1-16] 诚楼C403
CDH230402,德语（四）,12,,朱金锋,15666037,null,专业基础课,德语,嘉定校区,"2025(机械电子工程 51014),2025(建筑电气与智能化 51034),2025(车辆工程 51035)",0,1,16,朱金锋(15666037) 星期一5-8节 [1-16] 诚楼C402 朱金锋(15666037) 星期四1-4节 [1-16] 诚楼C402 朱金锋(15666037) 星期五5-8节 [1-16] 诚楼C402
CDH230403,德语（四）,12,,葛彦之,00079,,专业基础课,德语,嘉定校区,"2025(机械电子工程 51014),2025(建筑电气与智能化 51034),2025(车辆工程 51035)",0,1,16,葛彦之(00079) 星期一5-8节 [1-16] 安楼A405 葛彦之(00079) 星期四1-4节 [1-16] 安楼A405 葛彦之(00079) 星期五5-8节 [1-16] 安楼A405
CDH230404,德语（四）,12,,VERENA HAHN,2500022,null,专业基础课,德语,嘉定校区,"2025(机械电子工程 51014),2025(建筑电气与智能化 51034),2025(车辆工程 51035)",0,1,16,VERENA HAHN(2500022) 星期一5-8节 [1-16] 安楼A407 VERENA HAHN(2500022) 星期四1-4节 [1-16] 安楼A407 VERENA HAHN(2500022) 星期五5-8节 [1-16] 安楼A407
CDH230405,德语（四）,12,,RABENECK SOREN,2300081,null,专业基础课,德语,嘉定校区,"2025(机械电子工程 51014),2025(建筑电气与智能化 51034),2025(车辆工程 51035)",0,1,16,RABENECK SOREN(2300081) 星期一5-8节 [1-16] 安楼A409 RABENECK SOREN(2300081) 星期四1-4节 [1-16] 安楼A409 RABENECK SOREN(2300081) 星期五5-8节 [1-16] 安楼A409
CDH350801,运筹学,4,,郭为安,14015,,专业选修课,中文,嘉定校区,2024(机械电子工程 51014),0,1,16,郭为安(14015) 星期二1-2节 [1-16] 诚楼C401 郭为安(14015) 星期三7-8节 [1-16] 诚楼C401
CDH341101,自动控制原理（建智）,4,,"靳文瑞,郭为安","09062,14015",",",专业必修课,中文,嘉定校区,2024(建筑电气与智能化 51034),0,1,16,郭为安(14015) 星期二3-4节 [9-16] 诚楼C413 靳文瑞(09062) 星期二3-4节 [1-8] 诚楼C413 郭为安(14015) 星期四3-4节 [9-16] 诚楼C413 靳文瑞(09062) 星期四3-4节 [1-8] 诚楼C413
CDH352701,汽车服务,2,,Ulrich Grau,1400488,null,专业必修课,德语,嘉定校区,2024(汽车服务工程 51024),0,11,12,Ulrich Grau(1400488) 星期一5-8节 [11-12] 安楼A202 Ulrich Grau(1400488) 星期三3-8节 [11-12] 安楼A202 Ulrich Grau(1400488) 星期五3-8节 [11-12] 安楼A202
CDH340501,车辆工程基础,3,,孟庆雨,89518,,专业必修课,中文,嘉定校区,2024(汽车服务工程 51024),0,1,16,孟庆雨(89518) 星期一3-4节 [1-16] 诚楼C402 孟庆雨(89518) 星期二1-2节 [2-16双] 诚楼C402
CDH351201,自动控制原理(2),3,,Patricia Stange,2500515,,专业选修课,德语,嘉定校区,2024(机械电子工程 51014),0,1,3,Patricia Stange(2500515) 星期一7-10节 [1-3] 广楼G305 Patricia Stange(2500515) 星期三5-8节 [1-3] 广楼G305 Patricia Stange(2500515) 星期四7-10节 [1-3] 广楼G305 Patricia Stange(2500515) 星期五5-8节 [1-3] 广楼G305
CDH330201,机械设计基础,4,,谢春,01053,,专业基础课,中文,嘉定校区,2024(机械电子工程 51014),0,1,16,谢春(01053) 星期一3-4节 [1-16] 广楼G307 谢春(01053) 星期三3-4节 [1-16] 广楼G307
CDH350101,产品设计方法学,2,,王玉,05022,,专业选修课,中文,嘉定校区,2024(机械电子工程 51014),0,1,16,王玉(05022) 星期三3-4节 [1-16] 不排教室
CDH450901,电子商务,4,,刘义理,99020,,专业选修课,英语,嘉定校区,"2023(物流管理(中德班) 01904),2023(机械电子工程 51014)",0,1,16,刘义理(99020) 星期三5-6节 [1-16] 广楼G207 刘义理(99020) 星期五3-4节 [1-16] 广楼G207
CDH451801,有限元方法,5,,王玉,05022,,专业选修课,中文,嘉定校区,2023(机械电子工程 51014),0,1,16,王玉(05022) 星期一5-6节 [1-16] 不排教室 王玉(05022) 星期三5-7节 [1-16] 不排教室
CDH353901,燃气技术,2,,Hans Messerschmid,1801056,null,专业必修课,德语,嘉定校区,2024(建筑电气与智能化 51034),0,5,6,Hans Messerschmid(1801056) 星期一5-8节 [5-6] 诚楼C409 Hans Messerschmid(1801056) 星期四5-8节 [5-6] 诚楼C409 Hans Messerschmid(1801056) 星期五5-8节 [5-6] 诚楼C409 Hans Messerschmid(1801056) 星期六3-6节 [5-6] 诚楼C409
CDH354001,消防,2,,Matthias Thuro,2500511,null,专业必修课,德语,嘉定校区,2024(建筑电气与智能化 51034),0,9,10,Matthias Thuro(2500511) 星期一5-8节 [9-10] 诚楼C409 Matthias Thuro(2500511) 星期四5-8节 [9-10] 诚楼C409 Matthias Thuro(2500511) 星期五5-8节 [9-10] 诚楼C409 Matthias Thuro(2500511) 星期六3-6节 [9-10] 诚楼C409
CDH340601,车身,2,,陈君毅,10029,,专业必修课,中文,嘉定校区,2024(汽车服务工程 51024),0,1,16,陈君毅(10029) 星期二3-4节 [1-16] 诚楼C402
CDH450101,精益管理,4,,尤筱玥,19069,,专业选修课,英语,嘉定校区,"2023(物流管理(中德班) 01904),2023(机械电子工程 51014),2023(汽车服务工程 51024)",0,1,16,尤筱玥(19069) 星期一7-8节 [1-16] 广楼G207 尤筱玥(19069) 星期三7-8节 [1-16] 广楼G207
CDH450201,制造系统控制设计与实践,3,,谢楠,09060,,专业选修课,英语,嘉定校区,2023(机械电子工程 51014),0,1,16,谢楠(09060) 星期二3-4节 [1-16] 济事楼242 谢楠(09060) 星期五1-2节 [2-16双] 济事楼242
CDH450202,制造系统控制设计与实践,3,,刘晋飞,14165,,专业选修课,英语,嘉定校区,2023(汽车服务工程 51024),0,1,16,刘晋飞(14165) 星期二3-4节 [1-16] 安楼A302 刘晋飞(14165) 星期五1-2节 [1-15单] 安楼A302
CDH354101,制冷技术,2,,范蕊,06096,,专业必修课,中文,嘉定校区,2024(建筑电气与智能化 51034),0,1,16,范蕊(06096) 星期五3-4节 [1-16] 诚楼C411
CDH353701,计算机辅助设施管理,2,,GerhardFetzer,1400400,null,专业必修课,德语,嘉定校区,2024(建筑电气与智能化 51034),0,7,8,GerhardFetzer(1400400) 星期一5-8节 [7-8] 诚楼C411 GerhardFetzer(1400400) 星期四5-8节 [7-8] 诚楼C411 GerhardFetzer(1400400) 星期五5-8节 [7-8] 诚楼C411 GerhardFetzer(1400400) 星期六3-6节 [7-8] 诚楼C411
CDH451101,经济管理工作方法,2,,尤筱玥,19069,,专业选修课,中文,嘉定校区,2024(机械电子工程 51014),0,1,16,尤筱玥(19069) 星期二3-4节 [1-16] 安楼A202
CDH351901,生产与物流,4,,周春燕,02151,,专业基础课,中文,嘉定校区,2024(机械电子工程 51014),0,1,16,周春燕(02151) 星期一9-10节 [1-16] 诚楼C410B 周春燕(02151) 星期三5-6节 [1-16] 诚楼C410B
CDH451001,战略决策实例分析,4,,冯英华,05156,,专业选修课,英语,嘉定校区,2023(物流管理(中德班) 01904),0,1,16,冯英华(05156) 星期二3-4节 [1-16] 广楼G107 冯英华(05156) 星期四3-4节 [1-16] 广楼G107
CDH451301,经营管理实例分析,4,,"俞鹰,王奕俊","04082,04213",",",专业选修课,英语,嘉定校区,2023(物流管理(中德班) 01904),0,1,16,俞鹰(04082) 星期一5-6节 [1-16] 博楼B310 王奕俊(04213) 星期五1-2节 [1-16] 博楼B310
CDH453001,机器人概论,3,,郭为安,14015,,专业选修课,英语,嘉定校区,2023(汽车服务工程 51024),0,1,16,郭为安(14015) 星期三9-11节 [1-16] 济事楼126
CDH450301,绿色制造,2,,王路炯,00020,,专业选修课,英语,嘉定校区,"2023(物流管理(中德班) 01904),2023(机械电子工程 51014),2023(汽车服务工程 51024)",0,1,16,王路炯(00020) 星期三1-2节 [1-16] 复楼F102
CDH451401,企业文化,2,,郑建萍,97064,,专业选修课,德语,嘉定校区,2023(物流管理(中德班) 01904),0,1,16,郑建萍(97064) 星期四1-2节 [1-16] 博楼B103
CDH340101,网络与工业通讯,4,,谢楠,09060,,专业必修课,中文,嘉定校区,2024(机械电子工程 51014),0,1,16,谢楠(09060) 星期一5-6节 [1-16] 广楼G307 谢楠(09060) 星期五3-4节 [1-16] 广楼G307
CDH452901,Matlab在工程设计中的应用,2,,郭为安,14015,,专业选修课,英语,嘉定校区,2023(汽车服务工程 51024),0,1,16,郭为安(14015) 星期一5-6节 [1-16] 济事楼126
CDH450601,供应链与物流管理,4,,赵晋,13185,,专业选修课,英语,嘉定校区,"2023(物流管理(中德班) 01904),2023(机械电子工程 51014)",0,1,16,赵晋(13185) 星期三3-4节 [1-16] 安楼A404 赵晋(13185) 星期五5-6节 [1-16] 安楼A404
CDH350701,经济建模与应用技能,2,,冯晓,05992,,专业选修课,中文,嘉定校区,2024(机械电子工程 51014),0,1,16,冯晓(05992) 星期一7-8节 [1-16] 安楼A302
CDH341601,建筑智能化技术,3,,张永明,14152,,专业必修课,中文,嘉定校区,2024(建筑电气与智能化 51034),0,1,16,张永明(14152) 星期一3-4节 [1-16] 诚楼C413 张永明(14152) 星期三3-4节 [2-16双] 诚楼C413
CDH452801,汽车服务产品,3,,"郭为安,李东洋","14015,24134",",",专业选修课,英语,嘉定校区,2023(汽车服务工程 51024),0,1,16,郭为安(14015) 星期一3-4节 [1-8] 济事楼126 李东洋(24134) 星期一3-4节 [9-16] 济事楼126 李东洋(24134) 星期五3-4节 [10-16双] 济事楼126 郭为安(14015) 星期五3-4节 [2-8双] 济事楼126
CDH331201,机械设计基础,3,,刘晋飞,14165,,专业基础课,中文,嘉定校区,2024(汽车服务工程 51024),0,1,16,刘晋飞(14165) 星期一9-11节 [1-16] 安楼A302
CDH453301,智能车辆服务,3,,顾剑峰,02090,,专业选修课,德语,嘉定校区,2023(汽车服务工程 51024),0,1,16,顾剑峰(02090) 星期三5-6节 [1-16] 安楼A407 顾剑峰(02090) 星期五1-2节 [2-16双] 安楼A407
CDH455401,项目开发与管理,2,,尤筱玥,19069,,专业选修课,中文,嘉定校区,2023(建筑电气与智能化 51034),0,1,16,尤筱玥(19069) 星期一5-6节 [1-16] 诚楼C413
CDH352401,执行器与传感器,4,,"BoYuan,Ulrich Grau","1400395,2500516","null,",专业必修课,德语,嘉定校区,2024(汽车服务工程 51024),0,1,6,BoYuan(1400395) 星期一5-8节 [1-2] 博楼B402 Ulrich Grau(2500516) 星期一5-8节 [5-6] 博楼B402 BoYuan(1400395) 星期三3-8节 [1-2] 博楼B402 Ulrich Grau(2500516) 星期三3-8节 [5-6] 博楼B402 Ulrich Grau(2500516) 星期五3-8节 [5-6] 博楼B402 BoYuan(1400395) 星期五3-8节 [1-2] 博楼B402
,驱动技术,4,,石秀勇,10006,,专业必修课,中文,嘉定校区,2024(汽车服务工程 51024),0,1,16,石秀勇(10006) 星期四3-4节 [1-16] 安楼A110 石秀勇(10006) 星期五1-2节 [1-16] 安楼A110
CDH352001,工厂计划与人因工程,2,,Jürgen Mallon,2300095,null,专业选修课,德语,嘉定校区,2024(机械电子工程 51014),0,7,8,Jürgen Mallon(2300095) 星期四7-10节 [7-8] 诚楼C409 Jürgen Mallon(2300095) 星期五5-10节 [7-8] 诚楼C409 Jürgen Mallon(2300095) 星期六1-6节 [7-8] 诚楼C409
CDH351301,电机拖动技术,3,,PeterDittrich,1400422,null,专业选修课,德语,嘉定校区,2024(机械电子工程 51014),0,9,11,PeterDittrich(1400422) 星期一7-10节 [9-11] 安楼A210 PeterDittrich(1400422) 星期三5-8节 [9-11] 安楼A210 PeterDittrich(1400422) 星期四7-10节 [9-11] 安楼A210 PeterDittrich(1400422) 星期五5-8节 [9-11] 安楼A210
CDH450501,中国经济与历史文化,4,,"冯英华,冯晓","05156,05992",",",专业选修课,双语(其他),嘉定校区,"2023(物流管理(中德班) 01904),2023(机械电子工程 51014),2023(汽车服务工程 51024),2023(建筑电气与智能化 51034)",0,1,16,冯晓(05992) 星期一9-10节 [1-16] 广楼G207 冯英华(05156) 星期二1-2节 [1-16] 广楼G207
CDH453101,汽车服务工程与诊断技术（II）,3,,孟庆雨,89518,,专业选修课,中文,嘉定校区,2023(汽车服务工程 51024),0,1,16,孟庆雨(89518) 星期三3-4节 [1-16] 诚楼C409 孟庆雨(89518) 星期五3-4节 [1-15单] 诚楼C409
CDH353801,**建筑能源经济分析,2,,Adrian Gebhard,2300094,null,专业必修课,德语,嘉定校区,2024(建筑电气与智能化 51034),0,1,2,Adrian Gebhard(2300094) 星期一5-8节 [1-2] 诚楼C409 Adrian Gebhard(2300094) 星期四5-8节 [1-2] 诚楼C409 Adrian Gebhard(2300094) 星期五5-8节 [1-2] 诚楼C409 Adrian Gebhard(2300094) 星期六3-6节 [1-2] 诚楼C409
CDH460301,机械电子项目创新设计与劳动实践,8,,"谢楠,刘晋飞","09060,14165",",",实践环节课程,英语,嘉定校区,2023(机械电子工程 51014),0,1,16,"谢楠(09060),刘晋飞(14165) 星期四1-8节 [1-16] 济事楼专业实验室"
,专业综合实验与创新、劳动实践,6,,张永明,14152,,专业选修课,英语,嘉定校区,2023(建筑电气与智能化 51034),0,1,16,张永明(14152) 星期四3-8节 [1-16] 济事楼209
CDH453201,项目开发与管理及劳动实践,8,,"顾剑峰,靳文瑞,郭为安,李东洋,Markus Schmid,孟庆雨","02090,09062,14015,24134,2500517,89518",",,,,,",专业选修课,英语,嘉定校区,2023(汽车服务工程 51024),0,1,16,"顾剑峰(02090),李东洋(24134),Markus Schmid(2500517),孟庆雨(89518) 星期四3-4节 [1-16] 济事楼专业实验室 顾剑峰(02090),郭为安(14015),李东洋(24134),Markus Schmid(2500517),孟庆雨(89518) 星期四5-6节 [1-16] 济事楼专业实验室 顾剑峰(02090),靳文瑞(09062),郭为安(14015),李东洋(24134),Markus Schmid(2500517),孟庆雨(89518) 星期四7-10节 [1-16] 济事楼专业实验室"
建筑与城市规划学院,,,,,,,,,,,,,,
,,,,,,,,,,,,,,
CAU000401,虚拟现实系统及应用,2,,臧伟,91664,,工程能力与创新思维,中文,四平路校区,,0,1,12,臧伟(91664) 星期四7-8节 [1-12] 文401
CAU000601,篆刻艺术,3,,刘辉,93428,,人文经典与审美素养,中文,四平路校区,,0,1,16,刘辉(93428) 星期三5-7节 [1-16] 学院专教-B楼410、412
CAU450101,旧建筑再生设计策略,2,,左琰,91129,,专业选修课,中文,四平路校区,"2023(城市设计 02003),2023(建筑学 02015),2023(城市设计(卓越班) 02025),2023(历史建筑保护工程 02084),2023(风景园林 02094),2023(城乡规划(四) 02096),2023(建筑学(四) 02114),2023(建筑学(精英班) 09031)",0,1,16,左琰(91129) 星期三7-8节 [1-16] 北109
CAU000701,纸居艺术设计,3,,张雪伟,07074,,人文经典与审美素养,中文,四平路校区,,0,1,16,张雪伟(07074) 星期四9-11节 [1-16] 学院专教-城规学院D楼一楼陶艺室
CAU240201,城市阅读,2,,"陈泳,刘刚,黄璜,尹杰,伍江","03026,10052,21025,21071,86044","教授,,助理教授（长聘体系）,预聘副教授,教授",专业必修课,中文,四平路校区,"2025(城市设计 02003),2025(建筑学 02015),2025(城乡规划 02036),2025(历史建筑保护工程 02084),2025(风景园林 02094),2025(风景园林(精英班) 09034)",0,1,16,尹杰(21071) 星期三5-6节 [7] 文106 刘刚(10052) 星期三5-6节 [2-6 9-11 13-14] 文106 黄璜(21025) 星期三5-6节 [8] 文106 陈泳(03026) 星期三5-6节 [12] 文106 伍江(86044) 星期三5-6节 [1 15-16] 文106
CAU350101,景观游憩学,2,,"彭婉婷,吴承照","22227,97017",",",专业选修课,中文,四平路校区,"2024(城市设计 02003),2024(建筑学 02015),2024(历史建筑保护工程 02084),2024(风景园林 02094),2025(风景园林(二学位) 02016)",0,1,16,吴承照(97017) 星期一3-4节 [1-8 13-16] 北308 彭婉婷(22227) 星期一3-4节 [9-12] 北308
CAU250302,电脑应用基础,2,,王祥,21022,,专业选修课,中文,四平路校区,"2024(建筑类(复合型创新人才实验班) 02009),2025(城市设计 02003),2025(领军人才班(智能规划与再生建筑) 02014),2025(建筑学 02015),2025(城乡规划 02036),2025(历史建筑保护工程 02084),2025(风景园林 02094),2025(风景园林(精英班) 09034)",0,1,16,王祥(21022) 星期二1-2节 [1-16] 学院专教-D楼大机房
CAU460201,设计院实习(五年制本科),16,,黄子硕,18009,,实践环节课程,中文,四平路校区,2022(建筑学 02015),0,1,16,黄子硕(18009) 星期六1-8节 [1-16] 学院专教 黄子硕(18009) 星期日1-8节 [1-16] 学院专教
CAU340202,保护技术,2,,"张鹏,赵沫沙,卢文胜,汤众","05149,22218,91037,96501",",助理教授（长聘体系）,教授,高级工程师",专业必修课,中文,四平路校区,"2023(建筑类(复合型创新人才实验班) 02009),2024(城市设计 02003),2024(建筑学 02015),2024(历史建筑保护工程 02084),2025(建筑学(二学位) 02098)",0,1,16,汤众(96501) 星期四5-6节 [2] 北420 赵沫沙(22218) 星期四5-6节 [11] 北420 张鹏(05149) 星期四5-6节 [1-3单 4-6 8-12双 13-16] 北420 卢文胜(91037) 星期四5-6节 [7-9单] 北420
CAU330101,城市分析方法,2,,"朱玮,沈尧,晏龙旭,曹哲静,王德","10112,18093,21024,21166,98033",",副教授,,,长聘教授",专业基础课,中文,四平路校区,"2024(城市设计 02003),2024(建筑学 02015),2024(城市设计(卓越班) 02025),2024(历史建筑保护工程 02084),2024(风景园林 02094),2025(领军人才班(智能规划与再生建筑) 02014),2025(城乡规划(法学双学士学位) 02017),2025(城乡规划 02036)",0,1,16,沈尧(18093) 星期一5-6节 [11] 北420 王德(98033) 星期一5-6节 [9] 北420 晏龙旭(21024) 星期一5-6节 [12-14] 北420 朱玮(10112) 星期一5-6节 [1-8 10] 北420 曹哲静(21166) 星期一5-6节 [15-16] 北420
CAU340301,城乡规划原理（A）,2,,"赵蔚,尹杰,于一凡,田宝江","05125,21071,96016,98055",",,,",专业基础课,中文,四平路校区,"2024(建筑类(复合型创新人才实验班) 02009),2024(城市设计(卓越班) 02025),2025(城乡规划(法学双学士学位) 02017),2025(城乡规划 02036)",0,1,16,于一凡(96016) 星期五5-6节 [1-2 5-9 16] 北208 尹杰(21071) 星期五5-6节 [13-15] 北208 赵蔚(05125) 星期五5-6节 [10-12] 北208 田宝江(98055) 星期五5-6节 [3-4] 北208
CAU440101,城乡规划原理（D）,2,,"黄建中,邵甬,陈晨,颜文涛,李凌月,沈尧,周俭,彭震伟,杨贵庆,钮心毅,黄怡,卓健,王德,张尚武,耿慧志","03213,05001,15166,17022,17117,18093,87105,89045,91045,93174,96019,96030,98033,98062,99025","教授,教授,长聘教授,教授,,副教授,教授,教授,教授,教授,教授,教授,长聘教授,长聘教授,教授",专业必修课,中文,四平路校区,"2023(城市设计(卓越班) 02025),2023(城乡规划(四) 02096)",0,1,16,黄建中(03213) 星期一7-8节 [16] 北307 颜文涛(17022) 星期一7-8节 [11] 北307 周俭(87105) 星期一7-8节 [10] 北307 邵甬(05001) 星期一7-8节 [7] 北307 沈尧(18093) 星期一7-8节 [14] 北307 杨贵庆(91045) 星期一7-8节 [15] 北307 张尚武(98062) 星期一7-8节 [2] 北307 王德(98033) 星期一7-8节 [3] 北307 钮心毅(93174) 星期一7-8节 [9] 北307 卓健(96030) 星期一7-8节 [8] 北307 李凌月(17117) 星期一7-8节 [4 13] 北307 陈晨(15166) 星期一7-8节 [12] 北307 彭震伟(89045) 星期一7-8节 [1] 北307 耿慧志(99025) 星期一7-8节 [6] 北307 黄怡(96019) 星期一7-8节 [5] 北307
CAU340601,城市工程系统与综合防灾（1）,2,,"赫磊,高晓昱","16516,93176",",",专业必修课,中文,四平路校区,2024(城市设计(卓越班) 02025),0,1,16,高晓昱(93176) 星期一3-4节 [1-14] 北305 赫磊(16516) 星期一3-4节 [15-16] 北305
CAU440301,乡村规划设计,2,,"朱玮,程遥,陈晨,刘骝,晏龙旭,黄璜,唐伟成,曹湛,刘伯初,张泽,张皓,刘翔,单路,杨婷,钮心毅,高晓昱,陆希刚,刘冰,张尚武","10112,15156,15166,21013,21024,21025,21161,22026,23135,23175,24188,24197,25036,25124,93174,93176,95503,97108,98062","副教授,副教授,长聘教授,预聘副教授,预聘副教授,助理教授（长聘体系）,,助理教授（长聘体系）,助理教授（长聘体系）,助理教授（长聘体系）,助理教授（长聘体系）,助理教授（长聘体系）,助理教授（长聘体系）,预聘副教授,教授,讲师,副教授,教授,长聘教授",专业必修课,中文,四平路校区,"2023(城市设计(卓越班) 02025),2023(城乡规划(四) 02096),2025(城乡规划(二学位) 02099)",0,1,16,"朱玮(10112),程遥(15156),陈晨(15166),刘骝(21013),晏龙旭(21024),黄璜(21025),唐伟成(21161),曹湛(22026),刘伯初(23135),张泽(23175),张皓(24188),刘翔(24197),单路(25036),杨婷(25124),钮心毅(93174),高晓昱(93176),陆希刚(95503),刘冰(97108),张尚武(98062) 星期二1-2节 [1-16] 学院教室D310\312\301\303\305"
CAU440401,城市历史遗产保护,2,,"邵甬,杨辰,王骏","05001,13084,98088",",,",专业必修课,中文,四平路校区,"2023(城市设计 02003),2023(建筑学 02015),2023(城市设计(卓越班) 02025),2023(历史建筑保护工程 02084),2023(风景园林 02094),2023(城乡规划(四) 02096),2023(建筑学(四) 02114),2025(城乡规划(二学位) 02099)",0,1,16,杨辰(13084) 星期四3-4节 [8-9 11-16] 南208 邵甬(05001) 星期四3-4节 [10] 南208 王骏(98088) 星期四3-4节 [1-7] 南208
CAU350301,建筑专业英语,2,,金倩,13168,,专业选修课,英语,四平路校区,"2024(建筑学 02015),2024(城市设计(卓越班) 02025),2024(历史建筑保护工程 02084)",0,1,16,金倩(13168) 星期三3-4节 [1-16] 南108
CAU350401,虚拟现实系统及应用,2,,臧伟,91664,,专业选修课,中文,四平路校区,"2023(建筑类(复合型创新人才实验班) 02009),2024(城市设计 02003),2024(建筑学 02015),2024(城市设计(卓越班) 02025),2024(历史建筑保护工程 02084),2024(风景园林 02094),2025(建筑学(二学位) 02098)",0,1,16,臧伟(91664) 星期四5-6节 [1-16] 文401
CAU450201,日光与建筑,2,,"郝洛西,吴宇杰","01122,22220",",",专业选修课,中文,四平路校区,"2023(城市设计 02003),2023(建筑学 02015),2023(历史建筑保护工程 02084),2023(建筑学(四) 02114),2023(建筑学(精英班) 09031)",0,1,16,郝洛西(01122) 星期三5-6节 [1-9] 北107 吴宇杰(22220) 星期三5-6节 [10-16] 北107
CAU000901,绿色建筑,2,,"叶海,庄智","00010,11130",",",工程能力与创新思维,中文,四平路校区,,0,1,12,叶海(00010) 星期三9-10节 [2-3 7-9] 南205 庄智(11130) 星期三9-10节 [1 4-6 10-12] 南205
CAU330201,环境与建筑设计原理,2,,扈龑喆,10043,,专业基础课,中文,四平路校区,"2024(建筑学 02015),2024(历史建筑保护工程 02084),2024(风景园林 02094),2025(建筑学(二学位) 02098)",0,1,16,扈龑喆(10043) 星期一5-6节 [1-16] 学院专教-钟庭报告厅
CAU450301,中国当代城市规划与设计专题研讨,2,,Arie Willem Den Hartog,13866,,专业选修课,英语,四平路校区,"2023(城市设计 02003),2023(建筑学 02015),2023(历史建筑保护工程 02084),2023(风景园林 02094),2023(建筑学(四) 02114),2023(建筑学(精英班) 09031),2024(城市设计(卓越班) 02025),2025(建筑学(国际班) 02002),2025(城市设计(二学位) 02005)",0,1,16,Arie Willem Den Hartog(13866) 星期五3-4节 [1-16] 南418
CAU250601,现代生命科学与人居环境,2,,陈静,11127,,专业选修课,英语,四平路校区,"2025(建筑学(国际班) 02002),2025(城市设计 02003),2025(建筑学 02015),2025(风景园林(二学位) 02016),2025(城乡规划 02036),2025(历史建筑保护工程 02084),2025(风景园林 02094),2025(风景园林(精英班) 09034)",0,1,16,陈静(11127) 星期四3-4节 [1-16] 北305
CAU330401,房屋建筑学,2,,胡向磊,05144,,专业基础课,中文,四平路校区,"2024(土木工程 03014),2024(土木工程(数学与应用数学双学士学位) 03065),2024(土木工程(法学双学士学位) 03067),2025(土木工程(二学位) 03068)",0,1,16,胡向磊(05144) 星期三7-8节 [1-16] 南410
CAU330402,房屋建筑学,2,,孟刚,94038,,专业基础课,中文,四平路校区,"2024(土木工程 03014),2024(土木工程(数学与应用数学双学士学位) 03065),2024(土木工程(法学双学士学位) 03067),2025(土木工程(二学位) 03068)",0,1,16,孟刚(94038) 星期三7-8节 [1-16] 南315
CAU330403,房屋建筑学,2,,林怡,01018,,专业基础课,中文,四平路校区,"2024(土木工程 03014),2024(土木工程(数学与应用数学双学士学位) 03065),2024(土木工程(法学双学士学位) 03067),2025(土木工程(二学位) 03068)",0,1,16,林怡(01018) 星期三7-8节 [1-16] 南312
CAU120201,文献阅读与写作,4,,"华霞虹,刘刊","07211,15141",",",专业选修课,英语,四平路校区,"2025(城市设计 02003),2025(建筑学 02015),2025(城乡规划 02036),2025(历史建筑保护工程 02084),2025(风景园林 02094),2025(风景园林(精英班) 09034)",0,1,16,华霞虹(07211) 星期五1-4节 [1-5 7 10-12 14-16] 南407 刘刊(15141) 星期五1-4节 [6-8双 9 13] 南407
CAU240301,建筑史,2,,"李浈,周鸣浩","00061,11162",",",专业必修课,中文,四平路校区,"2025(城市设计 02003),2025(建筑学 02015),2025(历史建筑保护工程 02084),2025(建筑学(精英班) 09031),2025(历史建筑保护工程(精英班) 09032)",0,1,16,周鸣浩(11162) 星期三7-8节 [9-16] 北216 李浈(00061) 星期三7-8节 [1-8] 北216
CAU230401,城市阅读（英）,2,,王一名,21021,,专业基础课,英语,四平路校区,2025(建筑学(国际班) 02002),0,1,16,王一名(21021) 星期六9-10节 [1-16] 不安排教室
CAU001301,中西艺术比较(双语),2,,胡炜,98723,,社会发展与国际视野,中英,四平路校区,,0,1,12,胡炜(98723) 星期四9-10节 [1-12] 北410
CAU350701,当代大型公共建筑综述（英）,2,,王桢栋,08037,,专业选修课,英语,四平路校区,"2023(城市设计 02003),2023(建筑学 02015),2023(城市设计(卓越班) 02025),2023(历史建筑保护工程 02084),2023(城乡规划(四) 02096),2023(建筑学(四) 02114),2023(建筑学(精英班) 09031),2024(建筑学 02015),2024(历史建筑保护工程 02084),2025(建筑学(国际班) 02002)",0,1,16,王桢栋(08037) 星期三9-10节 [1-16] 文106
CAU001501,当代影像艺术实践与解析,2,,于幸泽,13191,,人文经典与审美素养,中文,四平路校区,,0,1,12,于幸泽(13191) 星期三7-8节 [1-12] 南210
CAU450401,数字化遗产景观（英）,1,,杨晨,15068,,专业选修课,英语,四平路校区,"2023(建筑学(国际班) 02002),2023(建筑类(复合型创新人才实验班) 02009),2023(城市设计(卓越班) 02025),2023(风景园林 02094),2023(城乡规划(四) 02096),2025(风景园林(二学位) 02016)",0,1,8,杨晨(15068) 星期一3-4节 [1-8] 北319
CAU001601,素描与写生,3,,徐油画,93502,,人文经典与审美素养,中文,四平路校区,,0,1,16,徐油画(93502) 星期三5-7节 [1-16] 学院专教-B楼四楼美术教室
CAU001801,虚拟体验与自主学习,2,,赵铭超,14111,,科学探索与生命关怀,中文,四平路校区,,0,1,12,赵铭超(14111) 星期四9-10节 [1-12] D楼小机房
CAU001902,东西方艺术史·城乡规划综合体,2,,邵陆,05047,,人文经典与审美素养,中文,嘉定校区,,0,1,12,邵陆(05047) 星期四7-8节 [1-12] 博楼B213
CAU002002,中国56民族建筑·永生地域计划,2,,邵陆,05047,,工程能力与创新思维,中文,嘉定校区,,0,1,12,邵陆(05047) 星期一7-8节 [1-12] 安楼A309
CAU130201,艺术造型（1）,3,,"吴茜,于幸泽,刘辉,徐油画","09123,13191,93428,93502",",,,",公共基础课,中文,四平路校区,"2025(建筑学(精英班) 09031),2025(历史建筑保护工程(精英班) 09032),2025(城乡规划(精英班) 09033),2025(风景园林(精英班) 09034)",0,1,16,"吴茜(09123),于幸泽(13191),刘辉(93428),徐油画(93502) 星期三1-3节 [1-16] 城规学院B楼四楼美术教室"
CAU360201,历史环境实录,2,,"张鹏,王红军","05149,09155",",",实践环节课程,中文,四平路校区,2023(历史建筑保护工程 02084),0,1,16,"张鹏(05149),王红军(09155) 星期一7-8节 [1-16] 学院专教-D302"
CAU230501,建筑设计概论,2,,"李彦伯,戚广平","14022,96032",",",专业基础课,中文,四平路校区,"2024(未来技术班(智慧空间) 09050),2025(领军人才班(智能规划与再生建筑) 02014),2025(建筑学 02015),2025(城乡规划(法学双学士学位) 02017),2025(历史建筑保护工程 02084)",0,1,16,李彦伯(14022) 星期五3-4节 [1-8] 学院专教-B108 戚广平(96032) 星期五3-4节 [9-16] 学院专教-B108
CAU230502,建筑设计概论,2,,"陈洁,俞泳","22211,99078",",",专业基础课,英语,四平路校区,2025(建筑学(国际班) 02002),0,1,16,陈洁(22211) 星期四3-4节 [1-8] 学院专教-B108 俞泳(99078) 星期四3-4节 [9-16] 学院专教-B108
CAU130401,设计基础Ⅰ,4,,李彦伯,14022,,专业基础课,中文,四平路校区,"2025(建筑学(精英班) 09031),2025(历史建筑保护工程(精英班) 09032),2025(城乡规划(精英班) 09033)",0,1,16,李彦伯(14022) 星期四1-4节 [1-16] 学院专教
CAU230601,设计基础Ⅲ,4,,"杨峰,钱晨","10103,24118","副教授,助理教授（长聘体系）",专业基础课,中文,四平路校区,"2025(领军人才班(智能规划与再生建筑) 02014),2025(建筑学 02015)",0,1,16,"杨峰(10103),钱晨(24118) 星期四5-8节 [1-16] 学院专教-B205"
CAU230602,设计基础Ⅲ,4,,"陈镌,戚广平","04036,96032","副教授,副教授",专业基础课,中文,四平路校区,"2025(领军人才班(智能规划与再生建筑) 02014),2025(建筑学 02015)",0,1,16,"陈镌(04036),戚广平(96032) 星期四5-8节 [1-16] 学院专教-B207"
CAU230603,设计基础Ⅲ,4,,"赵群,孟刚","05110,94038","副教授,副教授",专业基础课,中文,四平路校区,"2025(领军人才班(智能规划与再生建筑) 02014),2025(建筑学 02015)",0,1,16,"赵群(05110),孟刚(94038) 星期四5-8节 [1-16] 学院专教-B209"
CAU230604,设计基础Ⅲ,4,,周易知,18132,助理教授（原有体系）,专业基础课,中文,四平路校区,"2025(领军人才班(智能规划与再生建筑) 02014),2025(历史建筑保护工程 02084)",0,1,16,周易知(18132) 星期四5-8节 [1-16] 学院专教-B206
CAU230605,设计基础Ⅲ,4,,"朱宇晖,张雪伟,董笑笑","04074,07074,25067","副教授,讲师,助理教授（长聘体系）",专业基础课,中文,四平路校区,"2025(领军人才班(智能规划与再生建筑) 02014),2025(城乡规划(法学双学士学位) 02017),2025(城乡规划 02036)",0,1,16,"朱宇晖(04074),张雪伟(07074),董笑笑(25067) 星期四5-8节 [1-16] 学院专教-D415"
CAU230606,设计基础Ⅲ,4,,"周宏俊,邵钰涵,云嘉燕","13152,17124,23078","副教授,副教授,助理教授（长聘体系）",专业基础课,中文,四平路校区,"2025(领军人才班(智能规划与再生建筑) 02014),2025(风景园林 02094),2025(风景园林(精英班) 09034)",0,1,16,"周宏俊(13152),邵钰涵(17124),云嘉燕(23078) 星期四5-8节 [1-16] 学院专教-D403"
CAU230607,设计基础Ⅲ,4,,"王一名,俞泳","21021,99078","助理教授（长聘体系）,",专业基础课,英语,四平路校区,2025(建筑学(国际班) 02002),0,1,16,"王一名(21021),俞泳(99078) 星期四5-8节 [1-16] 学院专教-C203"
CAU230608,设计基础Ⅲ,4,,李彦伯,14022,副教授,专业基础课,英语,四平路校区,2025(建筑学(国际班) 02002),0,1,16,李彦伯(14022) 星期四5-8节 [1-16] 学院专教-C205
CAU230609,设计基础Ⅲ,4,,莫万莉,22217,,专业基础课,英语,四平路校区,2025(建筑学(国际班) 02002),0,1,16,莫万莉(22217) 星期四5-8节 [1-16] 学院专教-C207
CAU341101,城市道路与交通（1）,2,,汤宇卿,97127,,专业必修课,中文,四平路校区,"2023(城市设计 02003),2023(建筑类(复合型创新人才实验班) 02009),2023(建筑学 02015),2023(历史建筑保护工程 02084),2023(风景园林 02094),2023(建筑学(四) 02114),2024(城市设计(卓越班) 02025),2025(城乡规划(法学双学士学位) 02017),2025(城乡规划 02036)",0,1,16,汤宇卿(97127) 星期四9-10节 [1-16] 南208
CAU341201,详细规划设计（1）,8,,"黄建中,赵蔚,张立,杨辰,沈尧,尹杰,戴晓晖,黄怡,王骏","03213,05125,10080,13084,18093,21071,92183,96019,98088","教授,,副教授,副教授,副教授,预聘副教授,讲师,教授,副教授",专业必修课,中文,四平路校区,2024(城市设计(卓越班) 02025),0,1,16,"黄建中(03213),赵蔚(05125),张立(10080),杨辰(13084),沈尧(18093),尹杰(21071),戴晓晖(92183),黄怡(96019),王骏(98088) 星期二1-4节 [1-16] 学院教室D409\411\407\417 黄建中(03213),赵蔚(05125),张立(10080),杨辰(13084),沈尧(18093),尹杰(21071),戴晓晖(92183),黄怡(96019),王骏(98088) 星期五1-4节 [1-16] 学院教室D409\411\407\417"
CAU450501,城市模拟与规划（1）,1,,朱玮,10112,,专业选修课,中文,四平路校区,"2023(城市设计(卓越班) 02025),2025(城乡规划(二学位) 02099)",0,1,8,朱玮(10112) 星期三7-8节 [1-8] D楼小机房
CAU450601,城市模拟与规划（2）,1,,朱玮,10112,,专业选修课,中文,四平路校区,"2023(城市设计(卓越班) 02025),2025(城乡规划(二学位) 02099)",0,9,16,朱玮(10112) 星期三7-8节 [9-16] D楼小机房
CAU230801,景观学概论,1,,周宏俊,13152,,专业基础课,中文,四平路校区,"2025(城市设计 02003),2025(建筑学 02015),2025(城乡规划 02036),2025(历史建筑保护工程 02084),2025(风景园林 02094),2025(风景园林(精英班) 09034)",0,1,8,周宏俊(13152) 星期五3-4节 [1-8] 南408
CAU341501,景观设计,8,,"刘悦来,沈洁","05224,15011","副教授,",专业必修课,中文,四平路校区,"2024(风景园林 02094),2025(风景园林(二学位) 02016)",0,1,16,"刘悦来(05224),沈洁(15011) 星期二1-4节 [1-16] 学院教室D403 刘悦来(05224),沈洁(15011) 星期五1-4节 [1-16] 学院教室D403"
CAU440701,景观总体规划,8,,"张琳,许晓青,申佳可,王方邑","04121,17116,24069,24195","副教授,,预聘副教授,助理教授（长聘体系）",专业必修课,中文,四平路校区,2023(风景园林 02094),0,1,16,"张琳(04121),许晓青(17116),申佳可(24069),王方邑(24195) 星期二1-4节 [1-16] 学院教室B403\405 张琳(04121),许晓青(17116),申佳可(24069),王方邑(24195) 星期五1-4节 [1-16] 学院教室B403\405"
CAU230901,材料与建造（英）,1,,陈镌,04036,,专业基础课,英语,四平路校区,2025(建筑学(国际班) 02002),0,1,8,陈镌(04036) 星期三5-6节 [1-8] 北315
CAU002101,植物文化与古典园林空间,2,,俞泳,99078,,人文经典与审美素养,中文,四平路校区,,0,1,12,俞泳(99078) 星期三9-10节 [1-12] 学院专教-D楼一楼陶艺室
CAU002201,传承与创造：砖木雕的“技”与“艺”,3,,"王珂,田唯佳,卢璐","09124,14167,16112",",,",人文经典与审美素养,中文,四平路校区,,0,1,16,"王珂(09124),田唯佳(14167),卢璐(16112) 星期三5-7节 [1-16] 学院专教-D楼一楼陶艺室"
CAU002301,绿色可持续的城市与建筑创新,2,,孙彤宇,92062,,工程能力与创新思维,中文,四平路校区,,0,1,12,孙彤宇(92062) 星期一9-10节 [1-12] 南413
CAU002601,城市色彩,2,,林怡,01018,,人文经典与审美素养,中文,四平路校区,,0,1,12,林怡(01018) 星期四7-8节 [1-12] 北314
CAU331001,历史建筑保护设计III,6,,"张鹏,王红军","05149,09155",",",专业基础课,中文,四平路校区,2023(历史建筑保护工程 02084),0,1,16,"张鹏(05149),王红军(09155) 星期一5-6节 [1-16] 学院专教-D302 张鹏(05149),王红军(09155) 星期四1-4节 [1-16] 学院专教-D302"
CAU450701,气候响应性设计概论（英）,2,,杨峰,10103,,专业选修课,英语,四平路校区,"2023(建筑学(国际班) 02002),2023(建筑学 02015),2023(城市设计(卓越班) 02025),2023(历史建筑保护工程 02084),2023(风景园林 02094),2023(城乡规划(四) 02096),2023(建筑学(四) 02114),2023(建筑学(精英班) 09031)",0,1,16,杨峰(10103) 星期五3-4节 [1-16] 南310
CAU240501,计算机辅助设计（风景园林）,1,,李宾,24100,,专业基础课,中文,四平路校区,"2025(城市设计 02003),2025(建筑学 02015),2025(城乡规划 02036),2025(历史建筑保护工程 02084),2025(风景园林 02094),2025(风景园林(精英班) 09034)",0,1,8,李宾(24100) 星期三9-10节 [1-8] 学院教室C1
CAU341701,专题设计 I（英）,8,,"Arie Willem Den Hartog,屈张,汪妍泽","13866,20010,22142","讲师,预聘副教授,助理教授（长聘体系）",专业必修课,英语,四平路校区,2024(建筑学(国际班) 02002),0,1,16,"Arie Willem Den Hartog(13866),汪妍泽(22142) 星期一1-4节 [9-16] 学院专教-B212 屈张(20010),汪妍泽(22142) 星期一1-4节 [1-8] 学院专教-B212 Arie Willem Den Hartog(13866),汪妍泽(22142) 星期四5-8节 [9-16] 学院专教-B212 屈张(20010),汪妍泽(22142) 星期四5-8节 [1-8] 学院专教-B212"
CAU341901,建筑构造与结构（英）,2,,"陈镌,金倩","04036,13168",",",专业必修课,英语,四平路校区,2024(建筑学(国际班) 02002),0,1,16,"金倩(13168) 星期三5-6节 [1-8] 南108 陈镌(04036),金倩(13168) 星期三5-6节 [9-16] 南108"
CAU440901,建筑理论与历史 II(英),2,,江嘉玮,21157,,专业必修课,英语,四平路校区,2023(建筑学(国际班) 02002),0,1,16,江嘉玮(21157) 星期三5-6节 [1-16] 北314
CAU450801,自然资源保护与利用,1,,"干靓,颜文涛","05065,17022",",",专业选修课,中文,四平路校区,"2023(城市设计(卓越班) 02025),2023(城乡规划(四) 02096),2025(城乡规划(二学位) 02099)",0,1,8,"颜文涛(17022) 星期三3-4节 [2-3 7] 南205 干靓(05065),颜文涛(17022) 星期三3-4节 [8] 南205 干靓(05065) 星期三3-4节 [1 4-6] 南205"
CAU002801,蜡染与扎染——织物艺术设计（英）,3,,"王珂,田唯佳,卢璐","09124,14167,16112",",,",人文经典与审美素养,中英,四平路校区,,0,1,16,"王珂(09124),田唯佳(14167),卢璐(16112) 星期四5-7节 [1-16] 学院专教-D楼一楼陶艺室"
CAU002901,零基础的住宅和城市设计导论,2,,姚栋,08040,,工程能力与创新思维,中文,四平路校区,,0,1,12,姚栋(08040) 星期一9-10节 [1-12] 北108
CAU231001,城市建筑设计I,4,,"贺永,张灵珠,王志军","09084,20012,86079",",,",专业基础课,中文,四平路校区,"2025(城市设计 02003),2025(城市设计(精英班) 09035)",0,1,16,"贺永(09084),张灵珠(20012),王志军(86079) 星期三5-8节 [1-16] 学院教室B208"
CAU331101,城市设计I,8,,"陈泳,杨春侠,姚栋","03026,05142,08040",",,",专业基础课,中文,四平路校区,"2024(城市设计 02003),2025(城市设计(二学位) 02005)",0,1,16,"陈泳(03026),杨春侠(05142),姚栋(08040) 星期一5-8节 [1-16] 学院教室D401 陈泳(03026),杨春侠(05142),姚栋(08040) 星期四1-4节 [1-16] 学院教室D401"
CAU430201,城市设计专题,8,,"张泽,翁超,孙彤宇","23175,24162,92062",",,",专业基础课,中文,四平路校区,2023(城市设计 02003),0,1,16,"张泽(23175),翁超(24162),孙彤宇(92062) 星期一5-8节 [1-16] 学院教室D315 张泽(23175),翁超(24162),孙彤宇(92062) 星期四5-8节 [1-16] 学院教室D315"
CAU342201,城市与建筑历史,2,,"刘刚,江嘉玮,卢永毅","10052,21157,90104",",,",专业必修课,中文,四平路校区,"2024(城市设计 02003),2025(城市设计(二学位) 02005)",0,1,16,卢永毅(90104) 星期三9-10节 [8] 南412 江嘉玮(21157) 星期三9-10节 [6] 南412 刘刚(10052) 星期三9-10节 [1-5 7-9单 10-16] 南412
CAU441001,建筑与城市法规,2,,"徐洪涛,姚栋,谭峥,李凌月,翁超,耿慧志","00762,08040,15030,17117,24162,99025","副教授,,副教授,副教授,助理教授（长聘体系）,教授",专业必修课,中文,四平路校区,"2023(城市设计 02003),2025(城市设计(二学位) 02005)",0,1,16,"姚栋(08040) 星期三3-4节 [1 4-6双 7-8 12-14双 15-16] 北307 谭峥(15030) 星期三3-4节 [10-11] 北307 姚栋(08040),耿慧志(99025) 星期三3-4节 [13] 北307 耿慧志(99025) 星期三3-4节 [2] 北307 李凌月(17117) 星期三3-4节 [3] 北307 翁超(24162) 星期三3-4节 [9] 北307 徐洪涛(00762) 星期三3-4节 [5] 北307"
CAU430301,专题设计Ⅱ（室内设计）（限室内设计方向）,4,,颜隽,02045,,专业基础课,中文,四平路校区,"2023(建筑学 02015),2023(建筑学(四) 02114)",0,1,16,颜隽(02045) 星期一1-4节 [1-16] 学院专教-C310
CAU441101,专题设计 II（英）,4,,"江嘉玮,翁超","21157,24162",",助理教授（长聘体系）",专业必修课,英语,四平路校区,2023(建筑学(国际班) 02002),0,1,16,"江嘉玮(21157),翁超(24162) 星期四1-4节 [1-16] 学院专教C203"
CAU003801,绿色生活与零能耗建筑,2,,黄子硕,18009,,工程能力与创新思维,中文,四平路校区,,0,1,12,黄子硕(18009) 星期一9-10节 [1-12] 南212
CAU351101,区域和城市空间战略引介（英）,1,,"程遥,沈尧,曹湛,张泽","15156,18093,22026,23175",",副教授,助理教授（长聘体系）,助理教授（长聘体系）",专业选修课,英语,四平路校区,"2024(建筑学(国际班) 02002),2024(城市设计(卓越班) 02025),2025(城乡规划(二学位) 02099)",0,1,8,程遥(15156) 星期三3-4节 [1-4 8] 城规学院B108 张泽(23175) 星期三3-4节 [6] 城规学院B108 沈尧(18093) 星期三3-4节 [5] 城规学院B108 曹湛(22026) 星期三3-4节 [7] 城规学院B108
CAU351201,计算机辅助设计（英）,1,,庞磊,98024,,专业选修课,英语,四平路校区,2024(城市设计(卓越班) 02025),0,1,8,庞磊(98024) 星期四3-4节 [1-8] 北311
CAU450901,城市模型与解释（英）,1,,沈尧,18093,,专业选修课,英语,四平路校区,"2023(城市设计(卓越班) 02025),2023(城乡规划(四) 02096),2025(城乡规划(二学位) 02099)",0,1,8,沈尧(18093) 星期一5-6节 [1-8] 北307
CAU451001,国土空间规划智能规划方法（英）,1,,周新刚,17125,,专业选修课,英语,四平路校区,"2023(城市设计(卓越班) 02025),2023(城乡规划(四) 02096),2025(城乡规划(二学位) 02099)",0,1,8,周新刚(17125) 星期一9-10节 [1-8] 南412
CAU550101,快速城市化进程中的城市可持续交通（英）,1,,刁弥,20135,,专业选修课,英语,四平路校区,"2022(城市设计(卓越班) 02025),2023(建筑学(国际班) 02002),2023(城乡规划(四) 02096)",0,9,16,刁弥(20135) 星期四5-6节 [9-16] 南408
CAU550201,城市住房政策概论（英）,1,,李晴,95501,,专业选修课,英语,四平路校区,"2022(城市设计(卓越班) 02025),2023(建筑学(国际班) 02002),2023(城市设计 02003),2023(建筑学 02015),2023(历史建筑保护工程 02084),2023(风景园林 02094),2023(城乡规划(四) 02096),2023(建筑学(四) 02114),2025(城市设计(二学位) 02005)",0,1,8,李晴(95501) 星期六9-10节 [1-8] 不排教室
CAU004301,文化景观概论,2,,寇怀云,13509,,人文经典与审美素养,中文,四平路校区,,0,1,12,寇怀云(13509) 星期四7-8节 [1-12] 南312
CAU006501,自然保护与公共健康,2,,吴承照,97017,,科学探索与生命关怀,中文,四平路校区,,0,1,12,吴承照(97017) 星期一7-8节 [1-12] 北310
CAU004501,经典住宅赏析,2,,贺永,09084,,人文经典与审美素养,中文,四平路校区,,0,1,12,贺永(09084) 星期一9-10节 [1-12] 南214
CAU351502,绿色建筑性能及其优化设计,2,,石邢,20101,,专业选修课,中文,四平路校区,"2024(建筑类(复合型创新人才实验班) 02009),2024(建筑学 02015),2024(历史建筑保护工程 02084),2024(生物技术(强基计划) 09003),2024(应用物理学(强基计划) 09005)",0,1,16,石邢(20101) 星期三7-8节 [1-16] 北420
CAU342501,总体规划,6,,"朱玮,程遥,陈晨,刘骝,晏龙旭,黄璜,唐伟成,曹湛,刘伯初,张泽,张皓,刘翔,单路,杨婷,钮心毅,高晓昱,陆希刚,刘冰,张尚武","10112,15156,15166,21013,21024,21025,21161,22026,23135,23175,24188,24197,25036,25124,93174,93176,95503,97108,98062","副教授,副教授,长聘教授,预聘副教授,,助理教授（长聘体系）,助理教授（长聘体系）,助理教授（长聘体系）,助理教授（长聘体系）,助理教授（长聘体系）,助理教授（长聘体系）,助理教授（长聘体系）,助理教授（长聘体系）,预聘副教授,教授,讲师,副教授,教授,长聘教授",专业必修课,中文,四平路校区,"2023(城市设计(卓越班) 02025),2023(城乡规划(四) 02096),2025(城乡规划(二学位) 02099)",0,1,16,"朱玮(10112),程遥(15156),陈晨(15166),刘骝(21013),晏龙旭(21024),黄璜(21025),唐伟成(21161),曹湛(22026),刘伯初(23135),张泽(23175),张皓(24188),刘翔(24197),单路(25036),杨婷(25124),钮心毅(93174),高晓昱(93176),陆希刚(95503),刘冰(97108),张尚武(98062) 星期二3-4节 [1-16] 学院教室D310\312\301\303\305 朱玮(10112),程遥(15156),陈晨(15166),刘骝(21013),晏龙旭(21024),黄璜(21025),唐伟成(21161),曹湛(22026),刘伯初(23135),张泽(23175),张皓(24188),刘翔(24197),单路(25036),杨婷(25124),钮心毅(93174),高晓昱(93176),陆希刚(95503),刘冰(97108),张尚武(98062) 星期五1-4节 [1-16] 学院教室D310\312\301\303\305"
CAU351701,建筑评论,2,,"王凯,刘刊,郑时龄,章明","10082,15141,81145,95022","副教授,,教授,教授",专业必修课,中文,四平路校区,"2023(城市设计 02003),2023(建筑类(复合型创新人才实验班) 02009),2023(建筑学 02015),2023(城市设计(卓越班) 02025),2023(历史建筑保护工程 02084),2023(风景园林 02094),2023(城乡规划(四) 02096),2023(建筑学(四) 02114),2023(建筑学(精英班) 09031),2025(建筑学(二学位) 02098)",0,1,16,刘刊(15141) 星期二3-4节 [2-3 10-13 16] 文106 王凯(10082) 星期二3-4节 [8-9 14-15] 文106 郑时龄(81145) 星期二3-4节 [1] 文106 章明(95022) 星期二3-4节 [4-7] 文106
CAU251302,艺术史,2,,胡炜,98723,,专业选修课,中文,四平路校区,"2025(城市设计 02003),2025(领军人才班(智能规划与再生建筑) 02014),2025(建筑学 02015),2025(城乡规划 02036),2025(历史建筑保护工程 02084),2025(风景园林 02094),2025(建筑学(精英班) 09031),2025(历史建筑保护工程(精英班) 09032),2025(风景园林(精英班) 09034)",0,1,16,胡炜(98723) 星期一9-10节 [1-16] 南313
CAU240801,文博专题,2,,朱宇晖,04074,,专业必修课,中文,四平路校区,"2024(建筑学 02015),2025(领军人才班(智能规划与再生建筑) 02014),2025(历史建筑保护工程 02084),2025(建筑学(二学位) 02098)",0,1,16,朱宇晖(04074) 星期四3-4节 [1-16] 北308
CAU351901,建筑特殊构造,1,,胡向磊,05144,,专业选修课,中文,四平路校区,"2024(建筑学 02015),2024(历史建筑保护工程 02084),2025(建筑学(二学位) 02098)",0,1,8,胡向磊(05144) 星期三9-10节 [1-8] 南410
CAU342702,历史建筑形制与工艺,2,,"李浈,周鸣浩,李彦伯,江嘉玮,王雪睿","00061,11162,14022,21157,25051",",副教授,副教授,助理教授（长聘体系）,助理教授（长聘体系）",专业必修课,中文,四平路校区,"2023(建筑类(复合型创新人才实验班) 02009),2024(城市设计 02003),2024(建筑学 02015),2024(历史建筑保护工程 02084),2025(建筑学(二学位) 02098)",0,1,16,李彦伯(14022) 星期三3-4节 [14] 北410 江嘉玮(21157) 星期三3-4节 [13] 北410 李浈(00061) 星期三3-4节 [1-10] 北410 王雪睿(25051) 星期三3-4节 [16] 北410 周鸣浩(11162) 星期三3-4节 [11-12 15] 北410
CAU352101,家具与陈设,2,,颜隽,02045,,专业选修课,中文,四平路校区,"2024(建筑学 02015),2024(历史建筑保护工程 02084)",0,1,16,颜隽(02045) 星期二3-4节 [1-16] 北305
CAU451301,环境控制学,2,,"叶海,莫方朔,黄子硕,吴宇杰","00010,04039,18009,22220",",副教授,副教授,助理教授（长聘体系）",专业选修课,中文,四平路校区,"2023(城市设计 02003),2023(建筑学 02015),2023(城市设计(卓越班) 02025),2023(历史建筑保护工程 02084),2023(城乡规划(四) 02096),2023(建筑学(四) 02114),2023(建筑学(精英班) 09031)",0,1,16,莫方朔(04039) 星期三5-6节 [13-14] 北109 叶海(00010) 星期三5-6节 [1 8-11 15-16] 北109 吴宇杰(22220) 星期三5-6节 [5-7] 北109 黄子硕(18009) 星期三5-6节 [2-4 12] 北109
CAU331301,城市设计原理,2,,王一,02078,,专业基础课,中文,四平路校区,"2023(建筑学 02015),2023(风景园林 02094),2023(建筑学(四) 02114),2024(城市设计 02003),2024(建筑类(复合型创新人才实验班) 02009),2025(建筑学(二学位) 02098)",0,1,16,王一(02078) 星期一9-10节 [1-16] 北201
CAU342802,建筑理论与历史(1),2,,"朱宇晖,李颖春,刘涤宇,周易知,常青","04074,14150,16019,18132,93074","副教授,副教授,,助理教授（原有体系）,教授",专业必修课,中文,四平路校区,"2024(建筑类(复合型创新人才实验班) 02009),2024(建筑学 02015),2024(历史建筑保护工程 02084),2025(建筑学(二学位) 02098)",0,1,16,常青(93074) 星期三5-6节 [1 4-5 7 15] 衷和楼201 刘涤宇(16019) 星期三5-6节 [2-3 8-11 16] 衷和楼201 李颖春(14150) 星期三5-6节 [13-14] 衷和楼201 周易知(18132) 星期三5-6节 [6] 衷和楼201 朱宇晖(04074) 星期三5-6节 [12] 衷和楼201
CAU441201,城市设计概论,2,,"肖扬,尹杰,匡晓明,于一凡,田宝江","13147,21071,94053,96016,98055","长聘教授,预聘副教授,,教授,副教授",专业必修课,中文,四平路校区,"2023(城市设计(卓越班) 02025),2023(风景园林 02094),2023(城乡规划(四) 02096)",0,1,16,肖扬(13147) 星期三1-2节 [8-10] 南208 匡晓明(94053) 星期三1-2节 [1 11-13 16] 南208 于一凡(96016) 星期三1-2节 [6-7] 南208 尹杰(21071) 星期三1-2节 [2-5] 南208 田宝江(98055) 星期三1-2节 [14-15] 南208
CAU430401,地理信息系统,2,,钮心毅,93174,,专业基础课,中文,四平路校区,"2023(城市设计(卓越班) 02025),2023(城乡规划(四) 02096),2025(城乡规划(二学位) 02099)",0,1,16,钮心毅(93174) 星期一3-4节 [1-16] 北322
CAU343301,景观规划设计原理,2,,"周宏俊,翟宇佳,沈洁,刘熬立,章明,李瑞冬,胡玎","13152,14195,15011,92187,95022,99023,99038","副教授,副教授,,讲师,教授,讲师,讲师",专业基础课,中文,四平路校区,"2023(城市设计(卓越班) 02025),2023(城乡规划(四) 02096),2024(建筑类(复合型创新人才实验班) 02009),2024(风景园林 02094),2025(风景园林(二学位) 02016),2025(城乡规划(二学位) 02099)",0,1,16,翟宇佳(14195) 星期三3-4节 [15] 南308 沈洁(15011) 星期三3-4节 [7-12 16] 南308 周宏俊(13152) 星期三3-4节 [5] 南308 胡玎(99038) 星期三3-4节 [13] 南308 李瑞冬(99023) 星期三3-4节 [14] 南308 刘熬立(92187) 星期三3-4节 [2-4] 南308 章明(95022) 星期三3-4节 [1 6] 南308
CAU331401,景观生态学,2,,王云才,03041,,专业基础课,中文,四平路校区,"2023(建筑类(复合型创新人才实验班) 02009),2024(风景园林 02094),2025(风景园林(二学位) 02016)",0,1,16,王云才(03041) 星期三5-6节 [1-16] 南305
CAU343501,中外园林史,2,,"周宏俊,云嘉燕,周向频","13152,23078,97010",",,",专业必修课,中文,四平路校区,"2023(建筑类(复合型创新人才实验班) 02009),2023(城市设计(卓越班) 02025),2023(城乡规划(四) 02096),2024(风景园林 02094)",0,1,16,周宏俊(13152) 星期三7-8节 [8-16双] 南209 周向频(97010) 星期三7-8节 [1-15单] 南209 云嘉燕(23078) 星期三7-8节 [2-6双] 南209
CAU231501,风景资源学,2,,"杨晨,许晓青","15068,17116",",",专业基础课,中文,四平路校区,"2025(城市设计 02003),2025(建筑学 02015),2025(风景园林(二学位) 02016),2025(城乡规划 02036),2025(历史建筑保护工程 02084),2025(风景园林 02094),2025(风景园林(精英班) 09034)",0,1,16,杨晨(15068) 星期三3-4节 [1-3 9-16] 北305 许晓青(17116) 星期三3-4节 [4-8] 北305
CAU457501,空气洁净技术,1,,林忠平,93043,,专业选修课,中文,嘉定校区,2023(建筑环境与能源应用工程 04014),0,1,8,林忠平(93043) 星期三1-2节 [1-8] 安楼A106
CAU458301,蓄能技术,1,,于航,90015,,专业选修课,中文,嘉定校区,2023(建筑环境与能源应用工程 04014),0,1,8,于航(90015) 星期六5-6节 [1-8] 不安排教室
CAU347101,建筑环境学,2,,"苏醒,李峥嵘","13181,97049",",",专业必修课,中英,嘉定校区,2024(建筑环境与能源应用工程 04014),0,1,16,苏醒(13181) 星期三3-4节 [4-16] 诚楼C410B 李峥嵘(97049) 星期三3-4节 [1-3] 诚楼C410B
CAU347102,建筑环境学,2,,"周翔,林忠平","11033,93043",",",专业必修课,中英,嘉定校区,2024(建筑环境与能源应用工程 04014),0,1,16,林忠平(93043) 星期三3-4节 [13-16] 安楼A302 周翔(11033) 星期三3-4节 [1-12] 安楼A302
CAU457401,建筑空气污染控制,1,,曾令杰,23013,,专业选修课,中文,嘉定校区,2023(建筑环境与能源应用工程 04014),0,1,8,曾令杰(23013) 星期三1-2节 [1-8] 安楼A109
CAU458201,热泵技术应用,1,,"周翔,罗茂辉","11033,20129",",",专业选修课,中文,嘉定校区,2023(建筑环境与能源应用工程 04014),0,1,8,周翔(11033) 星期三7-8节 [8] 安楼A107 罗茂辉(20129) 星期三7-8节 [1-7] 安楼A107
CAU458101,建筑能耗模拟,1,,许鹏,10126,,专业选修课,中文,嘉定校区,2023(建筑环境与能源应用工程 04014),0,1,8,许鹏(10126) 星期一3-4节 [1-8] 安楼A110
CAU457901,建筑能源管理与规划,1,,阮应君,08156,,专业选修课,中文,嘉定校区,2023(建筑环境与能源应用工程 04014),0,1,8,阮应君(08156) 星期六7-8节 [1-8] 不安排教室
CAU007101,建筑环境与节能新技术,1,,"周翔,李翠,李峥嵘","11033,17033,97049",",,",工程能力与创新思维,中文,四平路校区,,0,1,8,李峥嵘(97049) 星期一7-8节 [1 5-8] 南120 李翠(17033) 星期一7-8节 [3-4] 南120 周翔(11033) 星期一7-8节 [2] 南120
CAU007102,建筑环境与节能新技术,1,,"周翔,李翠,朱晗","11033,17033,24062",",,",工程能力与创新思维,中文,嘉定校区,,0,1,8,李翠(17033) 星期三7-8节 [3-4] 安楼A304 朱晗(24062) 星期三7-8节 [1 5-8] 安楼A304 周翔(11033) 星期三7-8节 [2] 安楼A304
CAU458401,建筑设施智能化,1,,李铮伟,13165,,专业选修课,中文,嘉定校区,2023(建筑环境与能源应用工程 04014),0,1,8,李铮伟(13165) 星期二3-4节 [1-8] 安楼A114
CAU457801,区域负荷与能源系统优化,1,,阮应君,08156,,专业选修课,中文,嘉定校区,2023(建筑环境与能源应用工程 04014),0,1,8,阮应君(08156) 星期一1-2节 [1-8] 安楼A106
CAU367601,建筑环境学实验,1,,李翠,17033,,实践环节课程,中文,嘉定校区,2024(建筑环境与能源应用工程 04014),0,9,16,李翠(17033) 星期四9-10节 [9-16] 华楼304
CAU457301,建筑环境CFD模拟技术,1,,高军,09173,,专业选修课,中文,嘉定校区,2023(建筑环境与能源应用工程 04014),0,1,8,高军(09173) 星期四3-4节 [1-8] 博楼B101
CAU367101,建筑环境与能源系统测试技术及设备,3,,"马国彬,张雪梅,曹强,陈德珍,明岗","04044,13172,14175,97055,99140",",,,,",实践环节课程,中文,嘉定校区,"2024(能源与动力工程 04024),2024(能源与动力工程(应用化学双学士学位) 04065)",0,1,16,张雪梅(13172) 星期四9-11节 [14] 博楼B114 陈德珍(97055) 星期四9-9节 [11-12] 博楼B114 马国彬(04044) 星期四9-11节 [1-10 15-16] 博楼B114 明岗(99140) 星期四9-11节 [13] 博楼B114 曹强(14175) 星期四10-11节 [12] 博楼B114 陈德珍(97055) 星期四10-11节 [11] 博楼B114
CAU367102,建筑环境与能源系统测试技术及设备,3,,"马国彬,张雪梅,曹强,陈德珍,明岗","04044,13172,14175,97055,99140",",副教授,,,副教授",实践环节课程,中文,嘉定校区,"2024(中德机械工程与机器人(创新实验区) 04004),2024(建筑环境与能源应用工程 04014)",0,1,16,马国彬(04044) 星期一9-11节 [1-10 15-16] 博楼B114 张雪梅(13172) 星期一9-11节 [14] 博楼B114 陈德珍(97055) 星期一9-9节 [11-12] 博楼B114 明岗(99140) 星期一9-11节 [13] 博楼B114 陈德珍(97055) 星期一10-11节 [11] 博楼B114 曹强(14175) 星期一10-11节 [12] 博楼B114
CAU477101,高性能建筑与建成环境,1,,苏醒,13181,,个性化课程,中文,嘉定校区,"2023(中德机械工程与机器人(创新实验区) 04004),2023(建筑环境与能源应用工程 04014),2023(能源与动力工程 04024),2023(能源与动力工程(应用化学双学士学位) 04065)",0,9,16,苏醒(13181) 星期六5-6节 [9-16] 不安排教室
CAU367901,建筑概论与设计,2,,崔哲,14043,,实践环节课程,中文,嘉定校区,2024(建筑环境与能源应用工程 04014),0,1,16,崔哲(14043) 星期三7-8节 [1-16] 安楼A112
CAU237201,工程热力学B,3,,朱晗,24062,,专业基础课,中文,四平路校区,"2025(建筑环境与能源应用工程 02011),2025(建筑环境与能源应用工程(精英班) 09030)",0,1,16,朱晗(24062) 星期五1-3节 [1-16] 学院专教-B214
CAU357101,建筑冷热源,2,,"阮应君,吴妍","08156,18004",",",专业选修课,中文,嘉定校区,2024(建筑环境与能源应用工程 04014),0,1,16,阮应君(08156) 星期五3-4节 [9-16] 安楼A114 吴妍(18004) 星期五3-4节 [1-8] 安楼A114
CAU367501,暖通空调及燃气实验（一）,2,,曹昌盛,16142,,实践环节课程,中文,嘉定校区,2024(建筑环境与能源应用工程 04014),0,9,16,曹昌盛(16142) 星期一5-8节 [9-16] 安楼A307
CAU337101,控制工程基础,2,,李铮伟,13165,,专业基础课,中文,嘉定校区,2024(建筑环境与能源应用工程 04014),0,1,16,李铮伟(13165) 星期二1-2节 [1-16] 安楼A114
CAU337102,控制工程基础,2,,胡雨燕,00028,,专业基础课,中文,嘉定校区,"2024(能源与动力工程 04024),2024(能源与动力工程(应用化学双学士学位) 04065)",0,1,16,胡雨燕(00028) 星期二1-2节 [1-16] 博楼B303
CAU458001,建筑节能综合技术,1,,明岗,99140,,专业选修课,中文,嘉定校区,2023(建筑环境与能源应用工程 04014),0,1,8,明岗(99140) 星期四7-8节 [1-8] 博楼B201
CAU357301,通风工程,2,,刘东,96012,,专业选修课,中文,嘉定校区,2024(建筑环境与能源应用工程 04014),0,1,16,刘东(96012) 星期二3-4节 [1-16] 博楼B402
CAU357302,通风工程,2,,叶蔚,17138,,专业选修课,中英,嘉定校区,2024(建筑环境与能源应用工程 04014),0,1,16,叶蔚(17138) 星期二3-4节 [1-16] 安楼A407
CAU004801,全球景观与园林艺术,2,,邵钰涵,17124,,社会发展与国际视野,中文,四平路校区,,0,1,12,邵钰涵(17124) 星期三7-8节 [1-12] 城规学院B214
CAU430501,专题设计Ⅱ（城市设计）,4,,"蔡永洁,戴颂华,叶宇,张灵珠,庄宇","00093,00117,16154,20012,93048",",,,,",专业基础课,中文,四平路校区,"2023(建筑学 02015),2023(建筑学(四) 02114)",0,1,16,"蔡永洁(00093),戴颂华(00117),叶宇(16154),张灵珠(20012),庄宇(93048) 星期四5-8节 [1-16] 学院专教-D301、D303、D305"
CAU430601,专题设计Ⅱ（住区设计）,4,,"姚栋,周静敏,贺永,司马蕾,朱怡晨,李振宇","08040,08999,09084,13154,23071,89029",",,,,,",专业基础课,中文,四平路校区,"2023(建筑学 02015),2023(建筑学(四) 02114)",0,1,16,"姚栋(08040),周静敏(08999),贺永(09084),司马蕾(13154),朱怡晨(23071),李振宇(89029) 星期四5-8节 [1-16] 学院专教-D307、D309、D311、D313"
CAU441301,生态城市设计,2,,"陈蔚镇,戴代新","03022,05055",",",专业必修课,中文,四平路校区,"2023(城市设计 02003),2025(城市设计(二学位) 02005)",0,1,16,陈蔚镇(03022) 星期一3-4节 [5] 北307 戴代新(05055) 星期一3-4节 [1-4 6-16] 北307
CAU130701,设计中的几何与计算,3,,"孙澄宇,王祥,闫超","05027,21022,21152",",,",专业基础课,中文,四平路校区,"2025(建筑学(二学位) 02098),2025(建筑学(精英班) 09031),2025(历史建筑保护工程(精英班) 09032),2025(城乡规划(精英班) 09033)",0,1,16,王祥(21022) 星期五5-7节 [5-8 11-13] 北129 闫超(21152) 星期五5-7节 [1-4 9-10] 北129 孙澄宇(05027) 星期五5-7节 [14-16] 北129
CAU451501,土地整治和生态修复,1,,"干靓,颜文涛,刘骝","05065,17022,21013",",,预聘副教授",专业选修课,中文,四平路校区,"2023(城市设计(卓越班) 02025),2023(城乡规划(四) 02096),2025(城乡规划(二学位) 02099)",0,9,16,"颜文涛(17022) 星期三3-4节 [10-11] 南205 干靓(05065),颜文涛(17022),刘骝(21013) 星期三3-4节 [15-16] 南205 刘骝(21013) 星期三3-4节 [13] 南205 干靓(05065) 星期三3-4节 [9 12-14双] 南205"
CAU331501,专题设计Ⅰ（环境与建筑设计）,6,,"徐洪涛,宗轩,陈强,胡滨,扈龑喆,李华,董屹,黄林琳,崔哲,范兆祥,董笑笑,陈晓超,谢振宇,戴松茁,张凡,李麟学","00762,01023,05173,05202,10043,11126,11128,12051,14043,25027,25067,25233,88088,94050,94502,96028",",,,,,,,,,,,null,,,,",专业基础课,中文,四平路校区,"2023(建筑学(精英班) 09031),2024(建筑学 02015),2024(历史建筑保护工程 02084),2025(建筑学(二学位) 02098)",0,1,16,"徐洪涛(00762),宗轩(01023),陈强(05173),胡滨(05202),扈龑喆(10043),李华(11126),董屹(11128),黄林琳(12051),崔哲(14043),范兆祥(25027),董笑笑(25067),陈晓超(25233),谢振宇(88088),戴松茁(94050),张凡(94502),李麟学(96028) 星期一7-8节 [1-16] 学院专教-D406、D408、D410、D412、D402、D417、D404、D407 徐洪涛(00762),宗轩(01023),陈强(05173),胡滨(05202),扈龑喆(10043),李华(11126),董屹(11128),黄林琳(12051),崔哲(14043),范兆祥(25027),董笑笑(25067),陈晓超(25233),谢振宇(88088),戴松茁(94050),张凡(94502),李麟学(96028) 星期四1-4节 [1-16] 学院专教-D406、D408、D410、D412、D402、D417、D404、D407"
CAU352801,建筑中的人工智能,2,,姚佳伟,18536,,专业选修课,中文,四平路校区,"2023(建筑学(精英班) 09031),2024(城市设计 02003),2024(建筑类(复合型创新人才实验班) 02009),2024(建筑学 02015),2024(历史建筑保护工程 02084),2024(未来技术班(智慧空间) 09050),2025(城市设计(二学位) 02005)",0,1,16,姚佳伟(18536) 星期二3-4节 [1-16] 北107
CAU430701,住区设计原理,2,,贺永,09084,副教授,专业基础课,中文,四平路校区,"2023(建筑学 02015),2023(建筑学(四) 02114)",0,1,16,贺永(09084) 星期四3-4节 [1-16] 衷和楼203
CAU352901,人本导向绿色基础设施分析(英),2,,陈筝,13156,,专业选修课,英语,四平路校区,"2023(建筑类(复合型创新人才实验班) 02009),2024(城市设计(卓越班) 02025),2024(风景园林 02094),2025(风景园林(二学位) 02016)",0,1,16,陈筝(13156) 星期四7-8节 [1-16] 北305
CAU004901,城市景观阅读,2,,汤众,96501,,人文经典与审美素养,中文,四平路校区,,0,1,12,汤众(96501) 星期三7-8节 [1-12] 北309
CAU005001,联合国视角下的绿色低碳社区设计与治理,2,,"王洪涛,王信","10009,13002",",",社会发展与国际视野,中文,四平路校区,,0,1,12,王洪涛(10009) 星期一9-10节 [9] 南307 王信(13002) 星期一9-10节 [1-8 10-12] 南307
CAU005601,传承与创造：剪纸,3,,"赵思嘉,王珂,卢璐","04073,09124,16112",",,",人文经典与审美素养,中文,四平路校区,,0,1,16,"赵思嘉(04073),王珂(09124),卢璐(16112) 星期一5-7节 [1-16] 学院专教-D楼一楼陶艺室"
CAU005701,数据分析与可视化,2,,李佩娴,23023,,工程能力与创新思维,中文,四平路校区,,0,1,12,李佩娴(23023) 星期三7-8节 [1-12] 北310
CAU331601,数智空间设计（二）多模态空间建构,8,,"刘一歌,柴华,袁烽","23194,25330,96503",",,",专业基础课,中文,四平路校区,2024(建筑类(复合型创新人才实验班) 02009),0,1,16,"刘一歌(23194),柴华(25330),袁烽(96503) 星期一1-4节 [1-16] 学院教室B310 刘一歌(23194),柴华(25330),袁烽(96503) 星期四5-8节 [1-16] 学院教室B310"
CAU430801,数智空间设计（五）计算性景观生态设计,4,,"杨晨,邵钰涵","15068,17124",",",专业必修课,中文,四平路校区,2023(建筑类(复合型创新人才实验班) 02009),0,1,8,"杨晨(15068),邵钰涵(17124) 星期一5-8节 [1-8] 学院教室B312 杨晨(15068),邵钰涵(17124) 星期四1-4节 [1-8] 学院教室B312"
CAU430901,数智空间设计（六）混合现实空间设计,4,,闫超,21152,,专业必修课,中文,四平路校区,2023(建筑类(复合型创新人才实验班) 02009),0,9,16,闫超(21152) 星期一5-8节 [9-16] 学院教室B312 闫超(21152) 星期四1-4节 [9-16] 学院教室B312
CAU343601,建筑智能概论,2,,"杨晨,叶宇,沈尧,姚佳伟,王祥,闫超,刘一歌,柴华,袁烽","15068,16154,18093,18536,21022,21152,23194,25330,96503","副教授,长聘教授,副教授,预聘副教授,助理教授（长聘体系）,助理教授（长聘体系）,,预聘副教授,教授",专业必修课,中文,四平路校区,"2024(城市设计 02003),2024(建筑类(复合型创新人才实验班) 02009),2024(建筑学 02015),2024(城市设计(卓越班) 02025),2024(历史建筑保护工程 02084),2024(未来技术班(智慧空间) 09050),2025(城市设计(二学位) 02005),2025(建筑学(二学位) 02098)",0,1,16,沈尧(18093) 星期四9-10节 [12-13] 北105 袁烽(96503) 星期四9-10节 [1-2 16] 北105 柴华(25330) 星期四9-10节 [6] 北105 杨晨(15068) 星期四9-10节 [14-15] 北105 姚佳伟(18536) 星期四9-10节 [4] 北105 刘一歌(23194) 星期四9-10节 [3 7] 北105 王祥(21022) 星期四9-10节 [5] 北105 闫超(21152) 星期四9-10节 [10-11] 北105 叶宇(16154) 星期四9-10节 [8-9] 北105
CAU354201,绿色低碳城市治理与设计,2,,王信,13002,,专业选修课,中文,四平路校区,2024(建筑学 02015),0,1,16,王信(13002) 星期二1-2节 [1-16] 北208
CAU343701,遗产建筑保护材料学,2,,"戴仕炳,赵沫沙,汤众","07194,22218,96501","研究员（自然科学）,,高级工程师",专业必修课,中文,四平路校区,"2024(建筑学 02015),2024(历史建筑保护工程 02084),2024(生物技术(强基计划) 09003),2024(应用物理学(强基计划) 09005)",0,1,16,赵沫沙(22218) 星期五3-4节 [1-3单 4-6 8-16] 北109 汤众(96501) 星期五3-4节 [7] 北109 戴仕炳(07194) 星期五3-4节 [2] 北109
CAU353501,基于Python的空间分析与建模,1,,晏龙旭,21024,,专业选修课,中文,四平路校区,"2024(建筑类(复合型创新人才实验班) 02009),2024(城市设计(卓越班) 02025),2024(未来技术班(智慧空间) 09050),2025(城乡规划(二学位) 02099)",0,1,8,晏龙旭(21024) 星期一7-8节 [1-8] 北320
CAU005801,人工智能艺术,2,,于幸泽,13191,,人文经典与审美素养,中文,四平路校区,,0,1,12,于幸泽(13191) 星期三9-10节 [1-12] 南210
CAU331901,房屋建筑科学,3,,"叶海,林怡,莫方朔,金倩,黄子硕,柴华","00010,01018,04039,13168,18009,25330",",教授,副教授,副教授,副教授,预聘副教授",专业基础课,中文,四平路校区,2024(智能建造 03005),0,1,16,莫方朔(04039) 星期五1-2节 [7-8] 南108 林怡(01018) 星期五1-2节 [5-6] 南108 柴华(25330) 星期五1-4节 [1] 南108 叶海(00010) 星期五1-2节 [9-10 16] 南108 金倩(13168) 星期五1-2节 [11-15] 南108 黄子硕(18009) 星期五1-2节 [2-4] 南108 莫方朔(04039) 星期五3-4节 [7] 南108 叶海(00010) 星期五3-4节 [9] 南108 金倩(13168) 星期五3-4节 [11-15单] 南108 林怡(01018) 星期五3-4节 [5] 南108 黄子硕(18009) 星期五3-4节 [3] 南108
CAU360901,多模态空间建构（中级项目一）,8,,闫超,21152,,实践环节课程,中文,四平路校区,2024(未来技术班(智慧空间) 09050),0,1,16,闫超(21152) 星期一1-4节 [1-16] 学院教室B310 闫超(21152) 星期四5-8节 [1-16] 学院教室B310
CAU353801,当代建筑文化与策展思维（英）,2,,莫万莉,22217,,专业选修课,英语,四平路校区,"2024(建筑学(国际班) 02002),2024(建筑学 02015),2024(历史建筑保护工程 02084)",0,1,16,莫万莉(22217) 星期二3-4节 [1-16] 北308
CAU252101,城市设计入门：基本认知和基本方法,2,,沙永杰,99129,,专业选修课,中文,四平路校区,"2025(城市设计 02003),2025(建筑学 02015),2025(城乡规划 02036),2025(历史建筑保护工程 02084),2025(风景园林 02094),2025(风景园林(精英班) 09034)",0,1,16,沙永杰(99129) 星期三5-6节 [1-16] 北305
CAU343801,园林工程与运营管理,2,,李瑞冬,99023,,专业必修课,中文,四平路校区,"2024(城市设计(卓越班) 02025),2024(风景园林 02094),2025(风景园林(二学位) 02016)",0,1,16,李瑞冬(99023) 星期三1-2节 [1-16] 南308
CAU343901,种植与生态专项设计Ⅰ,1,,陈静,11127,,专业必修课,中文,四平路校区,"2023(风景园林 02094),2024(风景园林 02094),2025(风景园林(二学位) 02016)",0,1,8,陈静(11127) 星期四5-6节 [1-8] 北308
CAU354501,AI＋建筑策划,2,,"涂慧君,李江峰","04184,10070",",副教授",专业选修课,中英,四平路校区,"2023(城市设计 02003),2023(建筑学 02015),2023(城市设计(卓越班) 02025),2023(历史建筑保护工程 02084),2023(风景园林 02094),2023(城乡规划(四) 02096),2023(建筑学(四) 02114)",0,1,8,涂慧君(04184) 星期三5-8节 [2-4双 5-7单] 北111 李江峰(10070) 星期三5-8节 [1-3单 6-8双] 北111
CAU006102,上海建筑历史遗产,2,,朱晓明,92501,,工程能力与创新思维,中文,嘉定校区,,0,1,12,朱晓明(92501) 星期三7-8节 [1-12] 博楼B401
CAU260901,逻辑与几何（初级项目一）,6,,王祥,21022,,实践环节课程,中文,四平路校区,2025(未来技术班(智慧空间) 09050),0,1,16,王祥(21022) 星期一1-4节 [1-16] 学院教室B210 王祥(21022) 星期四5-6节 [1-16] 学院教室B210
CAU290101,智慧空间设计原理与技术,3,,"邵甬,孙澄宇,许鹏,陈筝,叶宇,刘超,王祥,闫超,庄宇,匡晓明,徐磊青,章明,袁烽","05001,05027,10126,13156,16154,19001,21022,21152,93048,94053,95016,95022,96503",",,,,,,,,,,,,",领域基础课,中文,四平路校区,2025(卓越计划班（智慧空间） 09102),0,1,16,叶宇(16154) 星期三9-11节 [13] 北129 邵甬(05001) 星期三9-11节 [10] 北129 许鹏(10126) 星期三9-11节 [3] 北129 陈筝(13156) 星期三9-11节 [16] 北129 刘超(19001) 星期三9-11节 [15] 北129 孙澄宇(05027) 星期三9-11节 [4-5] 北129 章明(95022) 星期三9-11节 [11] 北129 徐磊青(95016) 星期三9-11节 [2] 北129 庄宇(93048) 星期三9-11节 [12] 北129 王祥(21022) 星期三9-11节 [8-9] 北129 匡晓明(94053) 星期三9-11节 [14] 北129 袁烽(96503) 星期三9-11节 [1] 北129 闫超(21152) 星期三9-11节 [6-7] 北129
CAU261301,微观空间感知-生成与创造,8,,"王方邑,范兆祥,陈晓超","24195,25027,25233",",,null",实践环节课程,中文,四平路校区,2025(卓越计划班（智慧空间） 09102),0,1,16,"王方邑(24195),范兆祥(25027),陈晓超(25233) 星期一1-4节 [1-16] 学院教室 B403、B405、B407、B409、B411 王方邑(24195),范兆祥(25027),陈晓超(25233) 星期四5-8节 [1-16] 学院教室 B403、B405、B407、B409、B411"
CAU357701,暖通空调I,2,,"周翔,叶蔚","11033,17138",",",专业选修课,中文,嘉定校区,2024(建筑环境与能源应用工程 04014),0,1,16,叶蔚(17138) 星期四7-8节 [1-8] 博楼B203 周翔(11033) 星期四7-8节 [9-16] 博楼B203
CAU457701,建筑生命周期评价与碳排放计算,1,,苏醒,13181,,专业选修课,中文,嘉定校区,2023(建筑环境与能源应用工程 04014),0,9,16,苏醒(13181) 星期六7-8节 [9-16] 不安排教室
CAU457601,通风技术中的气流组织,1,,叶蔚,17138,,专业选修课,中文,嘉定校区,2023(建筑环境与能源应用工程 04014),0,1,8,叶蔚(17138) 星期四5-6节 [1-8] 博楼B101
CAU457201,从建材散发到健康建筑,1,,苏醒,13181,,专业选修课,中文,嘉定校区,2023(建筑环境与能源应用工程 04014),0,1,8,苏醒(13181) 星期六9-10节 [1-8] 不安排教室
CAU457101,人工环境与热舒适,1,,苏醒,13181,,专业选修课,中文,嘉定校区,2023(建筑环境与能源应用工程 04014),0,9,16,苏醒(13181) 星期六9-10节 [9-16] 不安排教室
机械工程与机器人学院,,,,,,,,,,,,,,
,,,,,,,,,,,,,,
CME350201,材料成型技术基础,2,,侯泽然,23009,,专业选修课,中文,嘉定校区,"2024(中德机械工程与机器人(创新实验区) 04004),2024(机械设计制造及其自动化 04034)",0,1,16,侯泽然(23009) 星期一1-2节 [1-16] 安楼A219
CME230101,机械设计,3,,陈茂林,16004,,专业基础课,中文,嘉定校区,"2024(车辆工程(汽车精英班) 09048),2024(车辆工程(汽车) 19027)",0,1,16,陈茂林(16004) 星期一3-4节 [1-15单] 安楼A304 陈茂林(16004) 星期四3-4节 [1-16] 安楼A304
CME230102,机械设计,3,,刘敏,96742,,专业基础课,中文,嘉定校区,"2024(车辆工程(汽车精英班) 09048),2024(车辆工程(汽车) 19027)",0,1,16,刘敏(96742) 星期一3-4节 [1-15单] 安楼A404 刘敏(96742) 星期四3-4节 [1-16] 安楼A404
CME230103,机械设计,3,,孙凤振,22510,null,专业基础课,中文,嘉定校区,2024(中德机械工程与机器人(创新实验区) 04004),0,1,16,孙凤振(22510) 星期一3-4节 [1-15单] 诚楼C411 孙凤振(22510) 星期二3-4节 [1-16] 诚楼C411
CME230201,互换性和技术测量,2,,朱文峰,05187,,专业基础课,中文,嘉定校区,"2024(机械电子工程 51014),2025(商用大飞机校企联合人才培养创新模式实验班 45003),2025(飞行器制造工程 45024)",0,1,16,朱文峰(05187) 星期二1-2节 [1-16] 博楼B103
CME230202,互换性和技术测量,2,,马淑梅,94022,,专业基础课,中文,四平路校区,"2025(飞行器制造工程(精英班) 09021),2025(机械设计制造及其自动化(精英班) 09026)",0,1,16,马淑梅(94022) 星期二1-2节 [1-16] 南422
CME230203,互换性和技术测量,2,,李晏,93018,,专业基础课,中文,嘉定校区,"2024(机械电子工程 51014),2025(商用大飞机校企联合人才培养创新模式实验班 45003),2025(飞行器制造工程 45024)",0,1,16,李晏(93018) 星期二1-2节 [1-16] 博楼B104
CME450301,人因工程学,2,,周健,04105,,专业选修课,中文,嘉定校区,2023(中德机械工程与机器人(创新实验区) 04004),0,1,8,周健(04105) 星期五5-8节 [1-8] 诚楼C410B
,新能源利用技术,1,,赵清理,98786,,个性化课程,中文,嘉定校区,2023(中德机械工程与机器人(创新实验区) 04004),0,1,16,赵清理(98786) 星期六1-2节 [2-16双] 不排教室
CME470101,三维数字化设计,1,,赵清理,98786,,个性化课程,中文,嘉定校区,"2023(中德机械工程与机器人(创新实验区) 04004),2023(建筑环境与能源应用工程 04014),2023(能源与动力工程 04024),2023(机械设计制造及其自动化 04034),2023(能源与动力工程(应用化学双学士学位) 04065)",0,1,8,赵清理(98786) 星期六3-4节 [1-7单] 不排教室
,计算机通讯技术,1,,赵清理,98786,,个性化课程,中文,嘉定校区,"2023(中德机械工程与机器人(创新实验区) 04004),2023(建筑环境与能源应用工程 04014),2023(能源与动力工程 04024),2023(机械设计制造及其自动化 04034),2023(能源与动力工程(应用化学双学士学位) 04065)",0,1,8,赵清理(98786) 星期日1-2节 [1-8] 不排教室
CME350801,人工智能基础,2,,唐堂,15173,,专业选修课,中文,嘉定校区,"2024(机械设计制造及其自动化 04034),2025(机械设计制造及其自动化(二学位) 04068)",0,1,16,唐堂(15173) 星期三1-2节 [1-16] 安楼A208
CME350802,人工智能基础,2,,汪远翔,23540,null,专业选修课,英语,嘉定校区,"2024(机械设计制造及其自动化 04034),2025(机械设计制造及其自动化(二学位) 04068)",0,1,16,汪远翔(23540) 星期三1-2节 [1-16] 安楼A204
CME450801,运筹学,2,,段春艳,19075,,专业选修课,中文,嘉定校区,2024(智能制造工程 04009),0,1,8,段春艳(19075) 星期四5-8节 [1-8] 博楼B211
CME000302,工程中的有限单元法及应用,2,,刘晓东,96068,,工程能力与创新思维,中文,嘉定校区,,0,1,12,刘晓东(96068) 星期一9-10节 [1-12] 博楼B103
CME230401,机械工程材料,2,,杨玉娟,11097,,专业必修课,中文,嘉定校区,"2024(能源与动力工程 04024),2024(能源与动力工程(应用化学双学士学位) 04065),2024(机械设计制造及其自动化(精英班) 09026),2024(智能制造工程(精英班) 09028),2025(智能制造工程 04009),2025(能源与动力工程(二学位) 04067)",0,1,16,杨玉娟(11097) 星期一1-2节 [1-16] 广楼G109
CME230402,机械工程材料,2,,杨玉娟,11097,,专业基础课,中文,嘉定校区,2025(机械设计制造及其自动化 04034),0,1,16,杨玉娟(11097) 星期一3-4节 [1-16] 广楼G109
CME230403,机械工程材料,2,,"闵峻英,侯泽然","17501,23009","教授,",专业基础课,中文,嘉定校区,"2025(智能制造工程 04009),2025(车辆工程 43002)",0,1,16,侯泽然(23009) 星期一3-4节 [1-13 16] 安楼A219 闵峻英(17501) 星期一3-4节 [14-15] 安楼A219
CME330901,机械制造技术基础,2,,朱传敏,01065,,专业基础课,中文,嘉定校区,2024(车辆工程 43002),0,1,16,朱传敏(01065) 星期三3-4节 [1-16] 安楼A214
CME450901,工程机械底盘概论,2,,李安虎,07088,,专业选修课,中文,嘉定校区,"2023(机械设计制造及其自动化 04034),2025(机械设计制造及其自动化(二学位) 04068)",0,1,8,李安虎(07088) 星期一5-8节 [1-8] 博楼B115
CME451001,工程机械设计（一）,2,,孙远韬,11107,,专业选修课,中文,嘉定校区,"2023(中德机械工程与机器人(创新实验区) 04004),2023(机械设计制造及其自动化 04034),2025(机械设计制造及其自动化(二学位) 04068)",0,1,8,孙远韬(11107) 星期五5-8节 [1-8] 博楼B106
CME360301,机械专业课实验（上）,2,,于睿坤,08030,,实践环节课程,中文,嘉定校区,"2024(中德机械工程与机器人(创新实验区) 04004),2024(机械设计制造及其自动化 04034),2025(机械设计制造及其自动化(二学位) 04068)",0,1,8,于睿坤(08030) 星期三5-8节 [1-8] 致臻楼实验室
CME360302,机械专业课实验（上）,2,,朱传敏,01065,,实践环节课程,英语,嘉定校区,2024(机械设计制造及其自动化 04034),0,1,8,朱传敏(01065) 星期四5-8节 [1-8] 致臻楼实验室
,嵌入式系统硬件设计,1,,赵清理,98786,,个性化课程,中文,嘉定校区,"2023(中德机械工程与机器人(创新实验区) 04004),2023(建筑环境与能源应用工程 04014),2023(能源与动力工程 04024),2023(机械设计制造及其自动化 04034),2023(能源与动力工程(应用化学双学士学位) 04065)",0,9,16,赵清理(98786) 星期日1-2节 [9-16] 不排教室
,linux嵌入式操作系统基础,1,,赵清理,98786,,个性化课程,中文,嘉定校区,2023(中德机械工程与机器人(创新实验区) 04004),0,9,16,赵清理(98786) 星期日3-4节 [9-16] 不排教室
CME270101,机械与能源专业创新实践课程1,1,,余春龙,21031,,个性化课程,英语,嘉定校区,2025(中德机械工程与机器人(创新实验区) 04004),0,1,8,余春龙(21031) 星期四7-8节 [1-8] 诚楼C402
CME270201,机械与能源专业创新实践课程2,1,,李峥嵘,97049,,个性化课程,中文,四平路校区,2025(建筑环境与能源应用工程 02011),0,1,8,李峥嵘(97049) 星期一5-6节 [1-8] 北314
CME270202,机械与能源专业创新实践课程2,1,,陈志光,11310080,null,个性化课程,中文,嘉定校区,"2025(能源与动力工程 04024),2025(能源与动力工程(应用化学双学士学位) 04065)",0,1,16,陈志光(11310080) 星期五5-6节 [2-16双] 博楼B202
CME270203,机械与能源专业创新实践课程2,1,,陈德珍,97055,,个性化课程,中文,嘉定校区,"2025(能源与动力工程 04024),2025(能源与动力工程(应用化学双学士学位) 04065)",0,1,16,陈德珍(97055) 星期五5-6节 [2-16双] 博楼B302
CME270204,机械与能源专业创新实践课程2,1,,高乃平,08109,,个性化课程,中文,嘉定校区,"2025(能源与动力工程 04024),2025(能源与动力工程(应用化学双学士学位) 04065)",0,1,16,高乃平(08109) 星期五5-6节 [2-16双] 宁远馆B303
CME270205,机械与能源专业创新实践课程2,1,,刘畅辉,20018,,个性化课程,中文,嘉定校区,2025(机械设计制造及其自动化 04034),0,9,16,刘畅辉(20018) 星期三1-2节 [9-16] 安楼A105
CME370201,机械与能源专业创新实践课程3,1,,夏海生,24010,,个性化课程,英语,嘉定校区,2024(中德机械工程与机器人(创新实验区) 04004),0,1,8,夏海生(24010) 星期一9-10节 [1-8] 安楼A106
CME370301,机械与能源专业创新实践课程4,1,,李翠,17033,,个性化课程,中文,嘉定校区,"2024(建筑环境与能源应用工程 04014),2024(能源与动力工程 04024),2024(能源与动力工程(应用化学双学士学位) 04065)",0,1,16,李翠(17033) 星期一3-4节 [1-15单] 华楼H304
CME370302,机械与能源专业创新实践课程4,1,,余建波,13163,,个性化课程,英语,嘉定校区,2024(机械设计制造及其自动化 04034),0,1,8,余建波(13163) 星期三3-4节 [1-8] 安楼A202
CME370303,机械与能源专业创新实践课程4,1,,刘畅辉,20018,,个性化课程,中文,嘉定校区,2024(机械设计制造及其自动化 04034),0,1,8,刘畅辉(20018) 星期四5-6节 [1-8] 安楼A107
CME470302,机械与能源专业创新实践课程5,1,,Christopher Ehrmann,21163,,个性化课程,英语,嘉定校区,2023(中德机械工程与机器人(创新实验区) 04004),0,9,16,Christopher Ehrmann(21163) 星期三7-8节 [9-16] 诚楼C408A
CME451702,制造工程数字化技术,2,,"朱传敏,涂倩思","01065,22114",",",专业选修课,英语,嘉定校区,"2023(中德机械工程与机器人(创新实验区) 04004),2023(机械设计制造及其自动化 04034),2025(机械设计制造及其自动化(二学位) 04068)",0,1,8,涂倩思(22114) 星期一1-4节 [1-4] 博楼B101 朱传敏(01065) 星期一1-4节 [5-8] 博楼B101
CME451802,制造装备与生产线设计原理,2,,徐立云,06015,,专业选修课,中文,嘉定校区,"2023(中德机械工程与机器人(创新实验区) 04004),2023(机械设计制造及其自动化 04034),2025(机械设计制造及其自动化(二学位) 04068)",0,1,8,徐立云(06015) 星期五1-4节 [1-8] 博楼B101
CME451901,电液比例控制技术,2,,米智楠,04187,,专业选修课,中文,嘉定校区,"2023(中德机械工程与机器人(创新实验区) 04004),2023(机械设计制造及其自动化 04034),2025(机械设计制造及其自动化(二学位) 04068)",0,1,8,米智楠(04187) 星期二1-4节 [1-8] 博楼B113
CME452001,单片机与接口技术,2,,周爱国,04096,,专业选修课,中文,嘉定校区,"2023(中德机械工程与机器人(创新实验区) 04004),2023(机械设计制造及其自动化 04034),2025(机械设计制造及其自动化(二学位) 04068)",0,1,8,周爱国(04096) 星期四1-4节 [1-8] 博楼B117
,人工智能基础,1,,简冰聪,24063,,个性化课程,中文,嘉定校区,"2023(建筑环境与能源应用工程 04014),2023(能源与动力工程 04024),2023(能源与动力工程(应用化学双学士学位) 04065)",0,1,8,简冰聪(24063) 星期日5-6节 [1-8] 不排教室
CME330201,机械设计基础,2,,周鹏,24202,,专业基础课,中文,嘉定校区,"2024(建筑环境与能源应用工程 04014),2024(能源与动力工程(应用化学双学士学位) 04065)",0,1,16,周鹏(24202) 星期四1-2节 [1-16] 博楼B114
CME330202,机械设计基础,2,,冯建国,24137,,专业基础课,中文,嘉定校区,2024(能源与动力工程 04024),0,1,16,冯建国(24137) 星期四1-2节 [1-16] 博楼B104
CME330203,机械设计基础,2,,杨玉娟,11097,,专业基础课,中文,嘉定校区,"2024(建筑环境与能源应用工程 04014),2024(能源与动力工程(应用化学双学士学位) 04065)",0,1,16,杨玉娟(11097) 星期四1-2节 [1-16] 博楼B115
CME340301,工程管理与经济,1,,涂倩思,22114,,专业基础课,英语,嘉定校区,2023(中德机械工程与机器人(创新实验区) 04004),0,1,8,涂倩思(22114) 星期一5-6节 [1-8] 安楼A105
CME360901,机械制造技术基础课程设计,1,,刘雪梅,05193,,实践环节课程,中文,嘉定校区,"2024(中德机械工程与机器人(创新实验区) 04004),2024(机械设计制造及其自动化 04034),2024(机械设计制造及其自动化(精英班) 09026)",0,13,16,刘雪梅(05193) 星期五5-8节 [13-16] 安楼A208
CME360902,机械制造技术基础课程设计,1,,李晏,93018,,实践环节课程,中文,嘉定校区,"2024(中德机械工程与机器人(创新实验区) 04004),2024(机械设计制造及其自动化 04034),2024(机械设计制造及其自动化(精英班) 09026)",0,13,16,李晏(93018) 星期五5-8节 [13-16] 安楼A205
CME360903,机械制造技术基础课程设计,1,,刘晓东,96068,,实践环节课程,中文,嘉定校区,"2024(中德机械工程与机器人(创新实验区) 04004),2024(机械设计制造及其自动化 04034),2024(机械设计制造及其自动化(精英班) 09026)",0,13,16,刘晓东(96068) 星期五5-8节 [13-16] 安楼A207
CME340402,机械制造技术基础,3,,李晏,93018,,专业必修课,中文,嘉定校区,"2024(中德机械工程与机器人(创新实验区) 04004),2024(机械设计制造及其自动化 04034),2024(机械设计制造及其自动化(精英班) 09026),2024(商用大飞机校企联合人才培养创新模式实验班 45003),2024(飞行器制造工程 45024),2025(车辆工程(汽车)(二学位) 19026)",0,1,12,李晏(93018) 星期五5-8节 [1-12] 安楼A304
CME340401,机械制造技术基础,3,,刘晓东,96068,,专业必修课,中文,嘉定校区,2024(机械设计制造及其自动化 04034),0,1,16,刘晓东(96068) 星期三9-11节 [1-16] 安楼A208
CME340403,机械制造技术基础,3,,刘雪梅,05193,,专业必修课,中文,嘉定校区,"2024(中德机械工程与机器人(创新实验区) 04004),2024(机械设计制造及其自动化 04034),2024(机械设计制造及其自动化(精英班) 09026),2024(商用大飞机校企联合人才培养创新模式实验班 45003),2024(飞行器制造工程 45024),2025(车辆工程(汽车)(二学位) 19026)",0,1,12,刘雪梅(05193) 星期五5-8节 [1-12] 安楼A208
CME340404,机械制造技术基础,3,,Christopher Ehrmann,21163,,专业必修课,英语,嘉定校区,"2024(中德机械工程与机器人(创新实验区) 04004),2024(机械设计制造及其自动化 04034),2024(商用大飞机校企联合人才培养创新模式实验班 45003),2024(飞行器制造工程 45024),2025(车辆工程(汽车)(二学位) 19026)",0,1,12,Christopher Ehrmann(21163) 星期五5-8节 [1-12] 诚楼C413
CME330301,计算方法,1,,"陈茂林,李梦如","16004,16111",",",专业基础课,中文,嘉定校区,"2024(机械设计制造及其自动化 04034),2024(机械设计制造及其自动化(精英班) 09026)",0,1,8,李梦如(16111) 星期一5-6节 [2-8双] 安楼A208 陈茂林(16004) 星期一5-6节 [1-7单] 安楼A208
CME330302,计算方法,1,,汪远翔,23540,null,专业基础课,英语,嘉定校区,"2024(机械设计制造及其自动化 04034),2024(机械设计制造及其自动化(精英班) 09026)",0,1,8,汪远翔(23540) 星期一5-6节 [1-8] 安楼A204
CME120101,画法几何,2,,吴战国,90425,,公共基础课,中文,四平路校区,"2025(机械设计制造及其自动化(精英班) 09026),2025(建筑环境与能源应用工程(精英班) 09030),2025(车辆工程(精英班) 09040)",0,1,16,吴战国(90425) 星期三5-6节 [1-16] 南313
CME120102,画法几何,2,,吴战国,90425,,公共基础课,中文,四平路校区,"2025(新能源材料与器件(精英班) 09008),2025(材料科学与工程(精英班) 09009),2025(飞行器制造工程(精英班) 09021),2025(能源与动力工程(精英班) 09029),2025(交通工程(精英班) 09036),2025(交通运输(精英班) 09037)",0,1,16,吴战国(90425) 星期四1-2节 [1-16] 南313
CME120103,画法几何,2,,陈哲,12032,,公共基础课,中文,四平路校区,"2025(新能源材料与器件(精英班) 09008),2025(材料科学与工程(精英班) 09009),2025(飞行器制造工程(精英班) 09021),2025(能源与动力工程(精英班) 09029),2025(交通工程(精英班) 09036),2025(交通运输(精英班) 09037)",0,1,16,陈哲(12032) 星期四1-2节 [1-16] 北313
CME120104,画法几何,2,,李梦如,16111,,公共基础课,中文,四平路校区,"2025(机械设计制造及其自动化(精英班) 09026),2025(建筑环境与能源应用工程(精英班) 09030),2025(车辆工程(精英班) 09040)",0,1,16,李梦如(16111) 星期三5-6节 [1-16] 北413
,Linux操作系统基础,1,,赵清理,98786,,个性化课程,中文,嘉定校区,"2023(建筑环境与能源应用工程 04014),2023(能源与动力工程 04024),2023(机械设计制造及其自动化 04034),2023(能源与动力工程(应用化学双学士学位) 04065)",0,1,8,赵清理(98786) 星期日3-4节 [1-8] 不排教室
CME330401,控制工程基础,2,,卞永明,91047,,专业基础课,中文,嘉定校区,2024(机械设计制造及其自动化 04034),0,1,16,卞永明(91047) 星期二3-4节 [1-16] 博楼B111
CME330402,控制工程基础,2,,刘广军,10071,,专业基础课,中文,嘉定校区,,0,1,16,刘广军(10071) 星期一3-4节 [1-16] 安楼A112
CME330403,控制工程基础,2,,陆亮,14186,,专业基础课,中文,嘉定校区,2024(机械设计制造及其自动化 04034),0,1,16,陆亮(14186) 星期一3-4节 [1-16] 安楼A114
CME330404,控制工程基础,2,,姜涛,06073,,专业基础课,中文,嘉定校区,"2024(中德机械工程与机器人(创新实验区) 04004),2024(机械设计制造及其自动化 04034),2024(机械设计制造及其自动化(精英班) 09026)",0,1,16,姜涛(06073) 星期二1-2节 [1-16] 安楼A108
CME330405,控制工程基础,2,,于颖,06050,,专业基础课,中文,嘉定校区,"2024(智能制造工程 04009),2024(智能制造工程(精英班) 09028),2025(智能制造工程(二学位) 04069)",0,1,16,于颖(06050) 星期二3-4节 [1-16] 安楼A109
CME330406,控制工程基础,2,,李晶,98709,,专业基础课,英语,嘉定校区,2024(中德机械工程与机器人(创新实验区) 04004),0,1,16,李晶(98709) 星期三3-4节 [1-16] 安楼A305
CME364001,控制工程基础课程设计,2,,姜涛,06073,,实践环节课程,中文,嘉定校区,2024(机械设计制造及其自动化 04034),0,9,16,姜涛(06073) 星期四5-8节 [9-16] 博楼B211
CME364002,控制工程基础课程设计,2,,陆亮,14186,,实践环节课程,中文,嘉定校区,"2024(机械设计制造及其自动化 04034),2024(机械设计制造及其自动化(精英班) 09026)",0,9,16,陆亮(14186) 星期四1-4节 [9-16] 博楼B101
CME364003,控制工程基础课程设计,2,,李晶,98709,,实践环节课程,英语,嘉定校区,"2024(中德机械工程与机器人(创新实验区) 04004),2024(机械设计制造及其自动化 04034)",0,9,16,李晶(98709) 星期四1-4节 [9-16] 博楼B117
CME364004,控制工程基础课程设计,2,,陆亮,14186,,实践环节课程,中文,嘉定校区,2024(机械设计制造及其自动化 04034),0,9,16,陆亮(14186) 星期三5-8节 [9-16] 安楼A110
CME340601,智能制造工艺,2,,"王昆,张为民","07203,90037",",",专业基础课,中文,嘉定校区,"2024(智能制造工程 04009),2024(智能制造工程(精英班) 09028)",0,1,16,张为民(90037) 星期三3-4节 [1-6 12-16] 博楼B201 王昆(07203) 星期三3-4节 [7-11] 博楼B201
CME352001,科技论文写作,2,,萧遥,21521,null,专业选修课,英语,嘉定校区,2024(智能制造工程 04009),0,1,16,萧遥(21521) 星期一7-8节 [1-16] 博楼B304
CME456401,机器人,3,,赵清理,98786,,专业选修课,中文,嘉定校区,2025(智能制造工程(二学位) 04069),0,1,16,赵清理(98786) 星期六5-6节 [1-16] 不排教室 赵清理(98786) 星期日5-6节 [2-14双] 不排教室
CME452301,增材制造技术,3,,"朱传敏,徐东东","01065,21037",",",专业选修课,中文,嘉定校区,"2023(智能制造工程 04009),2025(智能制造工程(二学位) 04069)",0,1,8,徐东东(21037) 星期四1-4节 [1-5] 博楼B204 徐东东(21037) 星期四9-10节 [1-5] 博楼B204 朱传敏(01065) 星期四1-4节 [6-8] 博楼B204 朱传敏(01065) 星期四9-10节 [6-8] 博楼B204
CME470601,制造系统信息安全,2,,"余建波,汪远翔","13163,23540",",null",专业选修课,英语,嘉定校区,"2023(智能制造工程 04009),2025(智能制造工程(二学位) 04069)",0,1,8,汪远翔(23540) 星期三5-8节 [5-8] 博楼B303 余建波(13163) 星期三5-8节 [1-4] 博楼B303
CME452401,工业智能云服务,2,,"陆剑峰,余春龙","01057,21031",",",专业选修课,中文,嘉定校区,"2023(智能制造工程 04009),2025(智能制造工程(二学位) 04069)",0,1,16,余春龙(21031) 星期一7-8节 [9-16] 博楼B311 陆剑峰(01057) 星期一7-8节 [1-8] 博楼B311
CME364101,智能制造工艺实验,1,,"王昆,张为民","07203,90037",",",实践环节课程,中文,嘉定校区,2024(智能制造工程 04009),0,9,16,王昆(07203) 星期三5-6节 [12-15] 博楼B113 张为民(90037) 星期三5-6节 [9-11 16] 博楼B113
CME361201,CPS与物联网实践,3,,伍光宇,25052,,实践环节课程,中文,嘉定校区,"2024(智能制造工程 04009),2024(智能制造工程(精英班) 09028)",0,1,16,伍光宇(25052) 星期三1-2节 [1-15单] 安楼A207 伍光宇(25052) 星期五3-4节 [1-16] 安楼A207
CME364201,机械电子系统项目设计,2,,姜涛,06073,,实践环节课程,中文,嘉定校区,2024(智能制造工程 04009),0,1,16,姜涛(06073) 星期三7-8节 [1-16] 博楼B312
CME460401,智能制造系统综合设计,4,,"李鹏忠,陆志强","04133,12068",",",个性化课程,中文,嘉定校区,"2023(智能制造工程 04009),2023(智能制造工程(精英班) 09028),2025(智能制造工程(二学位) 04069)",0,1,8,李鹏忠(04133) 星期四5-8节 [5-8] 博楼B306 陆志强(12068) 星期四5-8节 [1-4] 博楼B306 陆志强(12068) 星期五5-8节 [1-4] 博楼B306 李鹏忠(04133) 星期五5-8节 [5-8] 博楼B306
CME330602,人工智能,2,,唐堂,15173,,专业基础课,中文,嘉定校区,"2023(中德机械工程与机器人(创新实验区) 04004),2024(智能制造工程 04009),2024(智能制造工程(精英班) 09028)",0,1,16,唐堂(15173) 星期四3-4节 [1-16] 安楼A208
CME452501,德国工业技术,2,,涂倩思,22114,,专业选修课,中文,嘉定校区,2023(中德机械工程与机器人(创新实验区) 04004),0,1,8,涂倩思(22114) 星期三5-8节 [1-8] 安楼A110
CME120201,机械制图2,3,,赵清理,98786,,个性化课程,中文,嘉定校区,2023(工程力学(强基计划) 09001),0,1,16,赵清理(98786) 星期日9-11节 [1-16] 不排教室
CME470701,机械与能源数学基础强化,2,,项家樑,87514,,个性化课程,中文,嘉定校区,"2023(机械设计制造及其自动化 04034),2025(能源与动力工程(二学位) 04067)",0,1,8,项家樑(87514) 星期一5-8节 [1-8] 博楼B313
CME331001,电液控制基础,4,,米智楠,04187,,专业基础课,中文,四平路校区,"2024(智能建造 03005),2025(智能建造(二学位) 03069)",0,1,16,米智楠(04187) 星期一5-8节 [1-16] 南305
CME361701,生产系统网络与通信实践,3,,杨濛,23008,,实践环节课程,中文,嘉定校区,"2024(智能制造工程 04009),2024(智能制造工程(精英班) 09028)",0,1,16,杨濛(23008) 星期一5-6节 [1-16] 博楼B204 杨濛(23008) 星期三1-2节 [2-16双] 博楼B204
CME370501,智能制造技术基础,2,,赵清理,98786,,个性化课程,中文,四平路校区,"2024(生物技术(强基计划) 09003),2024(应用物理学(强基计划) 09005)",0,1,16,赵清理(98786) 星期六9-10节 [1-16] 不排教室
CME230601,机械原理,3,,姜涛,06073,,专业基础课,中文,嘉定校区,"2024(机械设计制造及其自动化(精英班) 09026),2024(车辆工程(汽车精英班) 09048),2024(车辆工程(创新实验区) 19030),2024(工业设计(车辆造型实验区) 55092),2025(机械设计制造及其自动化 04034),2025(车辆工程(汽车) 19027),2025(中德智慧新能源车辆(创新实验区) 19033)",0,1,16,姜涛(06073) 星期二3-4节 [1-16] 博楼B301 姜涛(06073) 星期三5-6节 [1-15单] 博楼B301
CME230602,机械原理,3,,林荣富,24504,null,专业基础课,中文,嘉定校区,"2024(机械设计制造及其自动化(精英班) 09026),2024(车辆工程(汽车精英班) 09048),2024(车辆工程(创新实验区) 19030),2024(工业设计(车辆造型实验区) 55092),2025(机械设计制造及其自动化 04034),2025(车辆工程(汽车) 19027),2025(中德智慧新能源车辆(创新实验区) 19033)",0,1,16,林荣富(24504) 星期二3-4节 [1-16] 博楼B304 林荣富(24504) 星期三5-6节 [1-15单] 博楼B304
CME230603,机械原理,3,,赵冬华,25176,null,专业基础课,中文,嘉定校区,"2024(机械设计制造及其自动化(精英班) 09026),2024(车辆工程(汽车精英班) 09048),2024(车辆工程(创新实验区) 19030),2024(工业设计(车辆造型实验区) 55092),2025(机械设计制造及其自动化 04034),2025(车辆工程(汽车) 19027),2025(中德智慧新能源车辆(创新实验区) 19033)",0,1,16,赵冬华(25176) 星期五5-7节 [1-16] 安楼A109
CME330701,机械设计基础,4,,陈茂林,16004,,专业核心课,中文,嘉定校区,2024(未来技术班(机器人) 09051),0,1,16,陈茂林(16004) 星期二3-4节 [1-16] 安楼A309 陈茂林(16004) 星期四5-6节 [1-16] 安楼A309
CME456501,特种加工,2,,赵清理,98786,,专业选修课,中文,嘉定校区,2023(飞行器制造工程 45024),0,1,16,赵清理(98786) 星期日7-8节 [1-16] 不排教室
CME352502,机械振动,2,,张氢,01136,,专业选修课,中文,嘉定校区,"2024(中德机械工程与机器人(创新实验区) 04004),2024(机械设计制造及其自动化 04034),2024(机械设计制造及其自动化(精英班) 09026)",0,1,16,张氢(01136) 星期五3-4节 [1-16] 博楼B214
CME352501,机械振动,2,,秦仙蓉,05196,,专业选修课,中文,嘉定校区,"2024(中德机械工程与机器人(创新实验区) 04004),2024(机械设计制造及其自动化 04034),2024(机械设计制造及其自动化(精英班) 09026)",0,1,16,秦仙蓉(05196) 星期五3-4节 [1-16] 博楼B212
CME352503,机械振动,2,,朱传敏,01065,,专业选修课,中文,嘉定校区,"2024(中德机械工程与机器人(创新实验区) 04004),2024(机械设计制造及其自动化 04034),2024(机械设计制造及其自动化(精英班) 09026)",0,1,16,朱传敏(01065) 星期五3-4节 [1-16] 博楼B210
CME361901,机械基础实验(上),1,,李梦如,16111,,实践环节课程,中文,嘉定校区,2025(机械设计制造及其自动化 04034),0,1,16,李梦如(16111) 星期四5-6节 [1-15单] 致臻楼205
CME361902,机械基础实验(上),1,,李梦如,16111,,实践环节课程,中文,嘉定校区,2025(机械设计制造及其自动化 04034),0,1,16,李梦如(16111) 星期四5-6节 [2-16双] 致臻楼205
CME361903,机械基础实验(上),1,,李梦如,16111,,实践环节课程,中文,嘉定校区,2025(机械设计制造及其自动化 04034),0,1,16,李梦如(16111) 星期四7-8节 [1-15单] 致臻楼205
CME361904,机械基础实验(上),1,,李梦如,16111,,实践环节课程,中文,嘉定校区,2025(机械设计制造及其自动化 04034),0,1,16,李梦如(16111) 星期四7-8节 [2-16双] 致臻楼205
CME361905,机械基础实验(上),1,,李梦如,16111,,实践环节课程,中文,嘉定校区,2025(智能制造工程 04009),0,1,16,李梦如(16111) 星期一7-8节 [1-15单] 致臻楼205
CME361906,机械基础实验(上),1,,李梦如,16111,,实践环节课程,中文,嘉定校区,2024(中德机械工程与机器人(创新实验区) 04004),0,1,16,李梦如(16111) 星期一7-8节 [2-16双] 致臻楼205
CME452601,机器人技术,2,,周爱国,04096,,专业选修课,中文,嘉定校区,"2023(中德机械工程与机器人(创新实验区) 04004),2023(机械设计制造及其自动化 04034)",0,1,8,周爱国(04096) 星期三1-4节 [1-8] 博楼B103
CME452702,生产系统学,2,,刘畅辉,20018,,专业选修课,英语,嘉定校区,"2023(中德机械工程与机器人(创新实验区) 04004),2023(机械设计制造及其自动化 04034),2025(机械设计制造及其自动化(二学位) 04068)",0,1,16,刘畅辉(20018) 星期三9-10节 [1-16] 复楼F202
CME452801,工程机械自动化与智能化技术,2,,朱玉田,05195,,专业选修课,中文,嘉定校区,"2023(中德机械工程与机器人(创新实验区) 04004),2023(机械设计制造及其自动化 04034),2025(机械设计制造及其自动化(二学位) 04068)",0,1,8,朱玉田(05195) 星期四5-8节 [1-8] 博楼B206
CME470902,智能运维,2,,唐堂,15173,,专业选修课,中文,嘉定校区,"2023(智能制造工程 04009),2023(智能制造工程(精英班) 09028),2025(智能制造工程(二学位) 04069)",0,1,16,唐堂(15173) 星期三3-4节 [1-16] 博楼B204
CME220201,机械制图,3,,吴战国,90425,,公共基础课,中文,嘉定校区,"2025(材料科学与工程 08014),2025(材料科学与工程(先进材料蕴元班) 08016),2025(车辆工程 43002)",0,1,16,吴战国(90425) 星期三1-2节 [1-16] 复楼F211 吴战国(90425) 星期五5-6节 [2-16双] 复楼F211
,机器人学,2,,胡宗杰,07121,,专业核心课,中文,嘉定校区,2024(未来技术班(机器人) 09051),0,1,16,胡宗杰(07121) 星期三3-4节 [1-16] 博楼B101
,机器人驱动与控制,2,,胡宗杰,07121,,专业核心课,中文,嘉定校区,2024(未来技术班(机器人) 09051),0,1,16,胡宗杰(07121) 星期二1-2节 [1-16] 博楼B101
,机器人智能控制（中级项目一）,8,,李国欣,24157,,实践环节课程,中文,嘉定校区,2024(未来技术班(机器人) 09051),0,1,16,李国欣(24157) 星期三5-8节 [1-16] 安楼A109 李国欣(24157) 星期五1-4节 [1-16] 安楼A109
CME261301,机器人结构与动力学控制（初级项目一）,6,,胡宗杰,07121,,实践环节课程,中文,四平路校区,2025(未来技术班(机器人) 09051),0,1,16,胡宗杰(07121) 星期一3-8节 [1-16] 北116
CME450102,智能机器人,3,,李智军,23111,,专业选修课,中文,嘉定校区,"2023(智能制造工程 04009),2023(智能制造工程(精英班) 09028)",0,1,12,李智军(23111) 星期二3-4节 [1-12] 博楼B103 李智军(23111) 星期五3-4节 [1-12] 博楼B103
CME290201,机械制图（卓）,3,,李梦如,16111,,领域基础课,中文,四平路校区,2025(卓越计划班（机器人） 09104),0,1,16,李梦如(16111) 星期三9-11节 [1-16] 北101
CME260601,实践I（机器人结构与设计）,4,,"焦宏飞,张长柱,魏先顺,张磊,陈永霖,赵冬华","11068,13528,15027,17530,24166,25176","教授,副教授,副教授,长聘教授,助理教授（长聘体系）,null",实践环节课程,中文,四平路校区,2025(卓越计划班（机器人） 09104),0,1,16,"焦宏飞(11068),魏先顺(15027) 星期三5-8节 [15] 北221 陈永霖(24166) 星期三5-8节 [14] 北221 赵冬华(25176) 星期三5-8节 [13 16] 北221 焦宏飞(11068) 星期三5-8节 [5-6] 北129 魏先顺(15027) 星期三5-8节 [11-12] 北129 赵冬华(25176) 星期三5-8节 [1-2] 北129 张长柱(13528) 星期三5-8节 [7-8] 北129 张磊(17530) 星期三5-8节 [9-10] 北129 陈永霖(24166) 星期三5-8节 [3-4] 北129"
CME260602,实践I（机器人结构与设计）,4,,"焦宏飞,张长柱,魏先顺,张磊,陈永霖,赵冬华","11068,13528,15027,17530,24166,25176","教授,副教授,副教授,长聘教授,助理教授（长聘体系）,null",实践环节课程,中文,四平路校区,2025(卓越计划班（机器人） 09104),0,1,16,"陈永霖(24166) 星期三5-8节 [13 16] 北217 焦宏飞(11068) 星期三5-8节 [5-6] 北129 魏先顺(15027) 星期三5-8节 [11-12] 北129 赵冬华(25176) 星期三5-8节 [1-2] 北129 赵冬华(25176) 星期三5-8节 [15] 北217 张长柱(13528) 星期三5-8节 [7-8] 北129 焦宏飞(11068),魏先顺(15027) 星期三5-8节 [14] 北217 张磊(17530) 星期三5-8节 [9-10] 北129 陈永霖(24166) 星期三5-8节 [3-4] 北129"
CME260603,实践I（机器人结构与设计）,4,,"焦宏飞,张长柱,魏先顺,张磊,陈永霖,赵冬华","11068,13528,15027,17530,24166,25176","教授,副教授,副教授,长聘教授,助理教授（长聘体系）,null",实践环节课程,中文,四平路校区,2025(卓越计划班（机器人） 09104),0,1,16,"赵冬华(25176) 星期三5-8节 [14] 北218 焦宏飞(11068) 星期三5-8节 [5-6] 北129 魏先顺(15027) 星期三5-8节 [11-12] 北129 赵冬华(25176) 星期三5-8节 [1-2] 北129 焦宏飞(11068),魏先顺(15027) 星期三5-8节 [13 16] 北218 张长柱(13528) 星期三5-8节 [7-8] 北129 陈永霖(24166) 星期三5-8节 [15] 北218 张磊(17530) 星期三5-8节 [9-10] 北129 陈永霖(24166) 星期三5-8节 [3-4] 北129"
土木工程学院,,,,,,,,,,,,,,
,,,,,,,,,,,,,,
CCE220101,画法几何及工程制图(二),3,,吴杰,03206,,专业必修课,中文,四平路校区,"2025(工程管理 01014),2025(经济管理类(数据科学与智能决策实验区) 01098)",0,1,16,吴杰(03206) 星期一9-11节 [1-16] 南408
CCE331301,混凝土结构基本原理,3,,顾祥林,88078,,专业基础课,中文,四平路校区,2024(智能建造 03005),0,1,16,顾祥林(88078) 星期二1-2节 [1-16] 南308 顾祥林(88078) 星期三5-6节 [2-16双] 南308
CCE261401,基础地质实验,1,,王建秀,04183,,实践环节课程,中文,四平路校区,"2025(地质工程 03034),2025(地质工程(应用物理学双学士学位) 03077),2025(地质工程(精英班) 09043)",0,1,8,王建秀(04183) 星期三9-11节 [2-7] 实验室
CCE230301,建筑力学,4,,陈星,23177,,专业基础课,中文,四平路校区,2025(工程管理 01014),0,1,16,陈星(23177) 星期一3-4节 [1-16] 南412 陈星(23177) 星期四1-2节 [1-16] 南412
CCE220501,画法几何与工程制图,2,,吴杰,03206,,公共基础课,中文,四平路校区,"2025(土木工程(精英班) 09042),2025(地质工程(精英班) 09043),2025(智能建造(精英班) 09044)",0,1,16,吴杰(03206) 星期日7-8节 [1-16] 不排教室
CCE230602,弹性力学,2,,张冬梅,03062,,专业基础课,中文,四平路校区,"2024(土木工程 03014),2024(地质工程 03034),2024(土木工程(数学与应用数学双学士学位) 03065),2025(地质工程 03034),2025(地质工程(应用物理学双学士学位) 03077)",0,1,16,张冬梅(03062) 星期五1-2节 [1-16] 南421
CCE230603,弹性力学,2,,乔亚飞,17127,,专业基础课,中文,四平路校区,"2024(土木工程 03014),2024(地质工程 03034),2024(土木工程(数学与应用数学双学士学位) 03065),2025(地质工程 03034),2025(地质工程(应用物理学双学士学位) 03077)",0,1,16,乔亚飞(17127) 星期五1-2节 [1-16] 南419
CCE230604,弹性力学,2,,黄昕,15020,,专业基础课,中文,四平路校区,"2024(土木工程 03014),2024(地质工程 03034),2024(土木工程(数学与应用数学双学士学位) 03065),2025(地质工程 03034),2025(地质工程(应用物理学双学士学位) 03077)",0,1,16,黄昕(15020) 星期五1-2节 [1-16] 南418
CCE230605,弹性力学,2,,马海英,15033,,专业基础课,中文,四平路校区,"2024(土木工程 03014),2024(地质工程 03034),2024(土木工程(数学与应用数学双学士学位) 03065),2025(地质工程 03034),2025(地质工程(应用物理学双学士学位) 03077)",0,1,16,马海英(15033) 星期五1-2节 [1-16] 南417
CCE230606,弹性力学,2,,张丰收,16148,,专业基础课,英语,四平路校区,"2024(土木工程 03014),2024(地质工程 03034),2024(土木工程(数学与应用数学双学士学位) 03065),2024(土木工程(国际班) 03074),2025(地质工程 03034),2025(地质工程(应用物理学双学士学位) 03077)",0,1,16,张丰收(16148) 星期五1-2节 [1-16] 南416
CCE230601,弹性力学,2,,庄晓莹,10140,,专业基础课,中文,四平路校区,"2024(土木工程 03014),2024(地质工程 03034),2024(土木工程(数学与应用数学双学士学位) 03065),2025(地质工程 03034),2025(地质工程(应用物理学双学士学位) 03077)",0,1,16,庄晓莹(10140) 星期五1-2节 [1-16] 南422
,轨道交通桥梁工程,2,,李奇,08120,,专业必修课,中文,四平路校区,"2023(土木工程 03014),2023(土木工程(数学与应用数学双学士学位) 03065),2023(土木工程(法学双学士学位) 03067)",0,1,16,李奇(08120) 星期二3-4节 [1-16] 南122
CCE361401,钢结构基本原理实验,1,,罗金辉,14135,,实践环节课程,中文,四平路校区,2024(智能建造 03005),0,1,16,罗金辉(14135) 星期三9-10节 [1-15单] 实验室
CCE361402,钢结构基本原理实验,1,,王伟,05183,,实践环节课程,中文,四平路校区,2024(土木工程 03014),0,1,16,王伟(05183) 星期一9-10节 [2-16双] 实验室
CCE361403,钢结构基本原理实验,1,,王烨华,14131,,实践环节课程,中文,四平路校区,"2024(土木工程 03014),2024(土木工程(法学双学士学位) 03067)",0,1,16,王烨华(14131) 星期四9-10节 [2-16双] 实验室
CCE361404,钢结构基本原理实验,1,,王彦博,17112,,实践环节课程,中文,四平路校区,2024(土木工程 03014),0,1,16,王彦博(17112) 星期四9-10节 [1-15单] 实验室
CCE361405,钢结构基本原理实验,1,,周晅毅,04025,,实践环节课程,中文,四平路校区,"2024(智能建造 03005),2024(土木工程(数学与应用数学双学士学位) 03065)",0,1,16,周晅毅(04025) 星期三9-10节 [2-16双] 实验室
CCE361406,钢结构基本原理实验,1,,高伟航,23176,,实践环节课程,中文,四平路校区,2024(土木工程 03014),0,1,16,高伟航(23176) 星期五9-10节 [2-16双] 实验室
CCE361407,钢结构基本原理实验,1,,朱劭骏,22131,,实践环节课程,英语,四平路校区,2024(土木工程(国际班) 03074),0,1,16,朱劭骏(22131) 星期一9-10节 [1-15单] 实验室
CCE091401,建设工程法规,2,,鲁正,11080,,社会发展与国际视野,中文,四平路校区,,0,1,12,鲁正(11080) 星期三7-8节 [1-12] 北319
CCE091402,建设工程法规,2,,彭勇波,09168,,社会发展与国际视野,中文,四平路校区,,0,1,12,彭勇波(09168) 星期四7-8节 [1-12] 北322
CCE331201,工程机电,1,,王达磊,03057,,专业基础课,中文,四平路校区,"2024(土木工程 03014),2024(土木工程(数学与应用数学双学士学位) 03065),2024(土木工程(法学双学士学位) 03067),2024(土木工程(国际班) 03074)",0,9,16,王达磊(03057) 星期一3-4节 [9-16] 北317
CCE331202,工程机电,1,,刘海,89504,,专业基础课,中文,四平路校区,"2024(土木工程 03014),2024(土木工程(数学与应用数学双学士学位) 03065),2024(土木工程(法学双学士学位) 03067),2024(土木工程(国际班) 03074)",0,9,16,刘海(89504) 星期一3-4节 [9-16] 北315
CCE331203,工程机电,1,,程进,02135,,专业基础课,中文,四平路校区,"2024(土木工程 03014),2024(土木工程(数学与应用数学双学士学位) 03065),2024(土木工程(法学双学士学位) 03067),2024(土木工程(国际班) 03074)",0,9,16,程进(02135) 星期一3-4节 [9-16] 南309
CCE331204,工程机电,1,,陈旭,23072,,专业基础课,英语,四平路校区,"2024(土木工程 03014),2024(土木工程(数学与应用数学双学士学位) 03065),2024(土木工程(法学双学士学位) 03067),2024(土木工程(国际班) 03074)",0,9,16,陈旭(23072) 星期一3-4节 [9-16] 南410
CCE331101,地貌学与第四纪地质,1,,王琼,17523,,专业基础课,中文,四平路校区,2024(地质工程 03034),0,1,8,王琼(17523) 星期三1-2节 [1-8] 南416
,地震工程地质,1,,叶真华,92178,,专业选修课,中文,四平路校区,"2023(地质工程 03034),2025(地质工程(二学位) 03066)",0,1,8,叶真华(92178) 星期三1-2节 [1-8] 北219
CCE452201,高层建筑基础,1,,李卫超,15017,,专业选修课,中文,四平路校区,"2023(土木工程 03014),2023(土木工程(数学与应用数学双学士学位) 03065),2023(土木工程(法学双学士学位) 03067),2025(土木工程(二学位) 03068)",0,1,8,李卫超(15017) 星期四7-8节 [1-8] 南419
CCE350901,土工合成材料,1,,任非凡,10020,,专业选修课,中文,四平路校区,"2023(地质工程 03034),2025(地质工程(二学位) 03066)",0,1,8,任非凡(10020) 星期日9-10节 [1-8] 不排教室
CCE452101,高等结构试验,1,,沈之容,92512,,专业选修课,中文,四平路校区,"2023(土木工程 03014),2023(土木工程(数学与应用数学双学士学位) 03065),2023(土木工程(法学双学士学位) 03067)",0,1,8,沈之容(92512) 星期五3-4节 [1-8] 南320
CCE452102,高等结构试验,1,,赵斌,00060,,专业选修课,英语,四平路校区,"2023(土木工程 03014),2023(土木工程(数学与应用数学双学士学位) 03065),2023(土木工程(法学双学士学位) 03067)",0,1,8,赵斌(00060) 星期五3-4节 [1-8] 南410
CCE450301,高耸结构,1,,陈俊岭,04200,,专业选修课,中文,四平路校区,"2023(土木工程 03014),2023(土木工程(数学与应用数学双学士学位) 03065),2023(土木工程(法学双学士学位) 03067)",0,1,8,陈俊岭(04200) 星期一5-6节 [1-8] 北310
CCE450401,空间结构,1,,胡晓依,91118,,专业选修课,中文,四平路校区,"2023(土木工程 03014),2023(土木工程(数学与应用数学双学士学位) 03065),2023(土木工程(法学双学士学位) 03067),2025(土木工程(二学位) 03068)",0,1,8,胡晓依(91118) 星期三5-6节 [1-8] 北320
CCE452701,建筑结构抗火,1,,蒋首超,01086,,专业选修课,中文,四平路校区,"2023(智能建造 03005),2023(土木工程 03014),2023(土木工程(数学与应用数学双学士学位) 03065),2023(土木工程(法学双学士学位) 03067),2023(土木工程(精英班) 09042)",0,1,8,蒋首超(01086) 星期四5-6节 [1-8] 南322
CCE452601,建筑结构抗爆,1,,"陈素文,陈星","01028,23177",",",专业选修课,中文,四平路校区,"2023(土木工程 03014),2023(土木工程(数学与应用数学双学士学位) 03065),2023(土木工程(法学双学士学位) 03067)",0,1,8,陈星(23177) 星期四5-6节 [4-5] 南317 陈素文(01028) 星期四5-6节 [1-3 6-8] 南317
,地下结构CAD与二次开发,2,,闫治国,07101,,专业选修课,中文,四平路校区,"2023(智能建造 03005),2023(土木工程 03014),2023(土木工程(数学与应用数学双学士学位) 03065),2023(土木工程(法学双学士学位) 03067),2023(土木工程(精英班) 09042)",0,1,16,闫治国(07101) 星期四5-6节 [1-16] 土木学院机房
,桥梁工程（下）,3,,叶爱君,98038,,专业必修课,中文,四平路校区,"2023(智能建造 03005),2023(土木工程 03014),2023(土木工程(数学与应用数学双学士学位) 03065),2023(土木工程(法学双学士学位) 03067),2023(土木工程(精英班) 09042),2025(土木工程(二学位) 03068)",0,1,12,叶爱君(98038) 星期一1-2节 [1-12] 北319 叶爱君(98038) 星期三3-4节 [1-12] 北319
,桥梁工程发展与展望,1,,杨詠昕,02127,,专业选修课,中文,四平路校区,"2023(土木工程 03014),2023(土木工程(数学与应用数学双学士学位) 03065),2023(土木工程(法学双学士学位) 03067),2025(土木工程(二学位) 03068)",0,9,16,杨詠昕(02127) 星期二3-4节 [9-16] 南119
,土木工程加固施工,2,,和留生,16025,,专业必修课,中文,四平路校区,"2023(土木工程 03014),2023(土木工程(数学与应用数学双学士学位) 03065),2023(土木工程(法学双学士学位) 03067),2023(土木工程(精英班) 09042),2025(土木工程(二学位) 03068)",0,1,16,和留生(16025) 星期三3-4节 [1-16] 北219
,工程保险学,2,,任晓崧,93234,,专业选修课,中文,四平路校区,"2023(土木工程 03014),2023(土木工程(数学与应用数学双学士学位) 03065),2023(土木工程(法学双学士学位) 03067)",0,1,12,任晓崧(93234) 星期四3-4节 [1-12] 北317
,建筑隔震与减震,1,,张瑞甫,15025,,专业选修课,中文,四平路校区,"2023(土木工程 03014),2023(土木工程(数学与应用数学双学士学位) 03065),2023(土木工程(法学双学士学位) 03067),2025(土木工程(二学位) 03068)",0,9,16,张瑞甫(15025) 星期一3-4节 [9-16] 北319
,建筑工程全过程课程设计,7,,"赵勇,罗晓群,段珍华,丁陶,刘海,沈之容,孟刚","03065,03187,16044,18607,89504,92512,94038",",,,,,,",实践环节课程,中文,四平路校区,"2023(土木工程 03014),2023(土木工程(数学与应用数学双学士学位) 03065),2023(土木工程(法学双学士学位) 03067),2025(土木工程(二学位) 03068)",0,1,16,赵勇(03065) 星期二1-4节 [8] 土木学院B102机房 罗晓群(03187) 星期二1-4节 [11] 土木学院B102机房 沈之容(92512) 星期二1-4节 [10-12双 13-14] 南419 刘海(89504) 星期二1-4节 [15] 南419 段珍华(16044) 星期二1-4节 [16] 南419 丁陶(18607) 星期二1-4节 [3-7 9] 南419 孟刚(94038) 星期二1-4节 [1-2] 南419 刘海(89504) 星期四1-3节 [16] 南419 丁陶(18607) 星期四1-3节 [2-6 8-9] 南419 孟刚(94038) 星期四1-3节 [1] 南419 段珍华(16044) 星期四1-3节 [14-15] 南419 沈之容(92512) 星期四1-3节 [11-13] 南419 赵勇(03065) 星期四1-3节 [7] 土木学院B102机房 罗晓群(03187) 星期四1-3节 [10] 土木学院B102机房
,建筑工程全过程课程设计,7,,"赵勇,罗晓群,胡向磊,杨彬,王彦博,许碧莞","03065,03187,05144,09087,17112,21045",",,,,,",实践环节课程,中文,四平路校区,"2023(土木工程 03014),2023(土木工程(数学与应用数学双学士学位) 03065),2023(土木工程(法学双学士学位) 03067),2025(土木工程(二学位) 03068)",0,1,16,赵勇(03065) 星期二1-4节 [8] 土木学院B102机房 罗晓群(03187) 星期二1-4节 [11] 土木学院B102机房 杨彬(09087) 星期二1-4节 [16] 南410 许碧莞(21045) 星期二1-4节 [15] 南410 赵勇(03065) 星期二1-4节 [3-7 9] 南410 胡向磊(05144) 星期二1-4节 [1-2] 南410 王彦博(17112) 星期二1-4节 [10-12双 13-14] 南410 赵勇(03065) 星期四1-3节 [2-6 8-9] 南410 王彦博(17112) 星期四1-3节 [11-13] 南410 赵勇(03065) 星期四1-3节 [7] 土木学院B102机房 杨彬(09087) 星期四1-3节 [14-15] 南410 许碧莞(21045) 星期四1-3节 [16] 南410 罗晓群(03187) 星期四1-3节 [10] 土木学院B102机房 胡向磊(05144) 星期四1-3节 [1] 南410
,建筑工程全过程课程设计,7,,"叶海,朱大宇,楼国彪,黄庆华,胡晓依,刘沈如,高向玲","00010,01025,06037,06158,91118,92429,94504",",,,,,,",实践环节课程,中文,四平路校区,"2023(土木工程 03014),2023(土木工程(数学与应用数学双学士学位) 03065),2023(土木工程(法学双学士学位) 03067),2025(土木工程(二学位) 03068)",0,1,16,叶海(00010) 星期二1-4节 [1-2] 南418 朱大宇(01025) 星期二1-4节 [16] 南418 高向玲(94504) 星期二1-4节 [3-7 9] 南418 楼国彪(06037) 星期二1-4节 [10-12双 13-14] 南418 刘沈如(92429) 星期二1-4节 [11] 土木学院B102机房 胡晓依(91118) 星期二1-4节 [15] 南418 黄庆华(06158) 星期二1-4节 [8] 土木学院B102机房 胡晓依(91118) 星期四1-3节 [16] 南418 叶海(00010) 星期四1-3节 [1] 南418 朱大宇(01025) 星期四1-3节 [14-15] 南418 楼国彪(06037) 星期四1-3节 [11-13] 南418 黄庆华(06158) 星期四1-3节 [7] 土木学院B102机房 刘沈如(92429) 星期四1-3节 [10] 土木学院B102机房 高向玲(94504) 星期四1-3节 [2-6 8-9] 南418
,地下建筑全过程课程设计,7,,"蔡永昌,柳献,陈之毅,谭勇,禹海涛,乔亚飞,廖少明,丁文其","03021,07023,07059,09113,12224,17127,91062,97126",",,,,,,,",实践环节课程,中文,四平路校区,"2023(土木工程 03014),2023(土木工程(数学与应用数学双学士学位) 03065),2023(土木工程(法学双学士学位) 03067),2025(土木工程(二学位) 03068)",0,1,16,丁文其(97126) 星期三5-7节 [1-3 12-16] 南422 乔亚飞(17127) 星期三5-7节 [10] 南422 陈之毅(07059) 星期三5-7节 [8-9] 南422 柳献(07023) 星期三5-7节 [11] 南422 廖少明(91062) 星期三5-7节 [4-7] 南422 谭勇(09113) 星期五1-4节 [9-16] 土木学院B102机房 蔡永昌(03021) 星期五1-4节 [1-2] 土木学院B102机房 禹海涛(12224) 星期五1-4节 [3-8] 土木学院B102机房
,岩土工程全过程课程设计,7,,"艾智勇,钱建固,贾敏才,梁发云,吕玺琳,木林隆,陈宏信,俞剑,王琛","00077,03138,03179,04081,09025,12076,16020,19063,19608",",,,,,,,,",实践环节课程,中文,四平路校区,"2023(土木工程 03014),2023(土木工程(数学与应用数学双学士学位) 03065),2023(土木工程(法学双学士学位) 03067),2025(土木工程(二学位) 03068)",0,1,16,木林隆(12076) 星期三5-7节 [11-14] 南419 俞剑(19063) 星期三5-7节 [6-7] 南419 贾敏才(03179) 星期三5-7节 [15-16] 南419 王琛(19608) 星期三5-7节 [5] 南419 艾智勇(00077) 星期三5-7节 [8-10] 南419 陈宏信(16020) 星期三5-7节 [4] 南419 吕玺琳(09025) 星期三5-7节 [3] 南419 梁发云(04081) 星期三5-7节 [2] 南419 钱建固(03138) 星期三5-7节 [1] 南419 吕玺琳(09025) 星期五1-4节 [1-4 11-14 16] 学院机房 俞剑(19063) 星期五1-4节 [8-10] 学院机房 王琛(19608) 星期五1-4节 [5] 学院机房 陈宏信(16020) 星期五1-4节 [6-7 15] 学院机房
,桥梁工程全过程课程设计,7,,"王志强,徐艳,阮欣,管仲国,倪艳春,张国泉","00067,05203,05215,06121,17109,91506",",,,,,",实践环节课程,中文,四平路校区,"2023(土木工程 03014),2023(土木工程(数学与应用数学双学士学位) 03065),2023(土木工程(法学双学士学位) 03067),2025(土木工程(二学位) 03068)",0,1,16,"管仲国(06121) 星期一5-7节 [3-4] 南419 倪艳春(17109) 星期一5-7节 [10 15] 南419 张国泉(91506) 星期一5-7节 [2 7-8 11-12] 南419 徐艳(05203) 星期一5-7节 [6 13-14 16] 南419 王志强(00067) 星期一5-7节 [5 9] 南419 阮欣(05215),管仲国(06121) 星期一5-7节 [1] 南419 徐艳(05203) 星期三5-8节 [13-14] 桥梁馆 张国泉(91506) 星期三5-8节 [2 7 11] 桥梁馆 倪艳春(17109) 星期三5-8节 [10 15] 桥梁馆 管仲国(06121) 星期三5-8节 [1-3单 4 8 12 16] 桥梁馆 王志强(00067) 星期三5-8节 [5-6 9] 桥梁馆"
,道路工程全过程课程设计,7,,"孙斌,王俊骅,傅挺,程怀磊,贾丽君,陈崇驹,黄琴龙","01026,08039,20001,24018,91054,92507,93503",",,,,,,",实践环节课程,中文,四平路校区,"2023(土木工程 03014),2023(土木工程(数学与应用数学双学士学位) 03065),2023(土木工程(法学双学士学位) 03067)",0,1,16,孙斌(01026) 星期二1-3节 [12] 南409 陈崇驹(92507) 星期二1-3节 [9 15] 南409 黄琴龙(93503) 星期二1-3节 [7-8 10 16] 南409 王俊骅(08039) 星期二1-3节 [1-6] 南409 程怀磊(24018) 星期二1-3节 [13-14] 南409 贾丽君(91054) 星期二1-3节 [11] 南409 黄琴龙(93503) 星期五1-4节 [7] 嘉定校区致臻楼 黄琴龙(93503) 星期五1-4节 [8-10双 16] 南409 程怀磊(24018) 星期五1-4节 [14] 南409 贾丽君(91054) 星期五1-4节 [11] 南409 陈崇驹(92507) 星期五1-4节 [9 15] 南409 傅挺(20001) 星期五1-4节 [1-6] 南409 孙斌(01026) 星期五1-4节 [12] 南409 程怀磊(24018) 星期五1-4节 [13] 嘉定校区致臻楼
,轨道交通工程全过程课程设计,7,,"王治,周宇,李奇,杨龙才,丁春林","00797,07068,08120,93751,96712",",,教授,,",实践环节课程,中文,四平路校区,"2023(土木工程 03014),2023(土木工程(数学与应用数学双学士学位) 03065),2023(土木工程(法学双学士学位) 03067)",0,1,16,杨龙才(93751) 星期一5-7节 [5-7] 南418 丁春林(96712) 星期一5-7节 [11-13] 南418 周宇(07068) 星期一5-7节 [14-16] 南418 李奇(08120) 星期一5-7节 [8-10] 南418 王治(00797) 星期一9-11节 [1-4] 南418 王治(00797) 星期三5-8节 [2-4 14] 南418 杨龙才(93751) 星期三5-8节 [5-7] 南418 周宇(07068) 星期三5-8节 [15-16] 南418 丁春林(96712) 星期三5-8节 [1] 土木大楼B102机房 丁春林(96712) 星期三5-8节 [11-13] 南418 李奇(08120) 星期三5-8节 [8-10] 南418
,工程防灾与风险评估全过程课程设计,7,,"宗刚,余江滔,周志光,余琼,李检保","05221,07087,12085,93028,98035",",,,,",实践环节课程,中文,四平路校区,"2023(土木工程 03014),2023(土木工程(数学与应用数学双学士学位) 03065),2023(土木工程(法学双学士学位) 03067),2025(土木工程(二学位) 03068)",0,1,16,周志光(12085) 星期一5-7节 [3 14] 学院机房 宗刚(05221) 星期一5-7节 [2 12-13] 南416 余江滔(07087) 星期一5-7节 [1] 南416 余琼(93028) 星期一5-7节 [9-11 15-16] 学院机房 李检保(98035) 星期一5-7节 [4-6 8] 学院机房 余江滔(07087) 星期一5-7节 [7] 学院机房 余江滔(07087) 星期三5-8节 [7] 学院机房 宗刚(05221) 星期三5-8节 [2 12-13] 南416 余江滔(07087) 星期三5-8节 [1] 南416 周志光(12085) 星期三5-8节 [3 14] 学院机房 余琼(93028) 星期三5-8节 [9-11 15-16] 学院机房 李检保(98035) 星期三5-8节 [4-6 8] 学院机房
CCE220901,建筑结构,4,,"Zeeshan Qaiser,王梁坤","22190,22191",",",公共基础课,英语,四平路校区,2025(建筑学(国际班) 02002),0,1,16,王梁坤(22191) 星期一1-2节 [1-8] 北322 Zeeshan Qaiser(22190) 星期一1-2节 [9-16] 北322 王梁坤(22191) 星期三3-4节 [1-8] 北322 Zeeshan Qaiser(22190) 星期三3-4节 [9-16] 北322
CCE330901,土质学与土力学,2,,高彦斌,99039,,专业基础课,中文,四平路校区,2024(地质工程 03034),0,1,16,高彦斌(99039) 星期三3-4节 [1-16] 南214
CCE440601,工程地下水,2,,周洁,15050,,专业必修课,中文,四平路校区,"2023(地质工程 03034),2025(地质工程(二学位) 03066)",0,1,16,周洁(15050) 星期四3-4节 [1-16] 南210
,工程地质与水文地质,2,,王琼,17523,,专业选修课,中文,四平路校区,2023(风景园林 02094),0,1,16,王琼(17523) 星期三3-4节 [1-16] 南217
CCE092001,桥梁工程、科技与文化,2,,"孙利民,王达磊,夏烨,陈林","01129,03057,14040,16503",",,,",工程能力与创新思维,中文,四平路校区,,0,1,12,陈林(16503) 星期三7-8节 [11-12] 南420 夏烨(14040) 星期三7-8节 [2-3] 南420 王达磊(03057) 星期三7-8节 [1 8-10] 南420 孙利民(01129) 星期三7-8节 [4-7] 南420
CCE330101,混凝土结构基本原理,4,,宋晓滨,09053,,专业基础课,中文,四平路校区,"2024(土木工程 03014),2024(地质工程 03034),2024(土木工程(数学与应用数学双学士学位) 03065),2024(土木工程(法学双学士学位) 03067),2024(土木工程(国际班) 03074),2024(生物技术(强基计划) 09003),2024(应用物理学(强基计划) 09005)",0,1,16,宋晓滨(09053) 星期二3-4节 [1-16] 南317 宋晓滨(09053) 星期四1-2节 [1-16] 南317
CCE330102,混凝土结构基本原理,4,,阮欣,05215,,个性化课程,中文,嘉定校区,2024(工程力学(强基计划) 09001),0,1,16,阮欣(05215) 星期六1-4节 [1-16] 教室专用
CCE330103,混凝土结构基本原理,4,,刘超,06106,,专业基础课,中文,四平路校区,"2024(土木工程 03014),2024(地质工程 03034),2024(土木工程(数学与应用数学双学士学位) 03065),2024(土木工程(法学双学士学位) 03067),2024(生物技术(强基计划) 09003),2024(应用物理学(强基计划) 09005)",0,1,16,刘超(06106) 星期二3-4节 [1-16] 南315 刘超(06106) 星期四1-2节 [1-16] 南315
CCE330104,混凝土结构基本原理,4,,柳献,07023,,专业基础课,中文,四平路校区,"2024(土木工程 03014),2024(地质工程 03034),2024(土木工程(数学与应用数学双学士学位) 03065),2024(土木工程(法学双学士学位) 03067),2024(生物技术(强基计划) 09003),2024(应用物理学(强基计划) 09005)",0,1,16,柳献(07023) 星期二3-4节 [1-16] 南314 柳献(07023) 星期四1-2节 [1-16] 南314
CCE330105,混凝土结构基本原理,4,,李方元,04026,,专业基础课,中文,四平路校区,"2024(土木工程 03014),2024(地质工程 03034),2024(土木工程(数学与应用数学双学士学位) 03065),2024(土木工程(法学双学士学位) 03067),2024(生物技术(强基计划) 09003),2024(应用物理学(强基计划) 09005)",0,1,16,李方元(04026) 星期二3-4节 [1-16] 南312 李方元(04026) 星期四1-2节 [1-16] 南312
CCE330106,混凝土结构基本原理,4,,朱鹏,11004,,专业基础课,中文,四平路校区,"2024(土木工程 03014),2024(地质工程 03034),2024(土木工程(数学与应用数学双学士学位) 03065),2024(土木工程(法学双学士学位) 03067),2024(生物技术(强基计划) 09003),2024(应用物理学(强基计划) 09005)",0,1,16,朱鹏(11004) 星期二3-4节 [1-16] 南310 朱鹏(11004) 星期四1-2节 [1-16] 南310
CCE330107,混凝土结构基本原理,4,,余倩倩,14528,,专业基础课,中文,四平路校区,"2024(土木工程 03014),2024(地质工程 03034),2024(土木工程(数学与应用数学双学士学位) 03065),2024(土木工程(法学双学士学位) 03067),2024(生物技术(强基计划) 09003),2024(应用物理学(强基计划) 09005)",0,1,16,余倩倩(14528) 星期二3-4节 [1-16] 南309 余倩倩(14528) 星期四1-2节 [1-16] 南309
CCE330108,混凝土结构基本原理,4,,谢强,04099,,专业基础课,中文,四平路校区,"2024(土木工程 03014),2024(地质工程 03034),2024(土木工程(数学与应用数学双学士学位) 03065),2024(土木工程(法学双学士学位) 03067),2024(生物技术(强基计划) 09003),2024(应用物理学(强基计划) 09005)",0,1,16,谢强(04099) 星期二3-4节 [1-16] 南308 谢强(04099) 星期四1-2节 [1-16] 南308
CCE330109,混凝土结构基本原理,4,,薛伟辰,97075,,专业基础课,中文,四平路校区,"2024(土木工程 03014),2024(地质工程 03034),2024(土木工程(数学与应用数学双学士学位) 03065),2024(土木工程(法学双学士学位) 03067),2024(生物技术(强基计划) 09003),2024(应用物理学(强基计划) 09005)",0,1,16,薛伟辰(97075) 星期二3-4节 [1-16] 南420 薛伟辰(97075) 星期四1-2节 [1-16] 南420
CCE330110,混凝土结构基本原理,4,,姜超,25016,,专业基础课,中文,四平路校区,"2024(土木工程 03014),2024(地质工程 03034),2024(土木工程(数学与应用数学双学士学位) 03065),2024(土木工程(法学双学士学位) 03067),2024(生物技术(强基计划) 09003),2024(应用物理学(强基计划) 09005)",0,1,16,姜超(25016) 星期二3-4节 [1-16] 北322 姜超(25016) 星期四1-2节 [1-16] 北322
CCE330111,混凝土结构基本原理,4,,周勇,05240,,专业基础课,英语,四平路校区,"2024(土木工程 03014),2024(地质工程 03034),2024(土木工程(数学与应用数学双学士学位) 03065),2024(土木工程(法学双学士学位) 03067),2024(土木工程(国际班) 03074),2024(生物技术(强基计划) 09003),2024(应用物理学(强基计划) 09005)",0,1,16,周勇(05240) 星期二3-4节 [1-16] 北319 周勇(05240) 星期四1-2节 [1-16] 北319
CCE261801,矿物与岩石学实验,1,,叶真华,92178,讲师,实践环节课程,中文,四平路校区,2025(地质工程 03034),0,4,12,叶真华(92178) 星期四9-10节 [4-12] 岩土楼412
CCE261802,矿物与岩石学实验,1,,叶真华,92178,讲师,实践环节课程,中文,四平路校区,"2025(地质工程 03034),2025(地质工程(应用物理学双学士学位) 03077),2025(地质工程(精英班) 09043)",0,4,12,叶真华(92178) 星期四7-8节 [4-12] 岩土楼412
CCE240201,建筑力学,3,,"刘威,吴艾辉","01024,07212",",",专业必修课,中文,四平路校区,"2025(建筑学 02015),2025(历史建筑保护工程 02084)",0,1,16,刘威(01024) 星期四9-11节 [9-16] 南205 吴艾辉(07212) 星期四9-11节 [1-8] 南205
CCE461401,工程结构全寿命维护实验,1,,李培振,03005,,实践环节课程,中文,四平路校区,2023(土木工程 03014),0,1,16,李培振(03005) 星期三9-10节 [1-15单] 实验室
CCE461402,工程结构全寿命维护实验,1,,姜超,25016,,实践环节课程,中文,四平路校区,2023(土木工程 03014),0,1,16,姜超(25016) 星期三9-10节 [1-15单] 实验室
CCE461403,工程结构全寿命维护实验,1,,李素贞,07165,,实践环节课程,中文,四平路校区,"2023(智能建造 03005),2023(土木工程 03014),2023(土木工程(数学与应用数学双学士学位) 03065),2023(土木工程(法学双学士学位) 03067),2023(土木工程(精英班) 09042),2025(土木工程(二学位) 03068),2025(智能建造(二学位) 03069)",0,1,16,李素贞(07165) 星期三9-10节 [2-16双] 实验室
CCE461404,工程结构全寿命维护实验,1,,余江滔,07087,,实践环节课程,中文,四平路校区,"2023(智能建造 03005),2023(土木工程 03014),2023(土木工程(数学与应用数学双学士学位) 03065),2023(土木工程(法学双学士学位) 03067),2023(土木工程(精英班) 09042),2025(土木工程(二学位) 03068),2025(智能建造(二学位) 03069)",0,1,16,余江滔(07087) 星期三9-10节 [2-16双] 实验室
CCE461405,工程结构全寿命维护实验,1,,唐和生,02036,,实践环节课程,中文,四平路校区,"2023(智能建造 03005),2023(土木工程 03014),2023(土木工程(数学与应用数学双学士学位) 03065),2023(土木工程(法学双学士学位) 03067),2023(土木工程(精英班) 09042),2025(土木工程(二学位) 03068),2025(智能建造(二学位) 03069)",0,1,16,唐和生(02036) 星期三9-10节 [2-16双] 实验室
CCE461406,工程结构全寿命维护实验,1,,俞可权,21032,,实践环节课程,中文,四平路校区,"2023(智能建造 03005),2023(土木工程 03014),2023(土木工程(数学与应用数学双学士学位) 03065),2023(土木工程(法学双学士学位) 03067),2023(土木工程(精英班) 09042),2025(土木工程(二学位) 03068),2025(智能建造(二学位) 03069)",0,1,16,俞可权(21032) 星期三9-10节 [2-16双] 实验室
CCE461407,工程结构全寿命维护实验,1,,白植舟,10003,,实践环节课程,中文,四平路校区,2023(土木工程 03014),0,1,16,白植舟(10003) 星期三9-10节 [1-15单] 实验室
CCE461408,工程结构全寿命维护实验,1,,淡丹辉,05044,,实践环节课程,中文,四平路校区,2023(土木工程 03014),0,1,16,淡丹辉(05044) 星期三9-10节 [1-15单] 实验室
CCE230501,结构力学Ⅰ,4,,"陈素文,陈涛","01028,08011",",",专业基础课,中文,四平路校区,"2025(土木工程 03014),2025(土木工程(数学与应用数学双学士学位) 03065),2025(土木工程(法学双学士学位) 03067)",0,1,16,陈素文(01028) 星期三1-2节 [1-8] 北322 陈涛(08011) 星期三1-2节 [9-16] 北322 陈素文(01028) 星期五3-4节 [1-8] 北322 陈涛(08011) 星期五3-4节 [9-16] 北322
CCE230502,结构力学Ⅰ,4,,"丁泉顺,夏烨","01102,14040",",",专业基础课,中文,四平路校区,"2025(土木工程 03014),2025(土木工程(数学与应用数学双学士学位) 03065),2025(土木工程(法学双学士学位) 03067)",0,1,16,夏烨(14040) 星期三1-2节 [1-8] 北319 丁泉顺(01102) 星期三1-2节 [9-16] 北319 丁泉顺(01102) 星期五3-4节 [9-16] 北319 夏烨(14040) 星期五3-4节 [1-8] 北319
CCE230503,结构力学Ⅰ,4,,"吴宇清,孙飞飞","04995,99045",",",专业基础课,英语,四平路校区,"2025(土木工程 03014),2025(土木工程(数学与应用数学双学士学位) 03065),2025(土木工程(法学双学士学位) 03067),2025(土木工程(国际班) 03074)",0,1,16,吴宇清(04995) 星期三1-2节 [9-16] 南419 孙飞飞(99045) 星期三1-2节 [1-8] 南419 吴宇清(04995) 星期五3-4节 [9-16] 南419 孙飞飞(99045) 星期五3-4节 [1-8] 南419
CCE430101,工程结构全寿命维护Ⅰ,2,,李培振,03005,,专业基础课,中文,四平路校区,"2023(智能建造 03005),2023(土木工程 03014),2023(土木工程(数学与应用数学双学士学位) 03065),2023(土木工程(法学双学士学位) 03067),2023(土木工程(精英班) 09042),2025(土木工程(二学位) 03068),2025(智能建造(二学位) 03069)",0,1,16,李培振(03005) 星期三1-2节 [1-16] 北217
CCE430102,工程结构全寿命维护Ⅰ,2,,姜超,25016,,专业基础课,中文,四平路校区,"2023(智能建造 03005),2023(土木工程 03014),2023(土木工程(数学与应用数学双学士学位) 03065),2023(土木工程(法学双学士学位) 03067),2023(土木工程(精英班) 09042),2025(土木工程(二学位) 03068),2025(智能建造(二学位) 03069)",0,1,16,姜超(25016) 星期三1-2节 [1-16] 南414
CCE430103,工程结构全寿命维护Ⅰ,2,,李素贞,07165,,专业基础课,中文,四平路校区,"2023(智能建造 03005),2023(土木工程 03014),2023(土木工程(数学与应用数学双学士学位) 03065),2023(土木工程(法学双学士学位) 03067),2023(土木工程(精英班) 09042),2025(土木工程(二学位) 03068),2025(智能建造(二学位) 03069)",0,1,16,李素贞(07165) 星期三1-2节 [1-16] 南415
CCE430104,工程结构全寿命维护Ⅰ,2,,余江滔,07087,,专业基础课,中文,四平路校区,"2023(智能建造 03005),2023(土木工程 03014),2023(土木工程(数学与应用数学双学士学位) 03065),2023(土木工程(法学双学士学位) 03067),2023(土木工程(精英班) 09042),2025(土木工程(二学位) 03068),2025(智能建造(二学位) 03069)",0,1,16,余江滔(07087) 星期三1-2节 [1-16] 南322
CCE430105,工程结构全寿命维护Ⅰ,2,,唐和生,02036,,专业基础课,中文,四平路校区,"2023(智能建造 03005),2023(土木工程 03014),2023(土木工程(数学与应用数学双学士学位) 03065),2023(土木工程(法学双学士学位) 03067),2023(土木工程(精英班) 09042),2025(土木工程(二学位) 03068),2025(智能建造(二学位) 03069)",0,1,16,唐和生(02036) 星期三1-2节 [1-16] 北320
CCE430106,工程结构全寿命维护Ⅰ,2,,俞可权,21032,,专业基础课,中文,四平路校区,"2023(智能建造 03005),2023(土木工程 03014),2023(土木工程(数学与应用数学双学士学位) 03065),2023(土木工程(法学双学士学位) 03067),2023(土木工程(精英班) 09042),2025(土木工程(二学位) 03068),2025(智能建造(二学位) 03069)",0,1,16,俞可权(21032) 星期三1-2节 [1-16] 南319
CCE430107,工程结构全寿命维护Ⅰ,2,,白植舟,10003,,专业基础课,中文,四平路校区,"2023(智能建造 03005),2023(土木工程 03014),2023(土木工程(数学与应用数学双学士学位) 03065),2023(土木工程(法学双学士学位) 03067),2023(土木工程(精英班) 09042),2025(土木工程(二学位) 03068),2025(智能建造(二学位) 03069)",0,1,16,白植舟(10003) 星期三1-2节 [1-16] 南316
CCE430108,工程结构全寿命维护Ⅰ,2,,淡丹辉,05044,,专业基础课,中文,四平路校区,"2023(智能建造 03005),2023(土木工程 03014),2023(土木工程(数学与应用数学双学士学位) 03065),2023(土木工程(法学双学士学位) 03067),2023(土木工程(精英班) 09042),2025(土木工程(二学位) 03068),2025(智能建造(二学位) 03069)",0,1,16,淡丹辉(05044) 星期三1-2节 [1-16] 南315
,软土基础工程,1,,李卫超,15017,,专业必修课,中文,四平路校区,"2023(智能建造 03005),2023(土木工程 03014),2023(土木工程(数学与应用数学双学士学位) 03065),2023(土木工程(法学双学士学位) 03067),2023(土木工程(精英班) 09042),2025(土木工程(二学位) 03068),2025(智能建造(二学位) 03069)",0,1,8,李卫超(15017) 星期四5-6节 [1-8] 南320
,工程风险评估与管理,2,,"宗刚,周志光","05221,12085",",",专业必修课,中文,四平路校区,"2023(土木工程 03014),2023(土木工程(数学与应用数学双学士学位) 03065),2023(土木工程(法学双学士学位) 03067),2023(土木工程(精英班) 09042),2025(土木工程(二学位) 03068)",0,1,12,周志光(12085) 星期四5-6节 [1] 南315 宗刚(05221) 星期四5-6节 [2-12] 南315
,结构防灾实验,2,,"余江滔,卢文胜","07087,91037",",",专业选修课,中文,四平路校区,"2023(智能建造 03005),2023(土木工程 03014),2023(土木工程(数学与应用数学双学士学位) 03065),2023(土木工程(法学双学士学位) 03067)",0,1,16,卢文胜(91037) 星期二3-4节 [1-10 14-16] 北219 余江滔(07087) 星期二3-4节 [11-13] 北219
CCE440101,建筑工程施工,2,,朱大宇,01025,,专业必修课,中文,四平路校区,"2023(土木工程 03014),2023(土木工程(数学与应用数学双学士学位) 03065),2023(土木工程(法学双学士学位) 03067),2025(土木工程(二学位) 03068)",0,1,16,朱大宇(01025) 星期五1-2节 [1-16] 南322
CCE440102,建筑工程施工,2,,杨彬,09087,,专业必修课,中文,四平路校区,"2023(土木工程 03014),2023(土木工程(数学与应用数学双学士学位) 03065),2023(土木工程(法学双学士学位) 03067),2025(土木工程(二学位) 03068)",0,1,16,杨彬(09087) 星期五1-2节 [1-16] 南320
,高层建筑结构 Ⅰ,1,,"张瑞甫,蒋欢军","15025,99073",",",专业选修课,中文,四平路校区,"2023(土木工程 03014),2023(土木工程(数学与应用数学双学士学位) 03065),2023(土木工程(法学双学士学位) 03067),2025(土木工程(二学位) 03068)",0,1,8,蒋欢军(99073) 星期一3-4节 [1-4] 南215 张瑞甫(15025) 星期一3-4节 [5-8] 南215
,桥梁智能建造与养护,2,,"王志强,徐俊","00067,07196",",",专业选修课,中文,四平路校区,"2023(智能建造 03005),2023(土木工程 03014),2023(土木工程(数学与应用数学双学士学位) 03065),2023(土木工程(法学双学士学位) 03067),2023(土木工程(精英班) 09042),2025(土木工程(二学位) 03068)",0,1,12,徐俊(07196) 星期四5-6节 [1-6] 南319 王志强(00067) 星期四5-6节 [7-12] 南319
,斜弯桥设计原理与分析,2,,沈殷,04192,,专业选修课,中文,四平路校区,"2023(土木工程 03014),2023(土木工程(数学与应用数学双学士学位) 03065),2023(土木工程(法学双学士学位) 03067)",0,1,12,沈殷(04192) 星期四7-8节 [1-12] 南408
CCE440801,支挡结构,1,,任非凡,10020,,专业必修课,中文,四平路校区,"2023(地质工程 03034),2025(地质工程(二学位) 03066)",0,1,8,任非凡(10020) 星期四5-6节 [1-8] 南420
,污染土评价与修复,1,,周洁,15050,,专业选修课,中文,四平路校区,"2023(地质工程 03034),2025(地质工程(二学位) 03066)",0,1,8,周洁(15050) 星期四1-2节 [1-8] 南305
CCE230101,智能建造导论,2,,赵宪忠,00118,,专业基础课,中文,四平路校区,"2025(智能建造 03005),2025(生物技术(强基计划) 09003),2025(数学与应用数学(强基计划) 09004),2025(智能建造(精英班) 09044)",0,1,16,赵宪忠(00118) 星期二3-4节 [1-16] 南322
CCE231501,结构力学（Z1）,3,,张伟平,00008,,专业基础课,中文,四平路校区,2025(智能建造 03005),0,1,16,张伟平(00008) 星期一1-2节 [1-16] 南317 张伟平(00008) 星期三1-2节 [1-15单] 南317
CCE091301,机器学习与大数据计算,2,,"马如进,潘玥,常皓程","04175,20019,25076",",,助理教授（长聘体系）",工程能力与创新思维,中文,四平路校区,,0,1,12,常皓程(25076) 星期三7-8节 [4-10 12] 南109 马如进(04175) 星期三7-8节 [1-3] 南109 潘玥(20019) 星期三7-8节 [11] 南109
CCE092301,数据量化推理,2,,"曹曙阳,白植舟,操金鑫,夏烨,徐骁青,宋明明","08139,10003,12223,14040,21030,22113",",,,,,",工程能力与创新思维,中文,四平路校区,,0,1,12,曹曙阳(08139) 星期四9-10节 [7] 南222 夏烨(14040) 星期四9-10节 [1 12] 南222 操金鑫(12223) 星期四9-10节 [5-6] 南222 徐骁青(21030) 星期四9-10节 [8] 南222 宋明明(22113) 星期四9-10节 [2-3 10-11] 南222 白植舟(10003) 星期四9-10节 [4 9] 南222
CCE092302,数据量化推理,2,,"曹曙阳,白植舟,操金鑫,夏烨,徐骁青,宋明明","08139,10003,12223,14040,21030,22113",",,,,,",工程能力与创新思维,中文,嘉定校区,,0,1,12,宋明明(22113) 星期五9-10节 [2-3 10-11] 安楼A109 操金鑫(12223) 星期五9-10节 [5-6] 安楼A109 夏烨(14040) 星期五9-10节 [1 12] 安楼A109 徐骁青(21030) 星期五9-10节 [8] 安楼A109 曹曙阳(08139) 星期五9-10节 [7] 安楼A109 白植舟(10003) 星期五9-10节 [4 9] 安楼A109
,建筑工程施工（Z）,2,,朱大宇,01025,,专业必修课,中文,四平路校区,"2023(智能建造 03005),2023(土木工程(精英班) 09042)",0,1,16,朱大宇(01025) 星期五3-4节 [1-16] 南420
CCE092401,土木人文,2,,"贾广社,黄松,杜欢政,何敏娟,卢文胜,王广斌,马锦明,陈艾荣","00108,08014,14133,88055,91037,91039,95013,95095",",,,,,,,",工程能力与创新思维,中文,四平路校区,,0,1,12,陈艾荣(95095) 星期三7-8节 [3] 南222 马锦明(95013) 星期三7-8节 [1] 南222 贾广社(00108) 星期三7-8节 [8] 南222 何敏娟(88055) 星期三7-8节 [2 7] 南222 王广斌(91039) 星期三7-8节 [10-11] 南222 杜欢政(14133) 星期三7-8节 [5-6] 南222 黄松(08014) 星期三7-8节 [12] 南222 卢文胜(91037) 星期三7-8节 [4 9] 南222
CCE452801,系统思维与设计方法,1,,"林松,庄晓莹","10037,10140",",",专业选修课,中文,四平路校区,"2023(智能建造 03005),2023(土木工程(精英班) 09042),2025(智能建造(二学位) 03069)",0,1,8,庄晓莹(10140) 星期四7-8节 [1-8] 南422
CCE451601,结构工程大数据及应用,1,,陈隽,99130,,专业选修课,中文,四平路校区,"2023(智能建造 03005),2023(土木工程(精英班) 09042),2025(智能建造(二学位) 03069)",0,9,16,陈隽(99130) 星期四7-8节 [9-16] 南422
CCE262201,智能设计实验,0,,高宇擎,23541,,实践环节课程,中文,四平路校区,2023(智能建造 03005),0,9,16,高宇擎(23541) 星期四9-10节 [9-16] 桥梁馆101
,智能建造全过程课程设计,7,,"沈殷,和留生,乔亚飞,俞剑,刘沈如","04192,16025,17127,19063,92429",",,,,",实践环节课程,中文,四平路校区,"2023(智能建造 03005),2025(智能建造(二学位) 03069)",0,1,16,"沈殷(04192),刘沈如(92429) 星期三5-8节 [1-9] 南111 乔亚飞(17127) 星期三5-8节 [14-16] 学院机房 俞剑(19063) 星期三5-8节 [12-13] 学院机房 和留生(16025) 星期三5-8节 [10-11] 南111 乔亚飞(17127) 星期五5-7节 [14-16] 学院机房 沈殷(04192),刘沈如(92429) 星期五5-7节 [1-9] 南111 俞剑(19063) 星期五5-7节 [12-13] 学院机房 和留生(16025) 星期五5-7节 [10-11] 南111"
,智能建造全过程课程设计,7,,"孙斌,唐和生,黄庆华,谭勇,马海英,王琛","01026,02036,06158,09113,15033,19608",",,,,,",实践环节课程,中文,四平路校区,"2023(智能建造 03005),2025(智能建造(二学位) 03069)",0,1,16,"王琛(19608) 星期三5-8节 [12-13] 学院机房 孙斌(01026),黄庆华(06158) 星期三5-8节 [1-5] 南114 唐和生(02036) 星期三5-8节 [10-11] 南114 谭勇(09113) 星期三5-8节 [14-16] 学院机房 黄庆华(06158),马海英(15033) 星期三5-8节 [6-9] 南114 孙斌(01026),黄庆华(06158) 星期五5-7节 [1-5] 南114 黄庆华(06158),马海英(15033) 星期五5-7节 [6-9] 南114 唐和生(02036) 星期五5-7节 [10-11] 南114 谭勇(09113) 星期五5-7节 [14-16] 学院机房 王琛(19608) 星期五5-7节 [12-13] 学院机房"
CCE361801,地基处理课程设计,1,,邢皓枫,06055,,实践环节课程,中文,四平路校区,"2023(地质工程 03034),2025(地质工程(二学位) 03066)",0,9,16,邢皓枫(06055) 星期四5-6节 [9-16] 南420
CCE460401,工程地下水课程设计,1,,周洁,15050,,实践环节课程,中文,四平路校区,"2023(地质工程 03034),2025(地质工程(二学位) 03066)",0,9,16,周洁(15050) 星期四1-2节 [9-16] 南305
CCE450101,装配式建筑结构,1,,"王伟,林峰","05183,05210",",",专业选修课,中文,四平路校区,"2023(智能建造 03005),2023(土木工程 03014),2023(土木工程(数学与应用数学双学士学位) 03065),2023(土木工程(法学双学士学位) 03067),2023(土木工程(精英班) 09042),2025(土木工程(二学位) 03068),2025(智能建造(二学位) 03069)",0,1,8,王伟(05183) 星期一7-8节 [5-8] 南214 林峰(05210) 星期一7-8节 [1-4] 南214
CCE090601,地质灾害机理与防治,2,,黄雨,99131,,工程能力与创新思维,中文,四平路校区,,0,1,8,黄雨(99131) 星期一9-11节 [1-8] 南320
CCE090602,地质灾害机理与防治,2,,毛无卫,17113,,工程能力与创新思维,中文,四平路校区,,0,1,8,毛无卫(17113) 星期三9-11节 [1-8] 南320
CCE090603,地质灾害机理与防治,2,,李星月,22500,,工程能力与创新思维,英语,四平路校区,,0,1,8,李星月(22500) 星期三9-11节 [1-8] 北320
CCE092501,走进地下空间,2,,"李晓军,闫治国,武威,芮易,乔永康,朱合华,丁文其","01127,07101,17114,21059,23192,89089,97126","教授,教授,副教授,教授,助理教授（长聘体系）,,教授",工程能力与创新思维,中文,四平路校区,,0,1,12,乔永康(23192) 星期一7-8节 [3-4] 北222 闫治国(07101) 星期一7-8节 [7-8] 北222 朱合华(89089) 星期一7-8节 [1-2] 北222 李晓军(01127) 星期一7-8节 [10-11] 北222 芮易(21059) 星期一7-8节 [9] 北222 武威(17114) 星期一7-8节 [12] 北222 丁文其(97126) 星期一7-8节 [5-6] 北222
CCE091701,漫话桥梁,2,,"马海英,石雪飞,贾丽君","15033,86071,91054",",,",工程能力与创新思维,中文,四平路校区,,0,1,12,马海英(15033) 星期四7-8节 [11] 北222 贾丽君(91054) 星期四7-8节 [6-10] 北222 石雪飞(86071) 星期四7-8节 [1-5 12] 北222
CCE090401,城市桥梁美学创作,2,,"徐利平,肖汝诚,俞泳","87147,88505,99078",",,",工程能力与创新思维,中文,四平路校区,,0,1,12,俞泳(99078) 星期五7-8节 [6-8] 南220 徐利平(87147) 星期五7-8节 [2-5 9-12] 南220 肖汝诚(88505) 星期五7-8节 [1] 南220
CCE090801,工程安全风险与灾害防御,1,,"胡群芳,王飞,黄宏伟","06118,14182,93108",",,",工程能力与创新思维,中文,四平路校区,,0,1,8,"黄宏伟(93108) 星期四9-10节 [1-3 7] 北322 王飞(14182) 星期四9-10节 [6] 北322 胡群芳(06118),王飞(14182),黄宏伟(93108) 星期四9-10节 [8] 北322 胡群芳(06118) 星期四9-10节 [4-5] 北322"
,荷载与结构设计原则（荣）,1,,"李素贞,刘沈如,孙飞飞","07165,92429,99045",",,",专业基础课,中文,四平路校区,,0,1,8,"李素贞(07165) 星期二9-10节 [4-5 8] 南422 李素贞(07165),刘沈如(92429),孙飞飞(99045) 星期二9-10节 [7] 南422 李素贞(07165),孙飞飞(99045) 星期二9-10节 [6] 南422 刘沈如(92429) 星期二9-10节 [1-2] 南422 孙飞飞(99045) 星期二9-10节 [3] 南422"
CCE090901,工程结构的灾害、伦理与智慧防灾,1,,"张瑞甫,赵志鹏","15025,23033",",",工程能力与创新思维,中文,沪西校区,,0,1,8,张瑞甫(15025) 星期四9-10节 [1-4] 沪西二教215中教室 赵志鹏(23033) 星期四9-10节 [5-8] 沪西二教215中教室
CCE090501,城市水务概论,2,,娄厦,13187,,社会发展与国际视野,中文,四平路校区,,0,1,12,娄厦(13187) 星期三7-8节 [1-12] 北317
CCE092201,深地科学与绿色能源,1,,"叶斌,刘芳,赵峦啸,张丰收,王琼,芮易,李博","09079,09146,14524,16148,17523,21059,21092",",,,,,,",工程能力与创新思维,中文,四平路校区,,0,1,8,李博(21092) 星期五9-10节 [1] 北322 张丰收(16148) 星期五9-10节 [5-6] 北322 刘芳(09146) 星期五9-10节 [4] 北322 芮易(21059) 星期五9-10节 [8] 北322 王琼(17523) 星期五9-10节 [7] 北322 赵峦啸(14524) 星期五9-10节 [2] 北322 叶斌(09079) 星期五9-10节 [3] 北322
CCE361301,土力学实验,1,,张陈蓉,10045,,实践环节课程,英语,四平路校区,2024(土木工程(国际班) 03074),0,1,16,张陈蓉(10045) 星期一7-8节 [1-15单] 岩土楼
CCE361302,土力学实验,1,,曹培,18034,,实践环节课程,中文,四平路校区,"2024(土木工程 03014),2024(土木工程(法学双学士学位) 03067)",0,1,16,曹培(18034) 星期一7-8节 [2-16双] 岩土楼
CCE361303,土力学实验,1,,杨阳,19022,,实践环节课程,中文,四平路校区,"2024(土木工程 03014),2024(土木工程(法学双学士学位) 03067)",0,1,16,杨阳(19022) 星期四5-6节 [1-15单] 岩土楼
CCE361304,土力学实验,1,,张晓磊,19050,,实践环节课程,中文,四平路校区,"2024(地质工程 03034),2024(土木工程(数学与应用数学双学士学位) 03065)",0,1,16,张晓磊(19050) 星期四7-8节 [1-15单] 岩土楼
CCE361201,岩体力学实验,1,,陈建峰,01016,,实践环节课程,中文,四平路校区,2024(地质工程 03034),0,2,16,陈建峰(01016) 星期四5-6节 [2-16双] 实验室
,地下结构工程测试与监测实验,1,,"禹海涛,张东明","12224,16022",",",实践环节课程,中文,四平路校区,"2023(土木工程 03014),2023(土木工程(数学与应用数学双学士学位) 03065),2023(土木工程(法学双学士学位) 03067),2025(土木工程(二学位) 03068)",0,9,16,张东明(16022) 星期四3-4节 [13-16] 实验室 禹海涛(12224) 星期四3-4节 [9-12] 实验室
CCE361101,混凝土结构基本原理实验,1,,黄庆华,06158,,实践环节课程,中文,四平路校区,2024(智能建造 03005),0,1,16,黄庆华(06158) 星期四7-8节 [1-15单] 实验室
CCE361102,混凝土结构基本原理实验,1,,胡翔,10063,,实践环节课程,中文,四平路校区,"2024(地质工程 03034),2024(土木工程(数学与应用数学双学士学位) 03065)",0,1,16,胡翔(10063) 星期一5-6节 [2-16双] 实验室
CCE361103,混凝土结构基本原理实验,1,,赵斌,00060,,实践环节课程,中文,四平路校区,2024(土木工程 03014),0,1,16,赵斌(00060) 星期一7-8节 [1-15单] 实验室
CCE361104,混凝土结构基本原理实验,1,,鲁亮,95010,,实践环节课程,中文,四平路校区,"2024(土木工程 03014),2024(土木工程(法学双学士学位) 03067)",0,1,16,鲁亮(95010) 星期四7-8节 [2-16双] 实验室
CCE361105,混凝土结构基本原理实验,1,,黄庆华,06158,,实践环节课程,英语,四平路校区,2024(土木工程(国际班) 03074),0,1,16,黄庆华(06158) 星期四5-6节 [1-15单] 实验室
CCE330202,钢结构基本原理,3,,闫伸,20147,,个性化课程,中文,嘉定校区,2024(工程力学(强基计划) 09001),0,1,16,闫伸(20147) 星期六9-11节 [1-16] 教室专用
CCE330203,钢结构基本原理,3,,"王伟,郭小农","05183,06162",",",专业基础课,中文,四平路校区,"2024(智能建造 03005),2024(土木工程 03014),2024(土木工程(数学与应用数学双学士学位) 03065),2024(土木工程(法学双学士学位) 03067),2024(生物技术(强基计划) 09003),2024(应用物理学(强基计划) 09005)",0,1,16,王伟(05183) 星期一1-2节 [1-16] 南405 王伟(05183) 星期三1-2节 [1-15单] 南405
CCE330204,钢结构基本原理,3,,方成,14206,,专业基础课,中文,四平路校区,"2024(智能建造 03005),2024(土木工程 03014),2024(土木工程(数学与应用数学双学士学位) 03065),2024(土木工程(法学双学士学位) 03067),2024(土木工程(国际班) 03074),2024(生物技术(强基计划) 09003),2024(应用物理学(强基计划) 09005)",0,1,16,方成(14206) 星期一1-2节 [1-16] 南312 方成(14206) 星期三1-2节 [1-15单] 南312
CCE330206,钢结构基本原理,3,,郭小农,06162,,专业基础课,中文,四平路校区,"2024(智能建造 03005),2024(土木工程 03014),2024(土木工程(数学与应用数学双学士学位) 03065),2024(土木工程(法学双学士学位) 03067),2024(土木工程(国际班) 03074),2024(生物技术(强基计划) 09003),2024(应用物理学(强基计划) 09005)",0,1,16,郭小农(06162) 星期一1-2节 [1-16] 南310 郭小农(06162) 星期三1-2节 [1-15单] 南310
CCE330207,钢结构基本原理,3,,闫伸,20147,,专业基础课,中文,四平路校区,"2024(智能建造 03005),2024(土木工程 03014),2024(土木工程(数学与应用数学双学士学位) 03065),2024(土木工程(法学双学士学位) 03067),2024(土木工程(国际班) 03074),2024(生物技术(强基计划) 09003),2024(应用物理学(强基计划) 09005)",0,1,16,闫伸(20147) 星期一1-2节 [1-16] 南410 闫伸(20147) 星期三1-2节 [1-15单] 南410
CCE330208,钢结构基本原理,3,,李征,15014,,专业基础课,中文,四平路校区,"2024(智能建造 03005),2024(土木工程 03014),2024(土木工程(数学与应用数学双学士学位) 03065),2024(土木工程(法学双学士学位) 03067),2024(土木工程(国际班) 03074),2024(生物技术(强基计划) 09003),2024(应用物理学(强基计划) 09005)",0,1,16,李征(15014) 星期一1-2节 [1-16] 南420 李征(15014) 星期三1-2节 [1-15单] 南420
CCE330209,钢结构基本原理,3,,苏庆田,03174,,专业基础课,中文,四平路校区,"2024(智能建造 03005),2024(土木工程 03014),2024(土木工程(数学与应用数学双学士学位) 03065),2024(土木工程(法学双学士学位) 03067),2024(土木工程(国际班) 03074),2024(生物技术(强基计划) 09003),2024(应用物理学(强基计划) 09005)",0,1,16,苏庆田(03174) 星期一1-2节 [1-16] 北317 苏庆田(03174) 星期三1-2节 [1-15单] 北317
CCE330210,钢结构基本原理,3,,周锋,09160,,专业基础课,英语,四平路校区,"2024(智能建造 03005),2024(土木工程 03014),2024(土木工程(数学与应用数学双学士学位) 03065),2024(土木工程(法学双学士学位) 03067),2024(土木工程(国际班) 03074),2024(生物技术(强基计划) 09003),2024(应用物理学(强基计划) 09005)",0,1,16,周锋(09160) 星期一1-2节 [1-16] 北316 周锋(09160) 星期三1-2节 [1-15单] 北316
CCE450501,建筑幕墙结构,1,,"罗晓群,张其林","03187,88059","副教授,教授",专业选修课,中文,四平路校区,"2023(土木工程 03014),2023(土木工程(数学与应用数学双学士学位) 03065),2023(土木工程(法学双学士学位) 03067)",0,1,8,罗晓群(03187) 星期四7-8节 [4-8] 南407 张其林(88059) 星期四7-8节 [1-3] 南407
,土动力学试验,1,,张晓磊,19050,,实践环节课程,中文,四平路校区,"2023(土木工程 03014),2023(土木工程(数学与应用数学双学士学位) 03065),2023(土木工程(法学双学士学位) 03067),2025(土木工程(二学位) 03068)",0,2,16,张晓磊(19050) 星期一5-6节 [2-16双] 岩土楼809
CCE330701,土力学A,2,,钱建固,03138,,专业基础课,中文,四平路校区,"2024(土木工程 03014),2024(土木工程(数学与应用数学双学士学位) 03065),2024(土木工程(法学双学士学位) 03067)",0,1,16,钱建固(03138) 星期三3-4节 [1-16] 南317
CCE330702,土力学A,2,,"贾敏才,张陈蓉","03179,10045","副教授,",专业基础课,中文,四平路校区,"2024(土木工程 03014),2024(土木工程(数学与应用数学双学士学位) 03065),2024(土木工程(法学双学士学位) 03067)",0,1,16,张陈蓉(10045) 星期三3-4节 [1-8] 南310 贾敏才(03179) 星期三3-4节 [9-16] 南310
CCE330703,土力学A,2,,"冯世进,陈宏信","05198,16020",",",专业基础课,中文,四平路校区,"2024(土木工程 03014),2024(土木工程(数学与应用数学双学士学位) 03065),2024(土木工程(法学双学士学位) 03067)",0,1,16,陈宏信(16020) 星期三3-4节 [1-7 9-16] 北317 冯世进(05198) 星期三3-4节 [8] 北317
CCE330704,土力学A,2,,刘芳,09146,,专业基础课,英语,四平路校区,"2024(土木工程 03014),2024(土木工程(数学与应用数学双学士学位) 03065),2024(土木工程(法学双学士学位) 03067),2024(土木工程(国际班) 03074)",0,1,16,刘芳(09146) 星期三3-4节 [1-16] 南420
CCE330601,荷载与结构设计原则,1,,"李征,李国强","15014,88231",",",专业基础课,中文,四平路校区,"2024(土木工程 03014),2024(地质工程 03034),2024(土木工程(数学与应用数学双学士学位) 03065),2024(土木工程(法学双学士学位) 03067)",0,1,8,李征(15014) 星期一3-4节 [2-6] 北317 李国强(88231) 星期一3-4节 [1 7-8] 北317
CCE330602,荷载与结构设计原则,1,,"刘沈如,孙飞飞","92429,99045",",",专业基础课,中文,四平路校区,"2024(土木工程 03014),2024(地质工程 03034),2024(土木工程(数学与应用数学双学士学位) 03065),2024(土木工程(法学双学士学位) 03067)",0,1,8,孙飞飞(99045) 星期一3-4节 [5-6] 北315 刘沈如(92429) 星期一3-4节 [1-4 7-8] 北315
CCE330603,荷载与结构设计原则,1,,"陈之毅,王彦博","07059,17112",",",专业基础课,中文,四平路校区,"2024(土木工程 03014),2024(地质工程 03034),2024(土木工程(数学与应用数学双学士学位) 03065),2024(土木工程(法学双学士学位) 03067),2024(土木工程(国际班) 03074)",0,1,8,王彦博(17112) 星期一3-4节 [1-4 7-8] 南309 陈之毅(07059) 星期一3-4节 [5-6] 南309
CCE330604,荷载与结构设计原则,1,,陈建兵,02068,,专业基础课,中文,四平路校区,"2024(土木工程 03014),2024(地质工程 03034),2024(土木工程(数学与应用数学双学士学位) 03065),2024(土木工程(法学双学士学位) 03067)",0,1,8,陈建兵(02068) 星期一3-4节 [1-8] 南410
CCE330605,荷载与结构设计原则,1,,张冬梅,03062,,专业基础课,中文,四平路校区,"2024(土木工程 03014),2024(地质工程 03034),2024(土木工程(数学与应用数学双学士学位) 03065),2024(土木工程(法学双学士学位) 03067)",0,1,8,张冬梅(03062) 星期一3-4节 [1-8] 南420
CCE330606,荷载与结构设计原则,1,,李素贞,07165,,专业基础课,英语,四平路校区,"2024(土木工程 03014),2024(地质工程 03034),2024(土木工程(数学与应用数学双学士学位) 03065),2024(土木工程(法学双学士学位) 03067),2024(土木工程(国际班) 03074)",0,1,8,李素贞(07165) 星期一3-4节 [1-8] 南216
CCE440201,地下建筑施工,2,,谢雄耀,01138,,专业必修课,中文,四平路校区,"2023(智能建造 03005),2023(土木工程 03014),2023(土木工程(数学与应用数学双学士学位) 03065),2023(土木工程(法学双学士学位) 03067),2023(土木工程(精英班) 09042),2025(土木工程(二学位) 03068)",0,1,16,谢雄耀(01138) 星期三3-4节 [1-16] 北220
,地下结构工程测试与监测,1,,"禹海涛,张东明","12224,16022",",",专业必修课,中文,四平路校区,"2023(智能建造 03005),2023(土木工程 03014),2023(土木工程(数学与应用数学双学士学位) 03065),2023(土木工程(法学双学士学位) 03067),2023(土木工程(精英班) 09042),2025(土木工程(二学位) 03068)",0,1,8,张东明(16022) 星期四3-4节 [5-8] 南420 禹海涛(12224) 星期四3-4节 [1-4] 南420
,地基处理,2,,邢皓枫,06055,,专业选修课,中文,四平路校区,"2023(智能建造 03005),2023(土木工程 03014),2023(土木工程(数学与应用数学双学士学位) 03065),2023(土木工程(法学双学士学位) 03067),2023(土木工程(精英班) 09042),2025(土木工程(二学位) 03068)",0,1,8,邢皓枫(06055) 星期一3-4节 [1-8] 南214 邢皓枫(06055) 星期四1-2节 [1-8] 南222
,地铁与轻轨,2,,黄昕,15020,,专业选修课,中文,四平路校区,"2023(土木工程 03014),2023(土木工程(数学与应用数学双学士学位) 03065),2023(土木工程(法学双学士学位) 03067)",0,1,16,黄昕(15020) 星期一1-2节 [1-16] 北312
,桩基设计与计算,2,,张陈蓉,10045,,专业必修课,中文,四平路校区,"2023(智能建造 03005),2023(土木工程 03014),2023(土木工程(数学与应用数学双学士学位) 03065),2023(土木工程(法学双学士学位) 03067),2023(土木工程(精英班) 09042),2025(土木工程(二学位) 03068)",0,1,16,张陈蓉(10045) 星期四3-4节 [1-16] 北322
CCE450701,挡土结构与基坑工程,1,,谭勇,09113,,专业选修课,英语,四平路校区,"2023(土木工程 03014),2023(土木工程(数学与应用数学双学士学位) 03065),2023(土木工程(法学双学士学位) 03067)",0,9,16,谭勇(09113) 星期四7-8节 [9-16] 南419
,建筑结构抗震,2,,"鲁正,江佳斐","11080,13083",",",专业必修课,英语,四平路校区,"2023(土木工程 03014),2023(土木工程(数学与应用数学双学士学位) 03065),2023(土木工程(法学双学士学位) 03067),2023(土木工程(精英班) 09042),2025(土木工程(二学位) 03068)",0,1,12,鲁正(11080) 星期三3-4节 [1-6] 北217 江佳斐(13083) 星期三3-4节 [7-12] 北217
,建筑结构抗震,2,,"陈俊岭,张瑞甫","04200,15025",",",专业必修课,中文,四平路校区,"2023(土木工程 03014),2023(土木工程(数学与应用数学双学士学位) 03065),2023(土木工程(法学双学士学位) 03067),2025(土木工程(二学位) 03068)",0,1,12,陈俊岭(04200) 星期三3-4节 [7-12] 北216 张瑞甫(15025) 星期三3-4节 [1-6] 北216
CCE452401,地下结构灾害与防护,1,,许建聪,07195,,专业选修课,中文,四平路校区,"2023(土木工程 03014),2023(土木工程(数学与应用数学双学士学位) 03065),2023(土木工程(法学双学士学位) 03067),2025(土木工程(二学位) 03068)",0,1,8,许建聪(07195) 星期一5-6节 [1-8] 南214
CCE440301,土动力学与基础抗震,2,,"黄茂松,俞剑","00019,19063",",",专业必修课,中文,四平路校区,"2023(土木工程 03014),2023(土木工程(数学与应用数学双学士学位) 03065),2023(土木工程(法学双学士学位) 03067),2023(土木工程(精英班) 09042),2025(土木工程(二学位) 03068)",0,1,16,俞剑(19063) 星期三3-4节 [8-16] 北215 黄茂松(00019) 星期三3-4节 [1-7] 北215
CCE090101,Auto CAD工程制图,2,,"徐俊,张博珊,徐骁青","07196,19633,21030",",,",工程能力与创新思维,中文,四平路校区,,0,1,12,徐俊(07196) 星期四5-6节 [10] 土木学院机房 徐骁青(21030) 星期四5-6节 [1-2 11-12] 土木学院机房 张博珊(19633) 星期四5-6节 [3-9] 土木学院机房
CCE341901,地基处理,2,,邢皓枫,06055,,专业必修课,中文,四平路校区,"2023(地质工程 03034),2025(地质工程(二学位) 03066)",0,1,8,邢皓枫(06055) 星期一1-2节 [1-8] 南309 邢皓枫(06055) 星期三3-4节 [1-8] 北210
CCE261301,基础地质实习,1,,王建秀,04183,,实践环节课程,中文,四平路校区,"2025(地质工程 03034),2025(地质工程(应用物理学双学士学位) 03077),2025(地质工程(精英班) 09043)",0,1,16,王建秀(04183) 星期六3-4节 [1-15单] 实践基地
CCE332001,地下水动力学(全英语),2,,"俞松波,王琼,叶为民","14006,17523,88042",",,",专业基础课,英语,四平路校区,2024(地质工程 03034),0,1,16,叶为民(88042) 星期四3-4节 [1-8] 南314 王琼(17523) 星期四3-4节 [10-16] 南314 俞松波(14006) 星期四3-4节 [9] 南314
CCE370101,工程结构可靠性分析数学基础,3,,陈建兵,02068,,个性化课程,中文,四平路校区,"2024(生物技术(强基计划) 09003),2024(数学与应用数学(强基计划) 09004)",0,1,16,陈建兵(02068) 星期日9-11节 [1-16] 不排教室
CCE350801,人行桥设计与分析,1,,阮欣,05215,,任选课程,中文,四平路校区,2023(土木工程(精英班) 09042),0,1,16,阮欣(05215) 星期日7-8节 [1-15单] 不排教室
,桥梁结构,2,,"王达磊,马如进,阮欣,刘超","03057,04175,05215,06106",",,,",专业选修课,中文,四平路校区,"2023(智能建造 03005),2023(土木工程 03014),2023(土木工程(数学与应用数学双学士学位) 03065),2023(土木工程(法学双学士学位) 03067),2023(土木工程(精英班) 09042),2025(土木工程(二学位) 03068),2025(智能建造(二学位) 03069)",0,1,16,马如进(04175) 星期四3-4节 [13-14] 北319 阮欣(05215) 星期四3-4节 [1-9] 北319 王达磊(03057) 星期四3-4节 [15-16] 北319 刘超(06106) 星期四3-4节 [10-12] 北319
,城市智能防灾,3,,"周颖,单伽锃,吴浩","06080,13092,19607",",,",专业必修课,中文,四平路校区,"2023(智能建造 03005),2023(土木工程(精英班) 09042)",0,1,16,吴浩(19607) 星期一1-2节 [3-6 10-11] 北121 单伽锃(13092) 星期一1-2节 [7-9 12-15] 北121 周颖(06080) 星期一1-2节 [1-2 16] 北121 吴浩(19607) 星期三3-4节 [3-5单 11] 北121 单伽锃(13092) 星期三3-4节 [7-9单 13-15单] 北121 周颖(06080) 星期三3-4节 [1] 北121
CCE231201,流体力学,1,,李星月,22500,,专业基础课,中文,四平路校区,2025(地质工程 03034),0,9,16,李星月(22500) 星期四3-4节 [9-16] 北311
,河口海岸演变及生态治理,2,,匡翠萍,05233,,专业必修课,中文,四平路校区,"2023(土木工程 03014),2023(土木工程(数学与应用数学双学士学位) 03065),2023(土木工程(法学双学士学位) 03067)",0,1,16,匡翠萍(05233) 星期四3-4节 [1-16] 南221
,智慧港航与数字孪生,1,,谢立全,07134,,专业选修课,中文,四平路校区,"2023(土木工程 03014),2023(土木工程(数学与应用数学双学士学位) 03065),2023(土木工程(法学双学士学位) 03067)",0,1,8,谢立全(07134) 星期二3-4节 [1-8] 南119
,绿色港航与可持续发展,1,,张洪,16008,,专业选修课,中文,四平路校区,"2023(土木工程 03014),2023(土木工程(数学与应用数学双学士学位) 03065),2023(土木工程(法学双学士学位) 03067)",0,1,16,张洪(16008) 星期日7-8节 [1-15单] 不排教室
,港口航道与海岸工程全过程课程设计,7,,"郑永来,程素斌,谢立全,付小莉","00016,02107,07134,13180",",,,副教授",实践环节课程,中文,四平路校区,"2023(土木工程 03014),2023(土木工程(数学与应用数学双学士学位) 03065),2023(土木工程(法学双学士学位) 03067)",0,1,16,"谢立全(07134) 星期一5-7节 [1-3 15-16] 南415 郑永来(00016) 星期一5-7节 [4-11] 南415 程素斌(02107),谢立全(07134) 星期一5-7节 [14] 南415 程素斌(02107) 星期一5-7节 [12-13] 南415 郑永来(00016) 星期三5-8节 [5-7单 8 12] 南415 谢立全(07134) 星期三5-8节 [6 9-11] 南415 付小莉(13180) 星期三5-8节 [3-4 15-16] 南415 程素斌(02107) 星期三5-8节 [1-2 13-14] 南415"
,土木信息建模与表达,2,,武威,17114,,专业必修课,中文,四平路校区,"2023(土木工程 03014),2023(土木工程(数学与应用数学双学士学位) 03065),2023(土木工程(法学双学士学位) 03067)",0,1,16,武威(17114) 星期三3-4节 [1-16] 学院机房
,土木工程数据分析,2,,芮易,21059,,专业必修课,中文,四平路校区,"2023(土木工程 03014),2023(土木工程(数学与应用数学双学士学位) 03065),2023(土木工程(法学双学士学位) 03067)",0,1,16,芮易(21059) 星期一1-2节 [1-16] 北311
CCE451501,工程系统设计与思维,1,,"林松,庄晓莹","10037,10140",",",专业选修课,中文,四平路校区,"2023(土木工程 03014),2023(土木工程(数学与应用数学双学士学位) 03065),2023(土木工程(法学双学士学位) 03067)",0,1,8,庄晓莹(10140) 星期一3-4节 [1-5] 南210 林松(10037) 星期一3-4节 [6-8] 南210
,计算机网络与通信,1,,郝泳涛,00009,,专业选修课,中文,四平路校区,"2023(土木工程 03014),2023(土木工程(数学与应用数学双学士学位) 03065),2023(土木工程(法学双学士学位) 03067)",0,1,8,郝泳涛(00009) 星期三5-6节 [1-8] 南320
CCE451401,GIS原理及土木工程应用,1,,周舒威,20523,,专业选修课,中文,四平路校区,"2023(土木工程 03014),2023(土木工程(数学与应用数学双学士学位) 03065),2023(土木工程(法学双学士学位) 03067)",0,9,16,周舒威(20523) 星期三5-6节 [9-16] 南320
,土木信息工程全过程课程设计,7,,"陈之毅,闫治国,谢丽宇,张清照,张博珊,黄忠凯","07059,07101,09068,16018,19633,23014",",,副教授,副教授,,助理教授（长聘体系）",实践环节课程,中文,四平路校区,"2023(土木工程 03014),2023(土木工程(数学与应用数学双学士学位) 03065),2023(土木工程(法学双学士学位) 03067)",0,1,16,陈之毅(07059) 星期二1-3节 [6-8] 土木学院机房 黄忠凯(23014) 星期二1-3节 [10-11] 土木学院机房 闫治国(07101) 星期二1-3节 [1-3单 9 14-15] 土木学院机房 谢丽宇(09068) 星期二1-3节 [2] 土木学院机房 张博珊(19633) 星期二1-3节 [12-13 16] 土木学院机房 张清照(16018) 星期二1-3节 [4-5] 土木学院机房 陈之毅(07059) 星期四1-4节 [6-8] 土木学院机房 谢丽宇(09068) 星期四1-4节 [1-2 16] 土木学院机房 闫治国(07101) 星期四1-4节 [3 9 14-15] 土木学院机房 张博珊(19633) 星期四1-4节 [12-13] 土木学院机房 张清照(16018) 星期四1-4节 [4-5] 土木学院机房 黄忠凯(23014) 星期四1-4节 [10-11] 土木学院机房
CCE232001,结构分析I,5,,阮欣,05215,,专业基础课,中文,四平路校区,"2025(土木工程(精英班) 09042),2025(智能建造(精英班) 09044)",0,1,16,阮欣(05215) 星期日5-6节 [1-16] 不排教室 阮欣(05215) 星期日9-11节 [1-16] 不排教室
CCE461601,工程全过程课程设计,5,,阮欣,05215,,实践环节课程,中文,四平路校区,2023(土木工程(精英班) 09042),0,1,16,阮欣(05215) 星期一5-7节 [2-16] 土木学院创新基地 阮欣(05215) 星期三5-8节 [2-10] 土木学院创新基地
CCE230201,土木信息工程原理,3,,"李晓军,张洁","01127,10132",",教授",专业基础课,中文,四平路校区,"2024(生物技术(强基计划) 09003),2024(应用物理学(强基计划) 09005),2025(土木工程 03014),2025(地质工程 03034),2025(土木工程(数学与应用数学双学士学位) 03065),2025(土木工程(法学双学士学位) 03067)",0,1,16,张洁(10132) 星期三7-8节 [6-16] 南320 李晓军(01127) 星期三7-8节 [1-5] 南320 李晓军(01127) 星期五5-6节 [1-5单] 南320 张洁(10132) 星期五5-6节 [7-15单] 南320
CCE230202,土木信息工程原理,3,,李晓军,01127,,个性化课程,中文,嘉定校区,2024(工程力学(强基计划) 09001),0,1,16,李晓军(01127) 星期日9-11节 [1-16] 教室专用
CCE230203,土木信息工程原理,3,,"徐晨,武威","16045,17114",",副教授",专业基础课,中文,四平路校区,"2024(生物技术(强基计划) 09003),2024(应用物理学(强基计划) 09005),2025(土木工程 03014),2025(地质工程 03034),2025(土木工程(数学与应用数学双学士学位) 03065),2025(土木工程(法学双学士学位) 03067)",0,1,16,徐晨(16045) 星期三7-8节 [1-8] 南319 武威(17114) 星期三7-8节 [9-16] 南319 武威(17114) 星期五5-6节 [9-15单] 南319 徐晨(16045) 星期五5-6节 [1-7单] 南319
CCE230204,土木信息工程原理,3,,"徐俊,鲁懿虬","07196,21527","讲师,教授",专业基础课,中文,四平路校区,"2024(生物技术(强基计划) 09003),2024(应用物理学(强基计划) 09005),2025(土木工程 03014),2025(地质工程 03034),2025(土木工程(数学与应用数学双学士学位) 03065),2025(土木工程(法学双学士学位) 03067)",0,1,16,鲁懿虬(21527) 星期三7-8节 [1-8] 南317 徐俊(07196) 星期三7-8节 [9-16] 南317 徐俊(07196) 星期五5-6节 [9-15单] 南317 鲁懿虬(21527) 星期五5-6节 [1-7单] 南317
CCE230205,土木信息工程原理,3,,"屈宏雅,芮易,乔永康","19064,21059,23192",",,",专业基础课,英语,四平路校区,"2024(生物技术(强基计划) 09003),2024(应用物理学(强基计划) 09005),2025(土木工程 03014),2025(地质工程 03034),2025(土木工程(数学与应用数学双学士学位) 03065),2025(土木工程(法学双学士学位) 03067),2025(土木工程(国际班) 03074)",0,1,16,芮易(21059) 星期三7-8节 [1-4] 南322 屈宏雅(19064) 星期三7-8节 [11-16] 南322 乔永康(23192) 星期三7-8节 [5-10] 南322 屈宏雅(19064) 星期五5-6节 [11-15单] 南322 乔永康(23192) 星期五5-6节 [5-9单] 南322 芮易(21059) 星期五5-6节 [1-3单] 南322
CCE220201,工程图学II,2,,李凌志,14011,,专业基础课,中文,四平路校区,"2025(智能建造 03005),2025(地质工程 03034),2025(土木工程(二学位) 03068),2025(地质工程(应用物理学双学士学位) 03077)",0,1,16,李凌志(14011) 星期一5-6节 [1-16] 土木学院机房
CCE220202,工程图学II,2,,项平,16021,,专业基础课,中文,四平路校区,"2025(智能建造 03005),2025(地质工程 03034),2025(土木工程(二学位) 03068),2025(地质工程(应用物理学双学士学位) 03077)",0,1,16,项平(16021) 星期一5-6节 [1-16] 土木学院机房
CCE220203,工程图学II,2,,徐俊,07196,,专业基础课,中文,四平路校区,"2025(土木工程 03014),2025(土木工程(数学与应用数学双学士学位) 03065),2025(土木工程(法学双学士学位) 03067)",0,1,16,徐俊(07196) 星期一7-8节 [1-16] 土木学院机房
CCE220204,工程图学II,2,,李龙,23095,,专业基础课,中文,四平路校区,"2025(土木工程 03014),2025(土木工程(数学与应用数学双学士学位) 03065),2025(土木工程(法学双学士学位) 03067)",0,1,16,李龙(23095) 星期一7-8节 [1-16] 土木学院机房
CCE220205,工程图学II,2,,操金鑫,12223,,专业基础课,英语,四平路校区,"2025(智能建造 03005),2025(土木工程 03014),2025(地质工程 03034),2025(土木工程(法学双学士学位) 03067),2025(土木工程(二学位) 03068),2025(土木工程(国际班) 03074),2025(地质工程(应用物理学双学士学位) 03077)",0,1,16,操金鑫(12223) 星期一3-4节 [1-16] 土木学院机房
CCE340301,工程项目智能管理,2,,卢昱杰,18096,,专业必修课,中文,四平路校区,2024(智能建造 03005),0,1,16,卢昱杰(18096) 星期一3-4节 [1-16] 南305
CCE440501,港口工程,2,,"郑永来,谢立全","00016,07134",",",专业必修课,中文,四平路校区,"2023(土木工程 03014),2023(土木工程(数学与应用数学双学士学位) 03065),2023(土木工程(法学双学士学位) 03067)",0,1,8,郑永来(00016) 星期一3-4节 [1-8] 北214 谢立全(07134) 星期三3-4节 [5-8] 北214 郑永来(00016) 星期三3-4节 [1-4] 北214
CCE220801,线性代数B（英）,3,,黄忠凯,23014,,公共基础课,英语,四平路校区,2025(土木工程(国际班) 03074),0,1,16,黄忠凯(23014) 星期一1-2节 [1-16] 南408 黄忠凯(23014) 星期三3-4节 [1-15单] 南408
CCE220601,人工智能科学与技术（英）,2,,陈建立,24135,,公共基础课,英语,四平路校区,2025(土木工程(国际班) 03074),0,1,16,陈建立(24135) 星期四3-4节 [1-16] 南421
CCE231901,土木工程材料（英）,2,,"张博珊,许碧莞","19633,21045",",",专业基础课,英语,四平路校区,2025(土木工程(国际班) 03074),0,1,16,许碧莞(21045) 星期一5-6节 [6-13] 南319 张博珊(19633) 星期一5-6节 [1-5 14-16] 南319
CCE231701,工程力学II（英）,3,,张姣龙,18625,,专业基础课,英语,四平路校区,2025(土木工程(国际班) 03074),0,1,16,张姣龙(18625) 星期二3-4节 [1-16] 北316 张姣龙(18625) 星期四5-6节 [2-16双] 北316
CCE230401,基础地质学,4,,"王建秀,郭桢","04183,19059",",",专业基础课,中文,四平路校区,"2025(地质工程 03034),2025(地质工程(应用物理学双学士学位) 03077),2025(地质工程(精英班) 09043)",0,1,16,王建秀(04183) 星期一1-2节 [1 5-16] 南409 郭桢(19059) 星期一1-2节 [2-4] 南409 郭桢(19059) 星期三5-6节 [5-16] 南409 王建秀(04183) 星期三5-6节 [1-4] 南409
CCE332201,地质工程数值分析原理,2,,黄雨,99131,,专业基础课,中文,四平路校区,2024(地质工程 03034),0,1,16,黄雨(99131) 星期一7-8节 [1-16] 南322
CCE352901,环境工程地质,1,,周洁,15050,,专业选修课,中文,四平路校区,2024(地质工程 03034),0,1,8,周洁(15050) 星期四9-10节 [1-8] 南421
CCE353001,绿色能源工程地质,1,,"李博,陈行威","21092,23504",",长聘副教授",专业选修课,中文,四平路校区,2024(地质工程 03034),0,1,8,李博(21092) 星期五3-4节 [1-4] 南322 陈行威(23504) 星期五3-4节 [5-8] 南322
CCE353101,海洋工程地质,1,,朱崇强,24004,,专业选修课,中文,四平路校区,2024(地质工程 03034),0,1,8,朱崇强(24004) 星期三5-6节 [1-8] 南222
CCE353201,行星工程地质,1,,郑虎,19513,,专业选修课,中文,四平路校区,2024(地质工程 03034),0,9,16,郑虎(19513) 星期三5-6节 [9-16] 南216
CCE331801,岩体力学（地质）,2,,陈建峰,01016,,专业基础课,中文,四平路校区,2024(地质工程 03034),0,9,16,陈建峰(01016) 星期二1-2节 [9-16] 北316 陈建峰(01016) 星期五3-4节 [9-16] 南322
,桥梁工程B,2,,孙利民,01129,教授,专业必修课,中文,四平路校区,"2023(土木工程 03014),2023(土木工程(数学与应用数学双学士学位) 03065),2023(土木工程(法学双学士学位) 03067)",0,1,12,孙利民(01129) 星期三3-4节 [1-12] 北212
,工程结构I设计原理,3,,"郭小农,柳献","06162,07023","副教授,",专业核心课,中文,四平路校区,2024(未来技术班(工程互联网) 09053),0,1,16,柳献(07023) 星期一3-4节 [9-16] 土木大楼A006 郭小农(06162) 星期一3-4节 [1-8] 土木大楼A006 柳献(07023) 星期四3-4节 [10-16双] 土木大楼A006 郭小农(06162) 星期四3-4节 [2-8双] 土木大楼A006
,工程数字孪生I性态孪生,2,,武威,17114,,专业核心课,中文,四平路校区,2024(未来技术班(工程互联网) 09053),0,1,16,武威(17114) 星期三1-2节 [1-16] 土木大楼A006
,工程性态感知（中级项目）,8,,闫伸,20147,预聘副教授,实践环节课程,中文,四平路校区,2024(未来技术班(工程互联网) 09053),0,1,16,闫伸(20147) 星期一5-8节 [1-16] 土木大楼A006 闫伸(20147) 星期四5-8节 [1-16] 土木大楼A006
CCE260701,异构数据融合（初级项目一）,6,,屈宏雅,19064,,实践环节课程,中文,四平路校区,2025(未来技术班(工程互联网) 09053),0,1,16,屈宏雅(19064) 星期一5-8节 [1-16] 土木学院创新基地A006室 屈宏雅(19064) 星期四5-6节 [1-16] 土木学院创新基地A006室
CCE260901,异构数据融合,6,,,,,实践环节课程,中文,四平路校区,2025(卓越计划班（工程互联网） 09103),0,1,16,
CCE261101,工程智能基础项目II深度学习,6,,高宇擎,23541,,实践环节课程,中文,四平路校区,2025(领军人才班(未来建造) 03076),0,1,16,高宇擎(23541) 星期一5-8节 [1-16] 南311 高宇擎(23541) 星期四5-6节 [1-16] 南311
CCE220301,全球胜任力(英),2,,徐艳,05203,,公共基础课,英语,四平路校区,2025(领军人才班(未来建造) 03076),0,1,16,徐艳(05203) 星期三3-4节 [1-16] 南320
CCE230901,工程图学,3,,吴杰,03206,,专业基础课,中文,四平路校区,2025(领军人才班(未来建造) 03076),0,1,16,吴杰(03206) 星期一3-4节 [1-16] 土木学院机房 吴杰(03206) 星期二1-2节 [1-15单] 南322
CCE231001,结构分析,3,,"肖伟芳,孙飞飞","21070,99045",",",专业基础课,中文,四平路校区,2025(领军人才班(未来建造) 03076),0,1,16,孙飞飞(99045) 星期二1-2节 [2-4双] 南322 肖伟芳(21070) 星期二1-2节 [6-16双] 南322 肖伟芳(21070) 星期四7-8节 [5-16] 南322 孙飞飞(99045) 星期四7-8节 [1-4] 南322
CCE231101,工程材料学,3,,余江滔,07087,,专业基础课,中文,四平路校区,2025(领军人才班(未来建造) 03076),0,1,16,余江滔(07087) 星期一1-2节 [1-15单] 南315 余江滔(07087) 星期五3-4节 [1-16] 土木学院机房
CCE290101,工程力学（中/英）,5,,孙飞飞,99045,,领域基础课,中英,四平路校区,2025(卓越计划班（工程互联网） 09103),0,1,16,孙飞飞(99045) 星期三9-11节 [1-16] 南316 孙飞飞(99045) 星期五1-2节 [1-16] 南316
CCE290102,工程力学（中/英）,5,,方根深,23181,,领域基础课,中英,四平路校区,2025(卓越计划班（工程互联网） 09103),0,1,16,方根深(23181) 星期三9-11节 [1-16] 北311 方根深(23181) 星期五1-2节 [1-16] 北311
CCE290103,工程力学（中/英）,5,,陈星,23177,,领域基础课,中英,四平路校区,2025(卓越计划班（工程互联网） 09103),0,1,16,陈星(23177) 星期三9-11节 [1-16] 北316 陈星(23177) 星期五1-2节 [1-16] 北316
CCE290104,工程力学（中/英）,5,,朱亚智,18622,,领域基础课,中英,四平路校区,2025(卓越计划班（工程互联网） 09103),0,1,16,朱亚智(18622) 星期三9-11节 [1-16] 北314 朱亚智(18622) 星期五1-2节 [1-16] 北314
CCE290105,工程力学（中/英）,5,,周鸣亮,23015,,领域基础课,中英,四平路校区,2025(卓越计划班（工程互联网） 09103),0,1,16,周鸣亮(23015) 星期三9-11节 [1-16] 北315 周鸣亮(23015) 星期五1-2节 [1-16] 北315
CCE091001,工程伦理学,1,,余倩倩,14528,,工程能力与创新思维,中文,四平路校区,,0,1,8,余倩倩(14528) 星期一7-8节 [1-8] 北220
经济与管理学院,,,,,,,,,,,,,,
,,,,,,,,,,,,,,
CEM350401,房地产估价,2,,王旭育,99033,,专业选修课,中文,四平路校区,"2024(工程管理 01014),2025(工程管理(二学位) 01097)",0,1,16,王旭育(99033) 星期三1-2节 [1-10 14-16] 北315 王旭育(99033) 星期三1-2节 [11-13] 学校机房(四平路)
CEM230101,财务管理,3,,何德宏,94768,,专业基础课,中文,四平路校区,2025(信息管理与信息系统 01024),0,1,16,何德宏(94768) 星期一3-4节 [1-16] 南408 何德宏(94768) 星期三3-4节 [2-16双] 南408
CEM340101,国际金融,2,,"叶欣,丁婧","05085,25272",",null",专业必修课,中英,四平路校区,"2024(金融学 01084),2024(政治学与行政学(PPE创新实验区) 53015)",0,1,16,叶欣(05085) 星期四7-8节 [9-10] 学校机房(四平路) 叶欣(05085) 星期四7-8节 [3-8 11-16] 南208 丁婧(25272) 星期四7-8节 [1-2] 南208
CEM340102,国际金融,2,,"叶欣,丁婧","05085,25272",",null",专业必修课,中英,四平路校区,2024(金融学(数学与应用数学双学士学位) 01095),0,1,16,叶欣(05085) 星期五3-4节 [9-10] 学校机房(四平路) 丁婧(25272) 星期五3-4节 [1-2] 北308 叶欣(05085) 星期五3-4节 [3-8 11-16] 北308
CEM290101,经济学原理,3,,"郑彩祥,胡一川","02123,25064",",预聘副教授",领域基础课,中文,四平路校区,2025(卓越计划班（工程互联网） 09103),0,1,16,胡一川(25064) 星期三3-4节 [10-16双] 衷和楼205 郑彩祥(02123) 星期三3-4节 [2-8双] 衷和楼205 郑彩祥(02123) 星期五7-8节 [1-8] 衷和楼205 胡一川(25064) 星期五7-8节 [9-16] 衷和楼205
CEM350601,经济法,2,,文家春,15164,,专业选修课,中文,四平路校区,2023(信息管理与信息系统 01024),0,1,16,文家春(15164) 星期三5-6节 [1-16] 北208
CEM350602,经济法,2,,文家春,15164,,专业选修课,中文,四平路校区,"2023(物流管理 01094),2024(会计学 01074)",0,1,16,文家春(15164) 星期三1-2节 [1-16] 南209
CEM350603,经济法,2,,姜南,09167,,专业选修课,中文,四平路校区,2024(金融学 01084),0,1,16,姜南(09167) 星期三3-4节 [1-16] 北209
CEM350604,经济法,2,,姜南,09167,,专业选修课,中文,四平路校区,"2024(金融学(数学与应用数学双学士学位) 01095),2024(工商管理(中法班) 01414)",0,1,16,姜南(09167) 星期三1-2节 [1-16] 北208
CEM230201,财务管理,3,,佟爱琴,96839,,专业基础课,中文,四平路校区,2025(环境科学(会计学双学士学位) 05036),0,1,16,佟爱琴(96839) 星期四5-6节 [1-16] 北317 佟爱琴(96839) 星期五3-4节 [2-16双] 北317
CEM230202,财务管理,3,,佟爱琴,96839,,专业基础课,中文,四平路校区,2025(会计学 01074),0,1,16,佟爱琴(96839) 星期四7-8节 [1-16] 北317 佟爱琴(96839) 星期五3-4节 [1-15单] 北317
CEM340201,工程项目管理,2,,"王新成,孙继德","22088,92035",",",专业必修课,中文,四平路校区,"2024(工程管理 01014),2025(工程管理(二学位) 01097)",0,1,16,孙继德(92035) 星期二3-4节 [1] 南210 王新成(22088) 星期二3-4节 [2-16] 南210
CEM356501,国际贸易理论,2,,聂文星,04139,,专业选修课,中文,四平路校区,2024(汉语言(经贸方向) 13014),0,1,16,聂文星(04139) 星期三5-6节 [1-16] 北219
CEM340301,建设与房地产法规,2,,王旭育,99033,,专业必修课,中文,四平路校区,"2024(工程管理 01014),2025(工程管理(二学位) 01097)",0,1,16,王旭育(99033) 星期三7-8节 [1-16] 南412
CEM340501,运输与配送,2,,黄官伟,96026,,专业必修课,中文,四平路校区,2024(物流管理 01094),0,1,16,黄官伟(96026) 星期一1-2节 [1-16] 北307
CEM350901,审计学,2,,孙建良,86740,,专业选修课,中文,四平路校区,2024(金融学 01084),0,1,16,孙建良(86740) 星期三5-6节 [1-16] 南316
CEM250101,市场营销,2,,刘艳玲,04120,,专业选修课,中文,嘉定校区,2025(传播学 60001),0,1,16,刘艳玲(04120) 星期四3-4节 [1-16] 安楼A302
CEM250102,市场营销,2,,刘艳玲,04120,,专业选修课,中文,四平路校区,2025(信息管理与信息系统 01024),0,1,16,刘艳玲(04120) 星期三5-6节 [1-16] 北317
CEM250103,市场营销,2,,熊国钺,06066,,专业选修课,中文,四平路校区,2024(会计学 01074),0,1,16,熊国钺(06066) 星期四1-2节 [1-16] 南208
CEM250104,市场营销,2,,郑鑫,07066,,专业选修课,中文,四平路校区,2024(环境科学(会计学双学士学位) 05036),0,1,16,郑鑫(07066) 星期一9-10节 [1-16] 南405
CEM230401,应用统计,2,,张建同,01033,,专业基础课,中文,四平路校区,"2025(信息管理与信息系统 01024),2025(金融学 01084)",0,1,16,张建同(01033) 星期二1-2节 [1-16] 北322
CEM230402,应用统计,2,,"张建同,段永瑞,张建军,胡一竑,刘明","01033,04088,08103,09111,10088",",,,,",专业必修课,中文,嘉定校区,2025(数据科学与大数据技术(数据科学与智能决策实验区) 81001),0,1,16,张建军(08103) 星期三7-8节 [7-10] 诚楼C409 胡一竑(09111) 星期三7-8节 [14-16] 诚楼C409 刘明(10088) 星期三7-8节 [11-13] 诚楼C409 张建同(01033) 星期三7-8节 [1-3] 诚楼C409 段永瑞(04088) 星期三7-8节 [4-6] 诚楼C409
CEM230403,应用统计,2,,张建军,08103,,专业基础课,中文,四平路校区,"2025(会计学 01074),2025(经济管理类(数据科学与智能决策实验区) 01098)",0,1,16,张建军(08103) 星期三1-2节 [1-16] 北312
CEM230404,应用统计,2,,刘明,10088,,专业基础课,中文,四平路校区,"2025(信息管理与信息系统 01024),2025(金融学 01084)",0,1,16,刘明(10088) 星期二1-2节 [1-16] 北320
CEM230405,应用统计,2,,胡一竑,09111,,专业基础课,中文,四平路校区,"2025(工程管理 01014),2025(金融学(数学与应用数学双学士学位) 01095)",0,1,16,胡一竑(09111) 星期四9-10节 [1-16] 南405
CEM230406,应用统计,2,,段永瑞,04088,,专业基础课,中文,四平路校区,"2025(工程管理 01014),2025(金融学(数学与应用数学双学士学位) 01095)",0,1,16,段永瑞(04088) 星期四9-10节 [1-16] 南419
CEM450201,建筑设备,2,,柯华,10044,,专业选修课,中文,四平路校区,2023(工程管理 01014),0,1,16,柯华(10044) 星期四3-4节 [1-16] 南209
CEM230501,财务管理,2,,周炜,93757,,专业基础课,中文,四平路校区,2025(工程管理 01014),0,1,16,周炜(93757) 星期四5-6节 [1-16] 南405
CEM230502,财务管理,2,,周炜,93757,,专业必修课,中文,嘉定校区,2025(数据科学与大数据技术(数据科学与智能决策实验区) 81001),0,1,16,周炜(93757) 星期五5-6节 [1-16] 诚楼C412
CEM351101,质量管理,2,,李云柯,24058,,专业选修课,英语,四平路校区,2024(工商管理(国际班) 01025),0,1,16,李云柯(24058) 星期一1-2节 [1-16] 北205
CEM120101,管理学概论,2,,钟竞,03054,,专业选修课,中文,嘉定校区,2025(传播学 60001),0,1,16,钟竞(03054) 星期一7-8节 [1-16] 诚楼C404
CEM120102,管理学概论,2,,苏依依,11034,,公共基础课,中文,四平路校区,2025(经济管理类(数据科学与智能决策实验区) 01098),0,1,16,苏依依(11034) 星期四1-2节 [1-16] 北308
CEM120103,管理学概论,2,,钟竞,03054,,专业必修课,中文,嘉定校区,2025(数据科学与大数据技术(数据科学与智能决策实验区) 81001),0,1,16,钟竞(03054) 星期一9-10节 [1-16] 诚楼C409
CEM240501,组织行为学,2,,"陆云波,魏峰","07067,11131",",",专业基础课,中文,四平路校区,2024(信息管理与信息系统 01024),0,1,16,陆云波(07067) 星期四1-2节 [13-14] 北312 魏峰(11131) 星期四1-2节 [1-12 15-16] 北312
CEM240502,组织行为学,2,,"钟竞,罗瑾琏","03054,90094",",",专业必修课,中文,四平路校区,"2024(工商管理(中法班) 01414),2025(环境科学(会计学双学士学位) 05036)",0,1,16,罗瑾琏(90094) 星期四7-8节 [12] 北316 钟竞(03054) 星期四7-8节 [1-11 13-16] 北316
CEM240503,组织行为学,2,,魏峰,11131,,专业选修课,中文,四平路校区,2023(物流管理 01094),0,1,16,魏峰(11131) 星期三3-4节 [1-16] 南105
CEM240504,组织行为学,2,,"陆云波,魏峰","07067,11131",",",专业基础课,中文,四平路校区,2024(信息管理与信息系统 01024),0,1,16,陆云波(07067) 星期四3-4节 [13-14] 北312 魏峰(11131) 星期四3-4节 [1-12 15-16] 北312
CEM240505,组织行为学,2,,梁建,17860,,专业选修课,中文,四平路校区,2025(会计学 01074),0,1,16,梁建(17860) 星期三3-4节 [1-16] 北312
CEM230601,宏观经济学,2,,黎德福,06084,,专业基础课,中文,四平路校区,2025(金融学(数学与应用数学双学士学位) 01095),0,1,16,黎德福(06084) 星期三5-6节 [1-16] 南205
CEM341101,中级财务会计(上),3,,于团叶,94450,,专业必修课,中文,四平路校区,2024(工商管理(中法班) 01414),0,1,16,于团叶(94450) 星期一1-2节 [1-16] 北309 于团叶(94450) 星期四5-6节 [1-15单] 北316
CEM450301,房地产经济学(双语),2,,唐代中,08078,,专业选修课,中英,四平路校区,2023(工程管理 01014),0,1,16,唐代中(08078) 星期日7-8节 [1-16] 不排教室
CEM240701,运营管理,2,,武小军,06145,,专业必修课,中文,四平路校区,2024(工商管理(中法班) 01414),0,1,16,武小军(06145) 星期二1-2节 [1-16] 北309
CEM250301,土木建筑概论,2,,关贤军,06089,,专业选修课,中文,四平路校区,2025(工程管理 01014),0,1,16,关贤军(06089) 星期四7-8节 [1-16] 南405
CEM341601,管理信息系统(B),2,,吴冰,05116,,专业必修课,中文,四平路校区,2024(信息管理与信息系统 01024),0,1,16,吴冰(05116) 星期一1-2节 [1-16] 北211
CEM351501,工程经济学,2,,邵颖红,94051,,专业选修课,中文,四平路校区,2023(信息管理与信息系统 01024),0,1,16,邵颖红(94051) 星期一1-2节 [1-16] 南305
CEM351502,工程经济学,2,,邵颖红,94051,,公共基础课,中文,嘉定校区,2025(新能源材料与器件 08003),0,1,16,邵颖红(94051) 星期四5-6节 [1-16] 安楼A202
CEM351503,工程经济学,2,,邵颖红,94051,,专业选修课,中文,四平路校区,2023(信息管理与信息系统 01024),0,1,16,邵颖红(94051) 星期一3-4节 [1-16] 南320
CEM351504,工程经济学,2,,邵颖红,94051,,专业选修课,中文,四平路校区,"2023(物流管理 01094),2024(工商管理(中法班) 01414)",0,1,16,邵颖红(94051) 星期五3-4节 [1-16] 南305
CEM351505,工程经济学,2,,周炜,93757,,专业选修课,中文,四平路校区,2024(工程管理 01014),0,1,16,周炜(93757) 星期四3-4节 [1-16] 南309
CEM351506,工程经济学,2,,邵颖红,94051,,公共基础课,中文,嘉定校区,2025(材料科学与工程 08014),0,1,16,邵颖红(94051) 星期四7-8节 [1-16] 安楼A202
CEM231001,运筹学,4,,段永瑞,04088,,专业基础课,中文,四平路校区,"2025(信息管理与信息系统 01024),2025(经济管理类(数据科学与智能决策实验区) 01098)",0,1,16,段永瑞(04088) 星期一1-2节 [1-16] 南419 段永瑞(04088) 星期四5-6节 [1-16] 南419
CEM231002,运筹学,4,,"段永瑞,李相勇,郑小金,张真真","04088,10092,12003,21038",",,,",专业必修课,中文,嘉定校区,2025(数据科学与大数据技术(数据科学与智能决策实验区) 81001),0,1,16,张真真(21038) 星期二1-2节 [13-16] 诚楼C408A 李相勇(10092) 星期二1-2节 [5-8] 诚楼C408A 郑小金(12003) 星期二1-2节 [1-2 9-12] 诚楼C408A 段永瑞(04088) 星期二1-2节 [3-4] 诚楼C408A 段永瑞(04088) 星期三5-6节 [3-4] 诚楼C408A 张真真(21038) 星期三5-6节 [13-16] 诚楼C408A 李相勇(10092) 星期三5-6节 [5-8] 诚楼C408A 郑小金(12003) 星期三5-6节 [1-2 9-12] 诚楼C408A
CEM231003,运筹学,4,,郑小金,12003,,专业基础课,中文,四平路校区,"2025(信息管理与信息系统 01024),2025(经济管理类(数据科学与智能决策实验区) 01098)",0,1,16,郑小金(12003) 星期一1-2节 [1-16] 南308 郑小金(12003) 星期四5-6节 [1-16] 南308
CEM220101,法语口语(1),4,,王丽云,19014,,公共基础课,中文,四平路校区,2025(工商管理(中法班) 01414),0,1,16,王丽云(19014) 星期一5-8节 [1-16] 南417
CEM341701,现代仓储管理,2,,周文泳,00024,,专业必修课,中文,四平路校区,2024(物流管理 01094),0,1,16,周文泳(00024) 星期一3-4节 [1-16] 北207
CEM330101,计量经济学,3,,郑彩祥,02123,,专业基础课,中文,四平路校区,"2024(工程管理 01014),2024(物流管理 01094)",0,1,16,郑彩祥(02123) 星期一5-6节 [1-16] 北315 郑彩祥(02123) 星期三3-4节 [1-15单] 北315
CEM330102,计量经济学,3,,郑彩祥,02123,,专业基础课,中文,四平路校区,2024(信息管理与信息系统 01024),0,1,16,郑彩祥(02123) 星期二3-4节 [2-16双] 北210 郑彩祥(02123) 星期三5-6节 [1-16] 北210
CEM330103,计量经济学,3,,孙丽华,10141,,专业基础课,中文,四平路校区,"2024(金融学 01084),2024(政治学与行政学(PPE创新实验区) 53015)",0,1,16,孙丽华(10141) 星期一5-6节 [1-15单] 北209 孙丽华(10141) 星期三1-2节 [1-16] 北209
CEM330104,计量经济学,3,,孙丽华,10141,,专业基础课,中文,四平路校区,"2024(金融学(数学与应用数学双学士学位) 01095),2024(工商管理(中法班) 01414)",0,1,16,孙丽华(10141) 星期一5-6节 [2-16双] 北209 孙丽华(10141) 星期三5-6节 [1-16] 北209
CEM060202,城市经济学,2,,"周向红,程名望,熊伟","02038,07099,16039",",,",社会发展与国际视野,中文,嘉定校区,,0,1,12,程名望(07099) 星期一7-8节 [9] 博楼B201 周向红(02038) 星期一7-8节 [10] 博楼B201 熊伟(16039) 星期一7-8节 [1-8 11-12] 博楼B201
CEM060301,演讲学,2,,陈迅,05167,,社会发展与国际视野,中文,四平路校区,,0,1,12,陈迅(05167) 星期三9-10节 [1-12] 南207
CEM351701,项目管理,2,,柯华,10044,,专业选修课,中文,四平路校区,"2024(信息管理与信息系统 01024),2024(物流管理 01094)",0,1,16,柯华(10044) 星期四5-6节 [1-16] 北205
CEM351702,项目管理,2,,曹冬平,17005,,个性化课程,中文,四平路校区,2024(应用物理学 12464),0,1,16,曹冬平(17005) 星期三5-6节 [1-16] 北307
CEM351703,项目管理,2,,"马国丰,曹冬平","06125,17005",",副教授",任选课程,中文,四平路校区,"2024(光电信息科学与工程(精英班) 09046),2024(光电信息科学与工程 12474)",0,1,16,马国丰(06125) 星期一3-4节 [5-16] 南322 曹冬平(17005) 星期一3-4节 [1-4] 南322
CEM351705,项目管理,2,,胡文发,94032,,个性化课程,中文,四平路校区,"2024(城市设计 02003),2024(建筑学 02015),2025(建筑学(二学位) 02098)",0,1,16,胡文发(94032) 星期五1-2节 [1-16] 南308
CEM351706,项目管理,2,,胡文发,94032,,个性化课程,中文,四平路校区,2024(基础学科拔尖基地(物理学) 58004),0,1,16,胡文发(94032) 星期一1-2节 [1-16] 北308
CEM351707,项目管理,2,,刘惠敏,08070,,个性化课程,中文,四平路校区,"2024(城市设计 02003),2024(建筑学 02015),2025(建筑学(二学位) 02098)",0,1,16,刘惠敏(08070) 星期五1-2节 [1-16] 南305
CEM351801,工程风险管理与保险,2,,王海艳,02097,,专业选修课,中文,四平路校区,"2024(金融学 01084),2024(金融学(数学与应用数学双学士学位) 01095)",0,1,16,王海艳(02097) 星期一7-8节 [1-16] 北109
CEM351802,工程风险管理与保险,2,,刘惠敏,08070,,专业选修课,中文,四平路校区,"2024(工程管理 01014),2025(工程管理(二学位) 01097)",0,1,16,刘惠敏(08070) 星期一3-4节 [1-16] 北209
CEM342201,国际物流,2,,郑小金,12003,,专业必修课,中文,四平路校区,2024(物流管理 01094),0,1,16,郑小金(12003) 星期四3-4节 [1-16] 南310
CEM352201,决策模拟,2,,胡照林,11150,,专业选修课,中文,四平路校区,"2024(工程管理 01014),2024(信息管理与信息系统 01024),2024(物流管理 01094),2025(工程管理(二学位) 01097)",0,1,16,胡照林(11150) 星期一7-8节 [1-16] 学校机房(四平路)
CEM352202,决策模拟,2,,范薇薇,19016,,专业选修课,中文,四平路校区,"2024(工程管理 01014),2024(信息管理与信息系统 01024),2024(物流管理 01094),2025(工程管理(二学位) 01097)",0,1,16,范薇薇(19016) 星期一7-8节 [1-16] 北208
CEM352401,创业学,2,,陈松,03011,,专业选修课,英语,四平路校区,2024(工商管理(国际班) 01025),0,1,16,陈松(03011) 星期三3-4节 [1-16] 南109
CEM352501,商业伦理,2,,于国庆,04227,,专业选修课,中文,四平路校区,2024(工商管理(中法班) 01414),0,1,16,于国庆(04227) 星期四3-4节 [1-16] 北307
CEM352601,公司治理,2,,邵鲁宁,08065,,专业选修课,中文,四平路校区,2024(工商管理(中法班) 01414),0,1,16,邵鲁宁(08065) 星期一3-4节 [1-16] 北309
CEM352701,服务营销学,2,,杨园,11044,,专业选修课,中文,四平路校区,2024(金融学 01084),0,1,16,杨园(11044) 星期五1-2节 [1-16] 南415
CEM342401,可持续发展与管理,2,,臧漫丹,98007,,专业选修课,中文,四平路校区,"2023(工程管理 01014),2023(会计学 01074),2023(环境科学(会计学双学士学位) 05036)",0,1,16,臧漫丹(98007) 星期日5-6节 [1-16] 不排教室
CEM231301,货币金融学,3,,"郭英,李奕滨","06067,94431",",",专业选修课,中文,四平路校区,"2025(会计学 01074),2025(环境科学(会计学双学士学位) 05036)",0,1,16,李奕滨(94431) 星期一3-4节 [14-16] 南405 郭英(06067) 星期一3-4节 [1-13] 南405 李奕滨(94431) 星期四3-4节 [15] 南405 郭英(06067) 星期四3-4节 [1-13单] 南405
CEM231302,货币金融学,3,,胡靖,04068,,专业选修课,中文,四平路校区,2025(政治学与行政学(PPE创新实验区) 53015),0,1,16,胡靖(04068) 星期一7-8节 [1-16] 南409 胡靖(04068) 星期四3-4节 [1-15单] 南315
CEM231303,货币金融学,3,,"阮青松,郭英","05137,06067",",",专业基础课,中英,四平路校区,2025(金融学 01084),0,1,16,郭英(06067) 星期一9-11节 [9-16] 北307 阮青松(05137) 星期一9-11节 [1-8] 北307
CEM231304,货币金融学,3,,"阮青松,郭英","05137,06067",",",专业基础课,中英,四平路校区,2025(金融学(数学与应用数学双学士学位) 01095),0,1,16,郭英(06067) 星期三9-11节 [9-16] 北308 阮青松(05137) 星期三9-11节 [1-8] 北308
CEM352901,城市与居住规划原理,2,,张宗彝,94097,,专业必修课,中文,四平路校区,"2024(工程管理 01014),2025(工程管理(二学位) 01097)",0,1,16,张宗彝(94097) 星期五1-2节 [1-16] 南411
CEM353001,建筑施工技术,2,,胡文发,94032,,专业选修课,中文,四平路校区,"2024(工程管理 01014),2025(工程管理(二学位) 01097)",0,1,16,胡文发(94032) 星期二1-2节 [1-16] 南305
CEM030101,战略管理,2,,苏涛永,08050,,社会发展与国际视野,中文,四平路校区,,0,1,12,苏涛永(08050) 星期四9-10节 [1-12] 北208
CEM040101,会计学原理,2,,徐勤,91523,,社会发展与国际视野,中文,四平路校区,,0,1,12,徐勤(91523) 星期三7-8节 [1-12] 北209
CEM040201,公司理财,2,,周炜,93757,,社会发展与国际视野,中文,四平路校区,,0,1,12,周炜(93757) 星期四7-8节 [1-12] 南210
CEM040202,公司理财,2,,周炜,93757,,社会发展与国际视野,中文,嘉定校区,,0,1,16,周炜(93757) 星期五7-8节 [1-12] 博楼B203
CEM050201,货币金融学,2,,"阮青松,郭英","05137,06067",",",社会发展与国际视野,中文,四平路校区,,0,1,12,郭英(06067) 星期三7-8节 [7-12] 北210 阮青松(05137) 星期三7-8节 [1-6] 北210
CEM050202,货币金融学,2,,胡靖,04068,,社会发展与国际视野,中文,嘉定校区,,0,1,12,胡靖(04068) 星期三7-8节 [1-12] 博楼B115
CEM060401,绿色经济,2,,"程名望,许洁,韩传峰","07099,98030,98044",",,",社会发展与国际视野,中文,四平路校区,,0,1,16,许洁(98030) 星期三9-10节 [1-12] 南209 程名望(07099) 星期三9-10节 [13-14] 南209 韩传峰(98044) 星期三9-10节 [15-16] 南209
CEM060402,绿色经济,2,,"程名望,许洁,韩传峰","07099,98030,98044",",,",社会发展与国际视野,中文,嘉定校区,,0,1,16,程名望(07099) 星期四7-8节 [13-14] 博楼B103 许洁(98030) 星期四7-8节 [1-12 16] 博楼B103 韩传峰(98044) 星期四7-8节 [15] 博楼B103
CEM450601,绿色建筑与可持续发展,2,,刘惠敏,08070,,专业选修课,中文,四平路校区,"2023(工程管理 01014),2025(工程管理(二学位) 01097)",0,1,16,刘惠敏(08070) 星期一1-2节 [1-16] 北209
CEM330201,人力资源管理（英）,2,,钟竞,03054,,专业基础课,英语,四平路校区,2024(工商管理(国际班) 01025),0,1,16,钟竞(03054) 星期四3-4节 [1-16] 北205
CEM330401,市场营销学（英）,2,,杨园,11044,,专业基础课,英语,四平路校区,2024(工商管理(国际班) 01025),0,1,16,杨园(11044) 星期五3-4节 [1-16] 南208
CEM231501,项目管理 （英）,2,,"肖超,施骞","19604,96031",",",专业基础课,英语,四平路校区,"2025(工程管理 01014),2025(经济管理类(数据科学与智能决策实验区) 01098)",0,1,16,肖超(19604) 星期五3-4节 [9-16] 南308 施骞(96031) 星期五3-4节 [1-8] 南308
CEM231502,项目管理 （英）,2,,肖超,19604,,专业必修课,英语,嘉定校区,2025(数据科学与大数据技术(数据科学与智能决策实验区) 81001),0,1,16,肖超(19604) 星期五9-10节 [1-16] 安楼A402
CEM353201,中国金融市场,2,,李海英,07161,,专业选修课,英语,四平路校区,2024(工商管理(国际班) 01025),0,1,11,李海英(07161) 星期一9-11节 [1-11] 南210
CEM353301,跨文化沟通,2,,王晓博,03115,,专业选修课,英语,四平路校区,2024(工商管理(国际班) 01025),0,1,16,王晓博(03115) 星期四9-10节 [1-16] 南209
CEM353701,国际商务及中国企业国际化,2,,邵鲁宁,08065,,专业选修课,英语,四平路校区,2024(工商管理(国际班) 01025),0,1,16,邵鲁宁(08065) 星期日7-8节 [1-16] 不排教室
CEM450701,固定收益证券,2,,孙丽华,10141,,专业选修课,中文,四平路校区,"2023(工程管理 01014),2023(金融学 01084),2023(金融学(数学与应用数学双学士学位) 01095)",0,1,16,孙丽华(10141) 星期二1-2节 [1-16] 北109
CEM220301,法语精读(3),4,,朱震芸,05029,,公共基础课,中文,四平路校区,2025(工商管理(中法班) 01414),0,1,16,朱震芸(05029) 星期四1-4节 [1-16] 南416
CEM250701,系统工程及其应用,2,,韩传峰,98044,,专业选修课,中文,四平路校区,"2024(工程管理 01014),2025(工程管理(二学位) 01097)",0,1,16,韩传峰(98044) 星期日9-10节 [1-16] 不排教室
CEM241401,逻辑学概论,2,,孙勇,96045,,专业选修课,中文,四平路校区,2025(信息管理与信息系统 01024),0,1,16,孙勇(96045) 星期四9-10节 [1-16] 南308
CEM231801,中级经济学,2,,"钟宁桦,李奕滨","13854,94431",",",专业基础课,英语,四平路校区,"2025(金融学 01084),2025(政治学与行政学(PPE创新实验区) 53015)",0,1,16,钟宁桦(13854) 星期三5-6节 [13-16] 北309 李奕滨(94431) 星期三5-6节 [1-12] 北309
CEM451901,国际经济关系,2,,聂文星,04139,,专业选修课,中文,四平路校区,2023(金融学 01084),0,1,16,聂文星(04139) 星期一7-8节 [1-16] 北111
CEM451902,国际经济关系,2,,李建忠,00104,,专业选修课,中文,四平路校区,"2023(金融学(数学与应用数学双学士学位) 01095),2024(政治学与行政学(PPE创新实验区) 53015)",0,1,16,李建忠(00104) 星期五1-2节 [1-16] 南208
CEM330601,成本管理会计,3,,王玉馨,00765,,专业必修课,中文,四平路校区,2024(会计学 01074),0,1,16,王玉馨(00765) 星期三5-6节 [1-16] 南209 王玉馨(00765) 星期五1-2节 [1-15单] 南209
CEM330602,成本管理会计,3,,王玉馨,00765,,专业选修课,中文,四平路校区,2024(工商管理(中法班) 01414),0,1,16,王玉馨(00765) 星期三3-4节 [1-16] 南409 王玉馨(00765) 星期五1-2节 [2-16双] 南408
CEM430201,经济学研究方法,2,,"王海艳,周华,郝凤霞,李永,马卫锋,黎德福","02097,03109,03125,03134,06048,06084",",,,,,",专业基础课,中文,四平路校区,"2023(金融学 01084),2023(金融学(数学与应用数学双学士学位) 01095)",0,1,16,马卫锋(06048) 星期四3-4节 [12-13] 北201 周华(03109) 星期四3-4节 [10-11] 北201 王海艳(02097) 星期四3-4节 [1-2] 北201 郝凤霞(03125) 星期四3-4节 [3-5 14-16] 北201 黎德福(06084) 星期四3-4节 [8-9] 北201 李永(03134) 星期四3-4节 [6-7] 北201
CEM030401,大数据营销,2,,王莉,07109,,工程能力与创新思维,中文,四平路校区,,0,1,12,王莉(07109) 星期一9-10节 [1-12] 南207
CEM030402,大数据营销,2,,邱烨,19017,,工程能力与创新思维,中文,嘉定校区,,0,1,16,邱烨(19017) 星期三7-8节 [1-12] 博楼B103
CEM060502,公益组织管理与创新,2,,邹珊珊,04122,,社会发展与国际视野,中文,嘉定校区,,0,1,12,邹珊珊(04122) 星期四9-10节 [1-12] 博楼B115
CEM060501,公益组织管理与创新,2,,邹珊珊,04122,,社会发展与国际视野,中文,嘉定校区,,0,1,12,邹珊珊(04122) 星期四7-8节 [1-12] 博楼B115
CEM010201,电子商务,2,,刘义理,99020,,社会发展与国际视野,中文,四平路校区,,0,1,12,刘义理(99020) 星期三9-10节 [1-12] 北205
CEM450901,解读中国经济发展的密码,2,,"胡靖,李海英,钟宁桦","04068,07161,13854",",,",专业选修课,中文,四平路校区,"2023(金融学 01084),2023(金融学(数学与应用数学双学士学位) 01095)",0,1,16,钟宁桦(13854) 星期一5-6节 [1-4] 南413 李海英(07161) 星期一5-6节 [8-16] 南413 胡靖(04068) 星期一5-6节 [5-7] 南413
CEM030502,企业管理概论,2,,邵鲁宁,08065,,社会发展与国际视野,中文,嘉定校区,,0,1,16,邵鲁宁(08065) 星期一9-10节 [1-12] 博楼B104
CEM030501,企业管理概论,2,,王旭育,99033,,社会发展与国际视野,中文,四平路校区,,0,1,12,王旭育(99033) 星期一9-10节 [1-12] 南217
CEM050501,职业生涯规划与职场能力提升,2,,"李海英,杨璐柳婷","07161,18058",",",社会发展与国际视野,中文,四平路校区,,0,1,12,李海英(07161) 星期四9-10节 [1 7-12] 南214 杨璐柳婷(18058) 星期四9-10节 [2-6] 南214
CEM060602,中国行政法理论与实践,2,,王珍愚,96015,,社会发展与国际视野,中文,嘉定校区,,0,1,12,王珍愚(96015) 星期三7-8节 [1-12] 博楼B101
CEM060701,生活中的逻辑,2,,孙勇,96045,,人文经典与审美素养,中文,四平路校区,,0,1,12,孙勇(96045) 星期四7-8节 [1-12] 南205
CEM354501,微观经济学（英）,2,,彭洁,24059,,专业选修课,英语,四平路校区,2024(工商管理(国际班) 01025),0,1,11,彭洁(24059) 星期三9-11节 [1-11] 南208
CEM343101,保险学原理,2,,王晓琛,92762,,专业必修课,中文,四平路校区,2024(金融学 01084),0,1,16,王晓琛(92762) 星期五3-4节 [1-16] 南316
CEM343102,保险学原理,2,,王晓琛,92762,,专业必修课,中文,四平路校区,2024(金融学(数学与应用数学双学士学位) 01095),0,1,16,王晓琛(92762) 星期三3-4节 [1-16] 北208
CEM451001,金融风险管理,2,,王海艳,02097,,专业选修课,中文,四平路校区,"2023(金融学 01084),2023(金融学(数学与应用数学双学士学位) 01095)",0,1,16,王海艳(02097) 星期一3-4节 [1-16] 南208
CEM250901,国际贸易学,2,,聂文星,04139,,专业基础课,中文,四平路校区,2025(金融学 01084),0,1,16,聂文星(04139) 星期一3-4节 [1-16] 北221
CEM250902,国际贸易学,2,,周华,03109,,个性化课程,中文,四平路校区,2024(政治学与行政学(PPE创新实验区) 53015),0,1,16,周华(03109) 星期一1-2节 [1-16] 北212
CEM451101,进出口贸易实务,2,,李建忠,00104,,专业选修课,中英,四平路校区,2023(汉语言(经贸方向) 13014),0,1,16,李建忠(00104) 星期四5-6节 [1-16] 南422
CEM330801,审计学,3,,孙建良,86740,,专业必修课,中文,四平路校区,"2024(会计学 01074),2024(环境科学(会计学双学士学位) 05036)",0,1,16,孙建良(86740) 星期三3-4节 [1-16] 南209 孙建良(86740) 星期五1-2节 [2-16双] 南209
CEM355001,电子商务,2,,李沁芳,01069,,专业选修课,中文,四平路校区,2023(汉语言(经贸方向) 13014),0,1,16,李沁芳(01069) 星期四1-2节 [1-16] 南417
CEM451201,数据可视化与探索性数据分析,2,,汪云峰,03156,,专业选修课,中文,四平路校区,"2023(工程管理 01014),2023(物流管理 01094),2025(工程管理(二学位) 01097)",0,1,16,汪云峰(03156) 星期一5-6节 [1-16] 南205
CEM451202,数据可视化与探索性数据分析,2,,汪云峰,03156,,专业选修课,中文,四平路校区,"2023(金融学 01084),2023(金融学(数学与应用数学双学士学位) 01095)",0,1,16,汪云峰(03156) 星期一1-2节 [1-16] 南205
CEM451203,数据可视化与探索性数据分析,2,,汪云峰,03156,,专业选修课,中文,四平路校区,2023(金融学 01084),0,1,16,汪云峰(03156) 星期二3-4节 [1-16] 北109
CEM355201,智能财务概论,2,,蔡宇,13015,,专业选修课,中文,四平路校区,"2024(会计学 01074),2024(环境科学(会计学双学士学位) 05036)",0,1,16,蔡宇(13015) 星期一1-2节 [1-16] 南216
CEM451301,会计与财务前沿讲座,2,,白云霞,04145,,专业选修课,中文,四平路校区,"2023(会计学 01074),2023(环境科学(会计学双学士学位) 05036)",0,1,16,白云霞(04145) 星期一3-4节 [1-16] 南105
CEM451401,数字化审计,2,,王玉馨,00765,,专业选修课,中文,四平路校区,2023(会计学 01074),0,1,16,王玉馨(00765) 星期四3-4节 [1-5] 北310 王玉馨(00765) 星期四3-4节 [6-16] 学校机房(四平路)
CEM451402,数字化审计,2,,王玉馨,00765,,专业选修课,中文,四平路校区,2023(环境科学(会计学双学士学位) 05036),0,1,16,王玉馨(00765) 星期五3-4节 [1-5] 南415 王玉馨(00765) 星期五3-4节 [6-16] 学校机房(四平路)
CEM241701,商业伦理与会计职业道德,2,,何德宏,94768,,专业必修课,中文,四平路校区,"2025(会计学 01074),2025(环境科学(会计学双学士学位) 05036)",0,1,16,何德宏(94768) 星期一1-2节 [1-16] 南208
CEM451501,国际商务实训,2,,胡靖,04068,,专业选修课,中文,四平路校区,"2023(金融学 01084),2023(金融学(数学与应用数学双学士学位) 01095)",0,1,8,胡靖(04068) 星期四5-8节 [1-8] 学校机房(四平路)
CEM355601,虚拟设计与施工（双语）,2,,"曹冬平,王广斌","17005,91039",",",专业选修课,中英,四平路校区,"2024(工程管理 01014),2025(工程管理(二学位) 01097)",0,1,16,王广斌(91039) 星期四1-2节 [1 14-15] 南407 曹冬平(17005) 星期四1-2节 [2-13 16] 南407
CEM232201,中级财务会计,4,,佟爱琴,96839,,专业基础课,中文,四平路校区,2025(会计学 01074),0,1,16,佟爱琴(96839) 星期一5-6节 [1-16] 北322 佟爱琴(96839) 星期三5-6节 [1-16] 北322
CEM232202,中级财务会计,4,,"许勤,于团叶","00084,94450",",",专业基础课,中文,四平路校区,2025(环境科学(会计学双学士学位) 05036),0,1,16,许勤(00084) 星期一5-6节 [9-16] 南405 于团叶(94450) 星期一5-6节 [1-8] 南405 许勤(00084) 星期四1-2节 [9-16] 南405 于团叶(94450) 星期四1-2节 [1-8] 南405
CEM451701,法国合作高校课程2,12,,魏峰,11131,,专业选修课,中文,四平路校区,2023(工商管理(中法班) 01414),0,1,16,魏峰(11131) 星期日7-8节 [1-16] 不排教室
CEM355901,商业决策分析（英）,2,,毛文峥,21014,,专业选修课,英语,四平路校区,2024(工商管理(国际班) 01025),0,1,16,毛文峥(21014) 星期三7-8节 [1-16] 南215
CEM010301,博弈与社会,2,,马卫民,07148,,工程能力与创新思维,中文,四平路校区,,0,1,12,马卫民(07148) 星期四9-10节 [1-12] 北205
CEM343501,税务会计,3,,张延洁,94767,,专业必修课,中文,四平路校区,"2024(会计学 01074),2024(环境科学(会计学双学士学位) 05036)",0,1,16,张延洁(94767) 星期四3-4节 [1-16] 南305 张延洁(94767) 星期五7-8节 [2-16双] 南305
CEM343502,税务会计,3,,张延洁,94767,,专业必修课,中文,四平路校区,2024(会计学 01074),0,1,16,张延洁(94767) 星期四5-6节 [1-16] 南305 张延洁(94767) 星期五7-8节 [1-15单] 南305
CEM451601,证券投资实训,2,,李海英,07161,,专业选修课,中英,四平路校区,2023(金融学 01084),0,1,16,李海英(07161) 星期五1-2节 [1-16] 学校机房(四平路)
CEM451602,证券投资实训,2,,李海英,07161,,专业选修课,中英,四平路校区,"2023(金融学 01084),2023(金融学(数学与应用数学双学士学位) 01095)",0,1,16,李海英(07161) 星期五3-4节 [1-16] 学校机房(四平路)
CEM030601,商务礼仪,2,,刘艳玲,04120,,社会发展与国际视野,中文,四平路校区,,0,1,12,刘艳玲(04120) 星期三9-10节 [1-12] 北208
CEM030602,商务礼仪,2,,刘艳玲,04120,,社会发展与国际视野,中文,嘉定校区,,0,1,16,刘艳玲(04120) 星期四5-6节 [1-12] 安楼A305
CEM050802,透过现象看本质：经济学逻辑,2,,胡靖,04068,,社会发展与国际视野,中文,嘉定校区,,0,1,12,胡靖(04068) 星期三9-10节 [1-12] 博楼B115
CEM060801,数字经济学,2,,周迪,25271,null,社会发展与国际视野,中文,四平路校区,,0,1,12,周迪(25271) 星期四7-8节 [1-12] 北208
CEM050901,国际金融与管理,2,,"叶欣,郭英","05085,06067",",",社会发展与国际视野,中文,四平路校区,,0,1,12,郭英(06067) 星期五7-8节 [1-5] 南208 叶欣(05085) 星期五7-8节 [6-12] 南208
CEM343701,战略管理（英）,2,,陈守明,03077,,专业必修课,英语,四平路校区,2024(工商管理(国际班) 01025),0,1,16,陈守明(03077) 星期三1-2节 [1-16] 南109
CEM320101,管理学概论（英）,2,,胡宏刚,23083,,公共基础课,英语,四平路校区,2024(工商管理(国际班) 01025),0,1,16,胡宏刚(23083) 星期四1-2节 [1-16] 北205
CEM051001,国际贸易实务,2,,李建忠,00104,,社会发展与国际视野,中文,四平路校区,,0,1,12,李建忠(00104) 星期四7-8节 [1-12] 南216
CEM040401,上市公司财务报表分析与决策,2,,于团叶,94450,,社会发展与国际视野,中文,四平路校区,,0,1,12,于团叶(94450) 星期一9-10节 [1-12] 北208
CEM030701,销售技巧与客户关系管理,2,,刘艳玲,04120,,社会发展与国际视野,中文,四平路校区,,0,1,12,刘艳玲(04120) 星期三7-8节 [1-12] 北110
CEM030702,销售技巧与客户关系管理,2,,刘艳玲,04120,,社会发展与国际视野,中文,嘉定校区,,0,1,16,刘艳玲(04120) 星期四9-10节 [1-12] 安楼A305
CEM051201,金融科技,2,,"叶欣,马卫锋,郭英,李海英,钟宁桦,王姝晶,徐德华,刘强","05085,06048,06067,07161,13854,18629,90053,94434",",,,,,,,",社会发展与国际视野,中文,四平路校区,,0,1,12,刘强(94434) 星期一7-8节 [4] 南205 李海英(07161) 星期一7-8节 [10-12] 南205 徐德华(90053) 星期一7-8节 [5] 南205 王姝晶(18629) 星期一7-8节 [2] 南205 叶欣(05085) 星期一7-8节 [6-7] 南205 钟宁桦(13854) 星期一7-8节 [1] 南205 马卫锋(06048) 星期一7-8节 [3] 南205 郭英(06067) 星期一7-8节 [8-9] 南205
CEM030801,职场社交与客户关系密码,2,,熊国钺,06066,,社会发展与国际视野,中文,四平路校区,,0,1,12,熊国钺(06066) 星期四7-8节 [1-12] 北207
CEM030802,职场社交与客户关系密码,2,,熊国钺,06066,,社会发展与国际视野,中文,嘉定校区,,0,1,16,熊国钺(06066) 星期一7-8节 [1-12] 博楼B103
CEM030901,营销管理与AI应用创新,2,,熊国钺,06066,,社会发展与国际视野,中文,四平路校区,,0,1,12,熊国钺(06066) 星期三7-8节 [1-12] 北207
CEM030902,营销管理与AI应用创新,2,,谢恩,17858,,社会发展与国际视野,中文,嘉定校区,,0,1,16,谢恩(17858) 星期三7-8节 [1-12] 博楼B204
CEM232301,商业智能技术与应用,2,,李沁芳,01069,讲师,专业基础课,中文,四平路校区,2025(工商管理(中法班) 01414),0,1,16,李沁芳(01069) 星期一1-2节 [1-16] 北310
CEM232401,人工智能辅助决策,2,,李相勇,10092,,专业基础课,中文,四平路校区,2025(工商管理(中法班) 01414),0,1,16,李相勇(10092) 星期五1-2节 [1-16] 北308
环境科学与工程学院,,,,,,,,,,,,,,
,,,,,,,,,,,,,,
ESE441201,水处理实验技术(2),1,史俊(高级工程师),"盛力,史俊","08137,13567","高级工程师,",专业必修课,中文,四平路校区,2023(给排水科学与工程 05024),0,1,8,盛力(08137) 星期四5-8节 [7] 济阳楼104 史俊(13567) 星期四5-8节 [1-5单] 济阳楼104
ESE441202,水处理实验技术(2),1,史俊(高级工程师),"盛力,史俊","08137,13567","高级工程师,",专业必修课,中文,四平路校区,"2023(环境工程 05014),2023(环境工程(数学与应用数学双学士学位) 05035)",0,1,8,史俊(13567) 星期三5-8节 [1-5单] 济阳楼104 盛力(08137) 星期三5-8节 [7] 济阳楼104
ESE441203,水处理实验技术(2),1,史俊(高级工程师),"盛力,史俊","08137,13567","高级工程师,",专业必修课,中文,四平路校区,"2023(环境工程 05014),2023(环境工程(数学与应用数学双学士学位) 05035)",0,2,8,史俊(13567) 星期三5-8节 [2-6双] 济阳楼104 盛力(08137) 星期三5-8节 [8] 济阳楼104
ESE441204,水处理实验技术(2),1,史俊(高级工程师),"盛力,史俊","08137,13567","高级工程师,",专业必修课,中文,四平路校区,"2023(基础学科拔尖班(环境) 05003),2023(环境科学 05034)",0,2,8,史俊(13567) 星期四5-8节 [2-6双] 济阳楼104 盛力(08137) 星期四5-8节 [8] 济阳楼104
ESE001301,生态工程基础,2,方萍(副教授),方萍,00098,,工程能力与创新思维,中文,四平路校区,,0,1,16,方萍(00098) 星期三9-10节 [1-16] 北221
ESE346401,环境评价与规划,2,尹海龙(教授),"尹海龙,孟祥周,王峰,王洪涛,王旭,冯沧","03158,08136,09112,10009,13122,88100",",,,,,",专业必修课,中文,四平路校区,2024(环境工程(数学与应用数学双学士学位) 05035),0,1,16,孟祥周(08136) 星期五3-4节 [14] 南422 王旭(13122) 星期五3-4节 [11-13] 南422 王洪涛(10009) 星期五3-4节 [15] 南422 冯沧(88100) 星期五3-4节 [2-5] 南422 王峰(09112) 星期五3-4节 [9-10] 南422 尹海龙(03158) 星期五3-4节 [1 6-8 16] 南422
ESE346402,环境评价与规划,2,陆志波(教授),"王娟,陆志波","05134,06068",",",专业选修课,中文,四平路校区,2023(给排水科学与工程 05024),0,1,16,王娟(05134) 星期五3-4节 [2-16] 南315 陆志波(06068) 星期五3-4节 [1] 南315
ESE346403,环境评价与规划,2,王峰(副教授),"王峰,张云惠,叶建锋,冯沧","09112,20136,22019,88100",",,,",专业必修课,中文,四平路校区,"2024(环境工程 05014),2024(环境工程(精英班) 09024)",0,1,16,王峰(09112) 星期四3-4节 [1-4] 南422 冯沧(88100) 星期四3-4节 [10-16] 南422 张云惠(20136) 星期四3-4节 [5-6] 南422 叶建锋(22019) 星期四3-4节 [7-9] 南422
ESE456601,环境工程仪表与自动化控制,2,杨殿海(教授),"庞维海,杨殿海","11144,99004",",",专业选修课,中文,四平路校区,"2023(环境工程 05014),2023(环境工程(数学与应用数学双学士学位) 05035)",0,1,16,杨殿海(99004) 星期四3-4节 [1-3] 南217 庞维海(11144) 星期四3-4节 [4-16] 南217
ESE456701,环保设备基础,2,陆斌(工程师),"彭开铭,陆斌","18089,90557",",",专业选修课,中文,四平路校区,"2023(环境工程 05014),2023(环境工程(数学与应用数学双学士学位) 05035)",0,1,16,陆斌(90557) 星期四3-4节 [11-16] 北222 彭开铭(18089) 星期四3-4节 [1-10] 北222
ESE457101,环境工程技术经济,2,张志强(副教授),王晟,07113,,专业选修课,中文,四平路校区,"2023(环境工程 05014),2023(环境工程(数学与应用数学双学士学位) 05035)",0,1,16,王晟(07113) 星期二3-4节 [1-16] 北120
ESE457201,固体废物管理,2,何品晶(教授),吕凡,06072,,专业选修课,中文,四平路校区,"2023(环境工程 05014),2023(环境工程(数学与应用数学双学士学位) 05035)",0,1,16,吕凡(06072) 星期日9-10节 [1-16] 不排教室
ESE367401,环境评价与规划课程设计,2,王峰(副教授),王峰,09112,,实践环节课程,中文,四平路校区,"2024(环境工程 05014),2024(环境工程(数学与应用数学双学士学位) 05035)",0,1,16,王峰(09112) 星期四5-8节 [1-8] 环境学院明净楼109
ESE457801,水工程经济,2,吴敏(教授),"刘彦伶,吴敏","21029,85148",",",专业选修课,中文,四平路校区,2023(给排水科学与工程 05024),0,1,16,吴敏(85148) 星期三1-2节 [1 9-16] 北222 刘彦伶(21029) 星期三1-2节 [2-8] 北222
ESE337901,水文学与水文地质,2,陶涛(教授),陶涛,03064,,专业基础课,中文,四平路校区,2024(给排水科学与工程 05024),0,1,16,陶涛(03064) 星期二1-2节 [1-16] 南320
ESE458601,水工程施工,1,范建伟(教授),范建伟,92605,,专业选修课,中文,四平路校区,2023(给排水科学与工程 05024),0,1,8,范建伟(92605) 星期一3-4节 [1-8] 北220
ESE339201,环境化学,3,徐冉(副教授),"徐冉,李少林,吴一楠,郭雪萍,李风亭","05208,10086,14008,22137,99107",",,,,",专业基础课,中文,四平路校区,"2024(基础学科拔尖班(环境) 05003),2024(环境科学 05034),2024(环境科学(会计学双学士学位) 05036)",0,1,16,吴一楠(14008) 星期四1-2节 [1-6] 南408 郭雪萍(22137) 星期四1-2节 [14-15] 南408 徐冉(05208) 星期四1-2节 [7-11] 南408 李风亭(99107) 星期四1-2节 [16] 南408 李少林(10086) 星期四1-2节 [12-13] 南408 郭雪萍(22137) 星期五1-2节 [15] 南408 徐冉(05208) 星期五1-2节 [7-9单] 南408 李少林(10086) 星期五1-2节 [11-13单] 南408 吴一楠(14008) 星期五1-2节 [1-5单] 南408
ESE339202,环境化学,3,徐冉(副教授),"徐冉,李少林,吴一楠,郭雪萍","05208,10086,14008,22137",",,,",专业基础课,英语,四平路校区,"2024(基础学科拔尖班(环境) 05003),2024(环境科学 05034),2024(环境科学(会计学双学士学位) 05036)",0,1,16,李少林(10086) 星期四1-2节 [14-16] 北320 徐冉(05208) 星期四1-2节 [1-6] 北320 吴一楠(14008) 星期四1-2节 [7-11] 北320 郭雪萍(22137) 星期四1-2节 [12-13] 北320 徐冉(05208) 星期五1-2节 [1-5单] 北320 李少林(10086) 星期五1-2节 [15] 北320 郭雪萍(22137) 星期五1-2节 [13] 北320 吴一楠(14008) 星期五1-2节 [7-11单] 北320
ESE259501,生物化学,2,陈银广(教授),"陈银广,黄海宁,刘超","03221,23116,25123",",,助理教授（长聘体系）",专业基础课,中文,四平路校区,2025(领军人才班(数智环境) 05041),0,1,16,黄海宁(23116) 星期一3-4节 [7-11] 南418 陈银广(03221) 星期一3-4节 [1-6 16] 南418 刘超(25123) 星期一3-4节 [12-15] 南418
ESE259502,生物化学,2,陈银广(教授),"陈银广,黄海宁,刘超","03221,23116,25123",",,助理教授（长聘体系）",专业选修课,中文,四平路校区,2024(环境工程 05014),0,1,16,陈银广(03221) 星期一1-2节 [1-6 16] 南314 刘超(25123) 星期一1-2节 [12-15] 南314 黄海宁(23116) 星期一1-2节 [7-11] 南314
ESE259503,生物化学,2,陈银广(教授),"陈银广,黄海宁,刘超","03221,23116,25123",",,助理教授（长聘体系）",专业选修课,中文,四平路校区,2024(环境工程(数学与应用数学双学士学位) 05035),0,1,16,陈银广(03221) 星期三3-4节 [1-6 16] 南419 刘超(25123) 星期三3-4节 [12-15] 南419 黄海宁(23116) 星期三3-4节 [7-11] 南419
ESE349701,环境经济学,2,王洪涛(教授),"王洪涛,张静","10009,13097",",",专业必修课,中文,四平路校区,"2024(基础学科拔尖班(环境) 05003),2024(环境科学 05034),2024(环境科学(会计学双学士学位) 05036)",0,1,16,张静(13097) 星期一3-4节 [1-8] 南317 王洪涛(10009) 星期一3-4节 [9-16] 南317
ESE349702,环境经济学,2,王洪涛(教授),"王洪涛,张静","10009,13097",",",专业必修课,英语,四平路校区,"2024(基础学科拔尖班(环境) 05003),2024(环境科学 05034),2024(环境科学(会计学双学士学位) 05036)",0,1,16,张静(13097) 星期一3-4节 [9-16] 南316 王洪涛(10009) 星期一3-4节 [1-8] 南316
ESE332801,环境微生物学,2,陈银广(教授),"陈银广,冯雷雨,郑雄,黄海宁","03221,12002,14187,23116",",,,",专业基础课,中文,四平路校区,"2024(基础学科拔尖班(环境) 05003),2024(环境科学 05034),2024(环境科学(会计学双学士学位) 05036)",0,1,16,冯雷雨(12002) 星期二1-2节 [2-3 12-16] 南407 陈银广(03221) 星期二1-2节 [1] 南407 黄海宁(23116) 星期二1-2节 [4] 南407 郑雄(14187) 星期二1-2节 [5-11] 南407
ESE332802,环境微生物学,2,王虹(副教授),王虹,14169,,专业基础课,英语,四平路校区,"2024(基础学科拔尖班(环境) 05003),2024(环境科学 05034),2024(环境科学(会计学双学士学位) 05036)",0,1,16,王虹(14169) 星期二1-2节 [1-16] 南405
ESE349001,水质工程学(下),3,王亚宜(教授),"夏四清,王亚宜","01011,08135",",",专业必修课,中文,四平路校区,2024(给排水科学与工程 05024),0,1,16,夏四清(01011) 星期一5-6节 [11-16] 南312 王亚宜(08135) 星期一5-6节 [1-10] 南312 王亚宜(08135) 星期四3-4节 [1-9单] 南312 夏四清(01011) 星期四3-4节 [11-15单] 南312
ESE019801,环境土壤学,2,杨长明(副教授),杨长明,04160,,工程能力与创新思维,中文,四平路校区,,0,1,12,杨长明(04160) 星期一9-10节 [1-12] 南220
ESE233901,可持续发展理论,2,刘颖(教授),"郭茹,刘颖,张海平","07143,08060,91033",",,",专业基础课,中文,四平路校区,"2025(基础学科拔尖班(环境) 05003),2025(环境科学 05034)",0,1,16,张海平(91033) 星期一1-2节 [2-6] 南421 郭茹(07143) 星期一1-2节 [7-9] 南421 刘颖(08060) 星期一1-2节 [1 10-16] 南421
ESE344101,环境影响与评价,2,陆志波(教授),"王娟,陆志波","05134,06068",",",专业必修课,中文,四平路校区,"2024(基础学科拔尖班(环境) 05003),2024(环境科学 05034),2024(环境科学(会计学双学士学位) 05036)",0,1,16,王娟(05134) 星期五5-6节 [2-16] 南316 陆志波(06068) 星期五5-6节 [1] 南316
ESE344901,水质工程学(上),3,邓慧萍(教授),"隋铭皓,邓慧萍","06042,85153",",",专业必修课,中文,四平路校区,2024(给排水科学与工程 05024),0,1,16,邓慧萍(85153) 星期三5-6节 [1-11单] 南410 隋铭皓(06042) 星期三5-6节 [13-15单] 南410 邓慧萍(85153) 星期四5-6节 [1-11 14-16] 南410 隋铭皓(06042) 星期四5-6节 [12-13] 南410
ESE455101,环境科技创新实验,4,刘佳(正高级工程师),"刘佳,彭开铭","12052,18089",",",专业选修课,中文,四平路校区,"2023(基础学科拔尖班(环境) 05003),2023(环境工程 05014),2023(给排水科学与工程 05024),2023(环境科学 05034),2023(环境工程(数学与应用数学双学士学位) 05035),2023(环境科学(会计学双学士学位) 05036)",0,1,16,彭开铭(18089) 星期五5-8节 [1-8] 环境学院明净楼 刘佳(12052) 星期五5-8节 [9-16] 环境学院明净楼
ESE025701,环境安全与健康知识,2,胡霞林(教授),胡霞林,08074,,科学探索与生命关怀,中文,四平路校区,,0,1,12,胡霞林(08074) 星期一9-10节 [1-12] 南222
ESE025801,中国环境保护的反思,2,王学江(),王学江,06014,,科学探索与生命关怀,中文,四平路校区,,0,1,12,王学江(06014) 星期五5-6节 [1-12] 南220
ESE336401,环境工程概论(双语),2,李咏梅(教授),"谢丽,吴冰,王林,李咏梅","05248,08147,12510,99065",",,,",专业基础课,中英,四平路校区,"2024(环境工程 05014),2024(环境工程(数学与应用数学双学士学位) 05035),2024(环境工程(精英班) 09024)",0,1,16,王林(12510) 星期一3-4节 [7-8] 南217 谢丽(05248) 星期一3-4节 [4-6 12-14] 南217 吴冰(08147) 星期一3-4节 [15-16] 南217 李咏梅(99065) 星期一3-4节 [1-3 9-11] 南217
ESE026501,水资源利用与管理,2,张志强(副教授),张志强,09034,,工程能力与创新思维,中文,四平路校区,,0,1,16,张志强(09034) 星期五7-8节 [1-16] 南320
ESE026701,环境质量与监测,2,刘颖(教授),刘颖,08060,,工程能力与创新思维,中文,四平路校区,,0,1,16,刘颖(08060) 星期三9-10节 [1-16] 北222
ESE337001,环境工程学原理,2,朱昊辰(副教授),朱昊辰,12208,,专业基础课,中文,四平路校区,"2024(基础学科拔尖班(环境) 05003),2024(环境科学 05034)",0,1,16,朱昊辰(12208) 星期四3-4节 [1-16] 南316
ESE348801,水污染控制工程(上),2,杨殿海(教授),"赵文涛,武博然,陆斌,杨殿海","10049,20008,90557,99004",",,,",专业必修课,中文,四平路校区,"2024(环境工程 05014),2024(环境工程(数学与应用数学双学士学位) 05035),2024(环境工程(精英班) 09024)",0,1,16,杨殿海(99004) 星期二3-4节 [1] 北216 赵文涛(10049) 星期二3-4节 [11] 北216 武博然(20008) 星期二3-4节 [13-16] 北216 陆斌(90557) 星期二3-4节 [2-10 12] 北216
ESE449101,工业废水污染防治,2,刘佳(正高级工程师),"刘佳,王巧英,蔡辰","12052,16011,21151",",,",专业必修课,中文,四平路校区,"2023(环境工程 05014),2023(环境工程(数学与应用数学双学士学位) 05035)",0,1,16,蔡辰(21151) 星期二1-2节 [13-16] 北222 王巧英(16011) 星期二1-2节 [9-12] 北222 刘佳(12052) 星期二1-2节 [1-8] 北222
ESE449102,工业废水污染防治,2,彭开铭(预聘副教授),"孙婧,彭开铭,蔡辰","15157,18089,21151",",,",专业必修课,中文,四平路校区,2023(给排水科学与工程 05024),0,1,16,彭开铭(18089) 星期二1-2节 [3-7] 北319 蔡辰(21151) 星期二1-2节 [1-2] 北319 孙婧(15157) 星期二1-2节 [8-16] 北319
ESE359201,环境管理与法规(双语),2,尹海龙(教授),"尹海龙,王晟","03158,07113",",",专业选修课,中英,四平路校区,"2024(环境工程 05014),2024(环境工程(数学与应用数学双学士学位) 05035)",0,1,16,王晟(07113) 星期一5-6节 [15-16] 南216 尹海龙(03158) 星期一5-6节 [1-14] 南216
ESE459401,环境工程项目施工与管理,3,叶建锋(教授),叶建锋,22019,,专业选修课,中文,四平路校区,"2023(环境工程 05014),2023(环境工程(数学与应用数学双学士学位) 05035)",0,1,16,叶建锋(22019) 星期三9-11节 [1-16] 南222
ESE469601,大气污染控制工程课程设计,2,徐斌(副教授),徐斌,11158,,实践环节课程,中文,四平路校区,"2023(环境工程 05014),2023(环境工程(数学与应用数学双学士学位) 05035)",0,1,8,徐斌(11158) 星期三1-4节 [1-8] 南122
ESE330001,泵与泵站,2,唐玉霖(教授),唐玉霖,10008,,专业基础课,中文,四平路校区,2024(给排水科学与工程 05024),0,1,8,唐玉霖(10008) 星期五1-4节 [1-8] 南405
ESE030501,生态学原理及应用(双语),2,方萍(副教授),方萍,00098,,工程能力与创新思维,中英,四平路校区,,0,1,12,方萍(00098) 星期三7-8节 [1-12] 北221
ESE351701,物理污染控制学,2,胡霞林(教授),"胡霞林,吴一楠","08074,14008",",",专业选修课,中文,四平路校区,"2024(基础学科拔尖班(环境) 05003),2024(环境科学 05034),2024(环境科学(会计学双学士学位) 05036)",0,1,16,胡霞林(08074) 星期一7-8节 [1-8 14-16] 北317 吴一楠(14008) 星期一7-8节 [9-13] 北317
ESE031901,环境健康危害与防护,2,吴德礼(研究员（自然科学）),"张超杰,吴德礼,冯雷雨","04048,05218,12002",",,",科学探索与生命关怀,中文,四平路校区,,0,1,12,冯雷雨(12002) 星期三7-8节 [1-4] 北217 吴德礼(05218) 星期三7-8节 [7-12] 北217 张超杰(04048) 星期三7-8节 [5-6] 北217
ESE032001,中国可持续发展（中外）,2,牛冬杰(副研究员（自然科学）),"牛冬杰,王洪涛,徐斌,张静","03083,10009,11158,13097",",,,",科学探索与生命关怀,英语,四平路校区,,0,1,12,牛冬杰(03083) 星期一7-8节 [1-5] 北216 张静(13097) 星期一7-8节 [8-9] 北216 徐斌(11158) 星期一7-8节 [10-12] 北216 王洪涛(10009) 星期一7-8节 [6-7] 北216
ESE452601,现代水处理实验技术,1,刘佳(正高级工程师),刘佳,12052,,专业选修课,中文,四平路校区,"2023(基础学科拔尖班(环境) 05003),2023(环境工程 05014),2023(给排水科学与工程 05024),2023(环境科学 05034),2023(环境科学(会计学双学士学位) 05036)",0,13,16,刘佳(12052) 星期四5-8节 [13-16] 环境学院生态楼415-417
ESE342701,给水排水管网系统,3,信昆仑(教授),"李树平,信昆仑","03025,05045",",",专业必修课,中文,四平路校区,2024(给排水科学与工程 05024),0,1,16,李树平(03025) 星期一1-2节 [9-16] 北315 信昆仑(05045) 星期一1-2节 [1-8] 北315 信昆仑(05045) 星期三1-2节 [2-8双] 北316 李树平(03025) 星期三1-2节 [10-16双] 北316
ESE353001,水化学,2,张超杰(教授),"张超杰,曹江林,陈家斌","04048,08003,18618",",,",专业选修课,中文,四平路校区,"2024(环境工程 05014),2024(环境工程(数学与应用数学双学士学位) 05035)",0,1,16,张超杰(04048) 星期一5-6节 [1 4-12 16] 南314 曹江林(08003) 星期一5-6节 [13-15] 南314 陈家斌(18618) 星期一5-6节 [2-3] 南314
ESE353002,水化学,2,李甜(副教授),"李甜,何欢","18095,23134","副教授,长聘副教授",专业选修课,英语,四平路校区,2024(给排水科学与工程 05024),0,1,16,李甜(18095) 星期一7-8节 [4-16] 南312 何欢(23134) 星期一7-8节 [1-3] 南312
ESE453101,城市垃圾处理,2,何品晶(教授),"吕凡,章骅,彭伟,何品晶","06072,06120,22023,87164",",,,",专业选修课,中文,四平路校区,2023(给排水科学与工程 05024),0,1,16,吕凡(06072) 星期四3-4节 [4-8] 北217 何品晶(87164) 星期四3-4节 [1-3] 北217 章骅(06120) 星期四3-4节 [9-12] 北217 彭伟(22023) 星期四3-4节 [13-16] 北217
ESE253201,环境法学概论,2,郭茹(教授),"廖振良,郭茹,褚华强,于振洋,宫徽","04150,07143,12519,15518,21016",",,,,",专业选修课,中文,四平路校区,"2025(基础学科拔尖班(环境) 05003),2025(环境科学 05034),2025(环境科学(会计学双学士学位) 05036)",0,1,16,廖振良(04150) 星期一7-8节 [13] 南422 褚华强(12519) 星期一7-8节 [9-12] 南422 郭茹(07143) 星期一7-8节 [1-5 16] 南422 于振洋(15518) 星期一7-8节 [6-8] 南422 宫徽(21016) 星期一7-8节 [14-15] 南422
ESE353301,环境现代仪器分析技术,2,陈皓(高级工程师),"李明利,肖乾芬,周磊,陈皓","04042,05164,12512,98026",",,,",专业选修课,中文,四平路校区,"2024(基础学科拔尖班(环境) 05003),2024(环境工程 05014),2024(给排水科学与工程 05024),2024(环境科学 05034),2024(环境工程(数学与应用数学双学士学位) 05035),2024(环境科学(会计学双学士学位) 05036)",0,1,16,肖乾芬(05164) 星期四9-11节 [8-10双] 环境学院济阳楼 陈皓(98026) 星期四9-11节 [2-4双 16] 环境学院济阳楼 李明利(04042) 星期四9-11节 [12-14双] 环境学院济阳楼 周磊(12512) 星期四9-11节 [6] 环境学院济阳楼
ESE463401,固体废物处理课程设计,2,章骅(教授),"吕凡,章骅,周涛,降林华,彭伟","06072,06120,19614,22018,22023",",,,,",实践环节课程,中文,四平路校区,"2023(环境工程 05014),2023(环境工程(数学与应用数学双学士学位) 05035)",0,1,16,降林华(22018) 星期一1-2节 [7-8] 南214 周涛(19614) 星期一1-2节 [13-14] 南214 章骅(06120) 星期一1-2节 [11-12] 南214 吕凡(06072) 星期一1-2节 [9-10] 南214 彭伟(22023) 星期一1-2节 [1-6 15-16] 南214
ESE333701,环境化学及毒理实验,3,唐贤春(高级工程师),唐贤春,06011,,专业基础课,中文,四平路校区,"2024(基础学科拔尖班(环境) 05003),2024(环境科学 05034)",0,1,16,唐贤春(06011) 星期四5-7节 [1-16] 环境学院生态楼513-514
ESE333702,环境化学及毒理实验,3,唐贤春(高级工程师),唐贤春,06011,,专业基础课,中文,四平路校区,2024(环境科学(会计学双学士学位) 05036),0,1,16,唐贤春(06011) 星期三5-7节 [1-16] 环境学院生态楼513-514
ESE233801,环境微生物学实验,2,张娴(讲师),张娴,09156,,专业基础课,中文,四平路校区,"2024(基础学科拔尖班(环境) 05003),2024(环境科学 05034)",0,1,8,张娴(09156) 星期三5-8节 [1-8] 环境学院生态楼415-417
ESE244901,建筑给排水(中德),2,刘彦伶(预聘副教授),刘彦伶,21029,,专业必修课,中文,嘉定校区,2024(建筑电气与智能化 51034),0,9,16,刘彦伶(21029) 星期三5-8节 [9-16] 诚楼C411
ESE455801,能源与环境概论,2,李卓(教授),"吴志根,李卓,盛闻超","10985,13859,17026",",,",专业选修课,中文,四平路校区,2023(环境工程 05014),0,1,16,吴志根(10985) 星期四3-4节 [10-16] 北220 李卓(13859) 星期四3-4节 [1-8] 北220 盛闻超(17026) 星期四3-4节 [9] 北220
ESE455901,土壤与地下水修复工程,2,付融冰(教授),"王林,付融冰","12510,17008",",",专业选修课,中文,四平路校区,"2023(环境工程 05014),2023(环境工程(数学与应用数学双学士学位) 05035)",0,1,16,付融冰(17008) 星期一3-4节 [1-12 16] 南205 王林(12510) 星期一3-4节 [13-15] 南205
ESE466001,学科竞赛能力训练,2,黎雷(教授),"黎雷,张天阳","14177,19612",",",个性化课程,中文,四平路校区,2023(给排水科学与工程 05024),0,1,8,黎雷(14177) 星期六1-4节 [1-4] 环境学院明净楼 张天阳(19612) 星期六1-4节 [5-8] 环境学院明净楼
ESE466002,学科竞赛能力训练,2,吴德礼(研究员（自然科学）),吴德礼,05218,,实践环节课程,中文,四平路校区,"2023(环境工程 05014),2023(环境工程(数学与应用数学双学士学位) 05035)",0,1,8,吴德礼(05218) 星期六1-4节 [1-8] 环境学院明净楼
ESE466003,学科竞赛能力训练,2,吴一楠(副教授),"李少林,刘爱荣,吴一楠,于振洋,彭国涛","10086,11045,14008,15518,22165",",,,,",实践环节课程,中文,四平路校区,"2023(基础学科拔尖班(环境) 05003),2023(环境科学 05034),2023(环境科学(会计学双学士学位) 05036)",0,1,8,彭国涛(22165) 星期六1-4节 [3] 环境学院明净楼 刘爱荣(11045) 星期六1-4节 [4-5] 环境学院明净楼 于振洋(15518) 星期六1-4节 [2 8] 环境学院明净楼 吴一楠(14008) 星期六1-4节 [1 7] 环境学院明净楼 李少林(10086) 星期六1-4节 [6] 环境学院明净楼
ESE376301,环境工程概论专题讨论课,1,李咏梅(教授),"谢丽,吴冰,王林,李咏梅","05248,08147,12510,99065",",,,",个性化课程,中文,四平路校区,2024(环境工程 05014),0,9,16,谢丽(05248) 星期一7-8节 [13] 北320 吴冰(08147) 星期一7-8节 [9-10 14-15] 北320 李咏梅(99065) 星期一7-8节 [12] 北320 王林(12510) 星期一7-8节 [11 16] 北320
ESE376701,工业废水污染防治专题讨论课,1,王巧英(高级工程师),"王巧英,蔡辰","16011,21151",",",个性化课程,中文,四平路校区,2023(环境工程 05014),0,9,16,王巧英(16011) 星期五5-6节 [9-12 14-16] 南419 蔡辰(21151) 星期五5-6节 [13] 南419
ESE356901,给排水化学工程基础,2,夏圣骥(教授),"夏圣骥,李攀","05166,11160",",",专业选修课,中文,四平路校区,2024(给排水科学与工程 05024),0,1,16,李攀(11160) 星期一7-8节 [1-14] 南411 夏圣骥(05166) 星期一7-8节 [15-16] 南411
ESE357902,环境功能材料,2,林思劼(教授),"隋铭皓,马杰,李少林,吴一楠,林思劼,滕玮,邓子龙","06042,10007,10086,14008,16006,16543,19031",",,,,,,",专业选修课,中文,四平路校区,"2024(基础学科拔尖班(环境) 05003),2024(环境科学 05034),2024(环境科学(会计学双学士学位) 05036),2024(生物技术(强基计划) 09003)",0,1,16,隋铭皓(06042) 星期五3-4节 [8] 南209 滕玮(16543) 星期五3-4节 [15] 南209 吴一楠(14008) 星期五3-4节 [11-12] 南209 林思劼(16006) 星期五3-4节 [1-2 13-14 16] 南209 马杰(10007) 星期五3-4节 [3-4] 南209 邓子龙(19031) 星期五3-4节 [9-10] 南209 李少林(10086) 星期五3-4节 [5-7] 南209
ESE458101,土壤与地下水修复理论与技术,2,付融冰(教授),"李少林,付融冰","10086,17008",",",专业选修课,中文,四平路校区,"2023(基础学科拔尖班(环境) 05003),2023(环境科学 05034),2023(环境科学(会计学双学士学位) 05036)",0,1,16,李少林(10086) 星期三3-4节 [8 13-15] 南117 付融冰(17008) 星期三3-4节 [1-7 9-12 16] 南117
ESE450101,电化学能源基础与应用,2,盛闻超(教授),"毛舜,盛闻超,张清然","16017,17026,22541",",,",专业选修课,中文,四平路校区,"2023(基础学科拔尖班(环境) 05003),2023(环境科学 05034),2023(环境科学(会计学双学士学位) 05036)",0,1,16,毛舜(16017) 星期三3-4节 [12-13] 南116 盛闻超(17026) 星期三3-4节 [1-9 14-16] 南116 张清然(22541) 星期三3-4节 [10-11] 南116
ESE338301,环境工程原理,2,何品晶(教授),"章骅,彭伟","06120,22023",",",专业基础课,中文,四平路校区,"2024(环境工程 05014),2024(环境工程(数学与应用数学双学士学位) 05035),2024(环境工程(精英班) 09024)",0,1,16,章骅(06120) 星期三1-2节 [1-5 8-16] 南222 彭伟(22023) 星期三1-2节 [6-7] 南222
ESE338401,环境工程原理实验,1,何品晶(教授),"章骅,彭伟","06120,22023",",",专业基础课,中文,四平路校区,"2024(环境工程 05014),2024(环境工程(数学与应用数学双学士学位) 05035),2024(环境工程(精英班) 09024)",0,9,15,章骅(06120) 星期三5-8节 [15] 济阳楼104(第九周济阳楼103) 彭伟(22023) 星期三5-8节 [9-13单] 济阳楼104(第九周济阳楼103)
ESE338402,环境工程原理实验,1,何品晶(教授),"章骅,彭伟","06120,22023",",",专业基础课,中文,四平路校区,"2024(环境工程 05014),2024(环境工程(数学与应用数学双学士学位) 05035),2024(环境工程(精英班) 09024)",0,10,16,章骅(06120) 星期三5-8节 [16] 济阳楼104(第十周济阳楼103) 彭伟(22023) 星期三5-8节 [10-14双] 济阳楼104(第十周济阳楼103)
ESE378801,环境工程原理专题讨论课,1,何品晶(教授),"章骅,彭伟","06120,22023",",助理教授（长聘体系）",个性化课程,中文,四平路校区,2024(环境工程 05014),0,9,16,彭伟(22023) 星期五5-6节 [13-16] 南421 章骅(06120) 星期五5-6节 [9-12] 南421
ESE378901,环境评价与规划专题讨论课,1,王峰(副教授),"董滨,王峰,张云惠,叶建锋","06079,09112,20136,22019",",,,",个性化课程,中文,四平路校区,2024(环境工程 05014),0,9,16,叶建锋(22019) 星期一5-6节 [13-14] 北314 董滨(06079) 星期一5-6节 [15-16] 北314 张云惠(20136) 星期一5-6节 [10-12] 北314 王峰(09112) 星期一5-6节 [9] 北314
ESE379001,物理性污染控制专题讨论课,1,葛剑敏(教授),葛剑敏,01039,,个性化课程,中文,四平路校区,2023(环境工程 05014),0,9,16,葛剑敏(01039) 星期五5-6节 [9-16] 南416
ESE039401,全能高分子材料,2,李新贵(教授),"邓子龙,李新贵,黄美荣","19031,97052,97053",",,",科学探索与生命关怀,中文,四平路校区,,0,1,12,邓子龙(19031) 星期五7-8节 [11] 南221 李新贵(97052) 星期五7-8节 [1-9 12] 南221 黄美荣(97053) 星期五7-8节 [10] 南221
ESE039702,生态文明大讲坛,2,,"周雪飞,赵祺鹏,杨黎彬","03079,23543,25019",",,",社会发展与国际视野,中文,嘉定校区,,0,1,12,周雪飞(03079) 星期三7-8节 [1-4] 博楼B417 赵祺鹏(23543) 星期三7-8节 [5-8] 博楼B417 杨黎彬(25019) 星期三7-8节 [9-12] 博楼B417
ESE270401,环境生物学（荣）,2,王锐(副教授),"王锐,于振洋,郭雪萍","12220,15518,22137",",,",个性化课程,中文,四平路校区,"2024(应用化学(强基计划) 09002),2024(生物技术(强基计划) 09003)",0,1,16,于振洋(15518) 星期三3-4节 [13-15] 南411 王锐(12220) 星期三3-4节 [1 4-12 16] 南411 郭雪萍(22137) 星期三3-4节 [2-3] 南411
ESE040501,保健纳豆生物大分子,2,李新贵(教授),"李新贵,黄美荣","97052,97053",",",科学探索与生命关怀,中文,四平路校区,,0,1,12,黄美荣(97053) 星期五9-10节 [1-9 11-12] 南221 李新贵(97052) 星期五9-10节 [10] 南221
ESE331101,流体机械A1,1,李卓(教授),"吴志根,李卓","10985,13859",",",专业基础课,中文,四平路校区,"2024(环境工程 05014),2024(环境工程(数学与应用数学双学士学位) 05035)",0,9,16,李卓(13859) 星期四1-2节 [9-13] 南222 吴志根(10985) 星期四1-2节 [14-16] 南222
ESE230201,环境学概论,2,朱昊辰(副教授),"朱昊辰,滕玮","12208,16543",",",专业基础课,中文,四平路校区,2025(环境科学 05034),0,1,16,朱昊辰(12208) 星期四5-6节 [1 10-16] 南421 滕玮(16543) 星期四5-6节 [2-9] 南421
ESE240201,生态文明与绿色发展,2,彭国涛(助理教授（长聘体系）),"李建华,孟祥周,于振洋,付融冰,彭国涛,张清然,陆莎","04023,08136,15518,17008,22165,22541,22777504",",,,,,,null",专业选修课,中文,四平路校区,"2025(基础学科拔尖班(环境) 05003),2025(环境科学 05034)",0,1,16,张清然(22541) 星期一5-6节 [7-8] 南409 付融冰(17008) 星期一5-6节 [13] 南409 孟祥周(08136) 星期一5-6节 [3 11-12] 南409 于振洋(15518) 星期一5-6节 [9-10] 南409 陆莎(22777504) 星期一5-6节 [15] 南409 李建华(04023) 星期一5-6节 [4-6] 南409 彭国涛(22165) 星期一5-6节 [1-2 14-16双] 南409
ESE240301,环境地学,2,邱宇平(教授),"杨长明,邱宇平","04160,12222",",",专业必修课,中英,四平路校区,"2025(基础学科拔尖班(环境) 05003),2025(环境科学 05034)",0,1,16,邱宇平(12222) 星期四1-2节 [1-8] 南421 杨长明(04160) 星期四1-2节 [9-16] 南421
ESE340401,环境修复原理与技术,2,杨长明(副教授),"杨长明,邱宇平","04160,12222",",",专业必修课,中文,四平路校区,"2024(基础学科拔尖班(环境) 05003),2024(环境科学 05034),2024(应用化学(强基计划) 09002),2024(生物技术(强基计划) 09003)",0,1,16,邱宇平(12222) 星期三3-4节 [2-9] 南208 杨长明(04160) 星期三3-4节 [1 10-16] 南208
ESE340501,碳中和理论与技术,2,郭茹(教授),"郭茹,王洪涛,刘佳,张超,蔡辰","07143,10009,12052,13140,21151",",,,,",专业必修课,中文,四平路校区,"2024(基础学科拔尖班(环境) 05003),2024(环境科学 05034),2024(环境科学(会计学双学士学位) 05036)",0,1,16,王洪涛(10009) 星期一5-6节 [13] 北317 郭茹(07143) 星期一5-6节 [1-4 9-10 16] 北317 张超(13140) 星期一5-6节 [14-15] 北317 蔡辰(21151) 星期一5-6节 [5-8] 北317 刘佳(12052) 星期一5-6节 [11-12] 北317
ESE440701,环境工程学（气、固）,2,牛冬杰(副研究员（自然科学）),"牛冬杰,徐斌,周涛,赵由才","03083,11158,19614,91181",",,,教授",专业必修课,中英,四平路校区,"2023(基础学科拔尖班(环境) 05003),2023(环境科学 05034),2023(环境科学(会计学双学士学位) 05036)",0,1,16,周涛(19614) 星期一1-2节 [10-11] 南209 赵由才(91181) 星期一1-2节 [4] 南209 徐斌(11158) 星期一1-2节 [12-16] 南209 牛冬杰(03083) 星期一1-2节 [1-3 5-9] 南209
ESE350801,碳科学（清洁生产）,2,滕玮(预聘副教授),"滕玮,李光明","16543,90058",",",专业选修课,中文,四平路校区,"2024(基础学科拔尖班(环境) 05003),2024(环境科学 05034),2024(环境科学(会计学双学士学位) 05036)",0,1,16,滕玮(16543) 星期一7-8节 [2-15] 北311 李光明(90058) 星期一7-8节 [1] 北311
ESE451001,生态工程与生态设计,2,方萍(副教授),方萍,00098,,专业选修课,中文,四平路校区,"2023(基础学科拔尖班(环境) 05003),2023(环境科学 05034),2023(环境科学(会计学双学士学位) 05036)",0,1,16,方萍(00098) 星期二3-4节 [1-16] 南117
ESE451101,碳科学（能源形式及其利用）,2,朱昊辰(副教授),"刘爱荣,朱昊辰","11045,12208",",",专业选修课,中文,四平路校区,"2023(基础学科拔尖班(环境) 05003),2023(环境科学 05034),2023(环境科学(会计学双学士学位) 05036)",0,1,16,刘爱荣(11045) 星期二3-4节 [5-16] 南115 朱昊辰(12208) 星期二3-4节 [1-4] 南115
ESE461201,环境科学与工程制图,2,李少林(副教授),"李少林,王虹,盛闻超","10086,14169,17026",",,",实践环节课程,中文,四平路校区,"2023(基础学科拔尖班(环境) 05003),2023(环境科学 05034)",0,1,16,王虹(14169) 星期三1-2节 [5-6] 南217 盛闻超(17026) 星期三1-2节 [12] 南217 李少林(10086) 星期三1-2节 [1-4 7-11 13-16] 南217
ESE451701,流程工业清洁生产,2,段宁(),"徐夫元,降林华","21052,22018",",",专业选修课,中文,四平路校区,"2023(环境工程 05014),2023(环境工程(数学与应用数学双学士学位) 05035)",0,1,16,降林华(22018) 星期一3-4节 [9-16] 北211 徐夫元(21052) 星期一3-4节 [1-8] 北211
ESE451801,流域水环境综合治理概论,2,徐祖信(教授),"叶建锋,徐祖信","22019,97037",",",专业选修课,中文,四平路校区,"2023(环境工程 05014),2023(环境工程(数学与应用数学双学士学位) 05035)",0,1,16,徐祖信(97037) 星期一3-4节 [3] 北215 叶建锋(22019) 星期一3-4节 [1-2 4-16] 北215
ESE451901,污泥处理处置与资源化,2,董滨(研究员（自然科学）),"董滨,戴晓虎,院士杰,张云惠,许颖","06079,09970,15021,20136,22027",",,,,",专业选修课,中文,四平路校区,2023(环境工程 05014),0,1,16,院士杰(15021) 星期五5-6节 [8-13] 南418 戴晓虎(09970) 星期五5-6节 [1] 南418 董滨(06079) 星期五5-6节 [2-3] 南418 张云惠(20136) 星期五5-6节 [14-16] 南418 许颖(22027) 星期五5-6节 [4-7] 南418
ESE452001,智慧环境仿真与管控,2,周雪飞(教授),"周雪飞,吴志根,褚华强,陈家斌,杨黎彬","03079,10985,12519,18618,25019",",,,,助理教授（长聘体系）",专业选修课,中文,四平路校区,"2023(环境工程 05014),2023(环境工程(数学与应用数学双学士学位) 05035)",0,1,16,陈家斌(18618) 星期二3-4节 [7-9] 北119 杨黎彬(25019) 星期二3-4节 [12-13] 北119 吴志根(10985) 星期二3-4节 [14-16] 北119 褚华强(12519) 星期二3-4节 [10-11] 北119 周雪飞(03079) 星期二3-4节 [1-6] 北119
ESE262101,环境工程CAD,2,赵文涛(副教授),"赵文涛,李少林","10049,10086",",",实践环节课程,中文,四平路校区,"2025(环境工程 05014),2025(环境工程(数学与应用数学双学士学位) 05035),2025(环境工程(精英班) 09024)",0,1,16,赵文涛(10049) 星期五1-2节 [1-11 13-16] 南414 李少林(10086) 星期五1-2节 [12] 南414
ESE442201,污水处理数学模型,2,李咏梅(教授),"王琤,平倩,王力,李咏梅","07073,22024,22233,99065",",,,",专业必修课,中文,四平路校区,2023(环境工程(数学与应用数学双学士学位) 05035),0,1,16,王琤(07073) 星期一7-8节 [4-5] 南320 平倩(22024) 星期一7-8节 [3 8] 南320 王力(22233) 星期一7-8节 [9-16] 南320 李咏梅(99065) 星期一7-8节 [1-2 6-7] 南320
ESE442301,废物管理与物质流分析,2,何品晶(教授),"吕凡,章骅,肖杨,周涛,降林华,何品晶","06072,06120,11161,19614,22018,87164",",,,,,",专业必修课,中文,四平路校区,2023(环境工程(数学与应用数学双学士学位) 05035),0,1,16,何品晶(87164) 星期五3-4节 [1-2] 南319 降林华(22018) 星期五3-4节 [9-10] 南319 周涛(19614) 星期五3-4节 [7-8] 南319 吕凡(06072) 星期五3-4节 [3-6 15] 南319 章骅(06120) 星期五3-4节 [13-14 16] 南319 肖杨(11161) 星期五3-4节 [11-12] 南319
ESE452501,地表水质模型,2,尹海龙(教授),尹海龙,03158,,专业选修课,中文,四平路校区,2023(环境工程(数学与应用数学双学士学位) 05035),0,1,16,尹海龙(03158) 星期五5-6节 [1-16] 南417
ESE002701,碳交易,2,廖振良(教授),"廖振良,龙敏","04150,23530",",",社会发展与国际视野,中文,四平路校区,,0,1,12,廖振良(04150) 星期五9-10节 [1-9 12] 南222 龙敏(23530) 星期五9-10节 [10-11] 南222
ESE003301,中外环境概览,2,王林(副研究员（自然科学）),"吴冰,王林,李秋菊","08147,12510,24036",",,",社会发展与国际视野,中文,四平路校区,,0,1,12,王林(12510) 星期六3-4节 [1-4] 环境学院明净楼 吴冰(08147) 星期六3-4节 [5-8] 环境学院明净楼 李秋菊(24036) 星期六3-4节 [9-12] 环境学院明净楼
ESE363401,环境科学前沿进展讨论课,1,邱宇平(教授),"凌岚,刘颖,刘爱荣,邱宇平,吴一楠,于振洋,付融冰,盛闻超","06056,08060,11045,12222,14008,15518,17008,17026",",,,,,,,",实践环节课程,中文,四平路校区,"2023(基础学科拔尖班(环境) 05003),2023(环境科学 05034)",0,1,8,付融冰(17008) 星期二1-2节 [7] 南319 吴一楠(14008) 星期二1-2节 [4] 南319 邱宇平(12222) 星期二1-2节 [1] 南319 刘爱荣(11045) 星期二1-2节 [5] 南319 盛闻超(17026) 星期二1-2节 [3] 南319 于振洋(15518) 星期二1-2节 [8] 南319 刘颖(08060) 星期二1-2节 [6] 南319 凌岚(06056) 星期二1-2节 [2] 南319
ESE003601,生态文明和绿色发展,2,陈家斌(教授),"周雪飞,褚华强,陈家斌,赵祺鹏","03079,12519,18618,23543",",,,长聘副教授",工程能力与创新思维,中文,四平路校区,,0,1,12,褚华强(12519) 星期四9-10节 [10-12] 北222 周雪飞(03079) 星期四9-10节 [1-5] 北222 赵祺鹏(23543) 星期四9-10节 [9] 北222 陈家斌(18618) 星期四9-10节 [6-8] 北222
ESE353701,水质工程学（上）研讨课,1,邓慧萍(教授),"隋铭皓,邓慧萍","06042,85153",",",专业选修课,中文,四平路校区,2024(给排水科学与工程 05024),0,9,16,隋铭皓(06042) 星期三7-8节 [13-14] 南216 邓慧萍(85153) 星期三7-8节 [9-12 15-16] 南216
ESE353801,水质工程学（下）研讨课,1,王亚宜(教授),"王亚宜,汪涵","08135,22222",",",专业选修课,中文,四平路校区,2024(给排水科学与工程 05024),0,9,16,汪涵(22222) 星期三7-8节 [10-16] 南421 王亚宜(08135) 星期三7-8节 [9] 南421
ESE454101,工业废水污染防治研讨课,1,郑雄(教授),"郑雄,孙婧,彭开铭","14187,15157,18089",",,",专业选修课,中文,四平路校区,2023(给排水科学与工程 05024),0,9,16,孙婧(15157) 星期五3-4节 [14-16] 南320 彭开铭(18089) 星期五3-4节 [10-13] 南320 郑雄(14187) 星期五3-4节 [9] 南320
ESE444501,水工艺设备基础,1,黎雷(教授),黎雷,14177,,专业必修课,中文,四平路校区,2023(给排水科学与工程 05024),0,9,16,黎雷(14177) 星期一3-4节 [9-16] 北220
ESE444601,给水排水工程仪表与控制,1,徐斌(教授),"徐斌,张天阳","05179,19612",",",专业必修课,中文,四平路校区,2023(给排水科学与工程 05024),0,1,8,张天阳(19612) 星期三3-4节 [5-8] 北122 徐斌(05179) 星期三3-4节 [1-4] 北122
ESE004801,环境与健康导论,2,郝柯(教授),"郝柯,张举善,李春林,许彩红","18515,23154,23542,24149",",,null,",科学探索与生命关怀,中文,四平路校区,,0,1,12,郝柯(18515) 星期四9-10节 [1-2] 北221 许彩红(24149) 星期四9-10节 [7-10] 北221 张举善(23154) 星期四9-10节 [3-4 11-12] 北221 李春林(23542) 星期四9-10节 [5-6] 北221
ESE004802,环境与健康导论,2,郝柯(教授),"郝柯,张举善,李春林,许彩红","18515,23154,23542,24149",",,null,",科学探索与生命关怀,中文,嘉定校区,,0,1,12,张举善(23154) 星期五5-6节 [3-4 11-12] 博楼B203 郝柯(18515) 星期五5-6节 [1-2] 博楼B203 李春林(23542) 星期五5-6节 [5-6] 博楼B203 许彩红(24149) 星期五5-6节 [7-10] 博楼B203
ESE260101,科学素养训练项目制课程I：科学素养启蒙,3,戴若彬(预聘副教授),"戴若彬,蔡辰,王雪野","21145,21151,24186",",预聘副教授,助理教授（长聘体系）",实践环节课程,中文,四平路校区,2025(领军人才班(数智环境) 05041),0,1,16,戴若彬(21145) 星期四1-2节 [1-5单] 南422 蔡辰(21151) 星期四1-2节 [7-9单] 学校机房(四平路) 蔡辰(21151) 星期四1-2节 [11] 南422 王雪野(24186) 星期四1-2节 [13-15单] 南422 王雪野(24186) 星期五3-4节 [12-13 15-16] 北315 王雪野(24186) 星期五3-4节 [14] 学校机房(四平路) 戴若彬(21145) 星期五3-4节 [1-5] 北315 蔡辰(21151) 星期五3-4节 [6 11] 北315 蔡辰(21151) 星期五3-4节 [7-10] 学校机房(四平路)
ESE006801,生物性污染与人类健康,2,黄海宁(助理教授（长聘体系）),"黄海宁,龙敏,刘超","23116,23530,25123",",长聘副教授,助理教授（长聘体系）",科学探索与生命关怀,中文,四平路校区,,0,1,12,刘超(25123) 星期四9-10节 [6-8] 北219 黄海宁(23116) 星期四9-10节 [1-5 12] 北219 龙敏(23530) 星期四9-10节 [9-11] 北219
ESE450701,水环境治理功能材料,2,王雪野(助理教授（长聘体系）),"邓子龙,戴若彬,王力,王雪野","19031,21145,22233,24186",",,,助理教授（长聘体系）",专业选修课,中文,四平路校区,"2023(环境工程 05014),2023(环境工程(数学与应用数学双学士学位) 05035)",0,1,16,戴若彬(21145) 星期一3-4节 [10-12] 北216 王雪野(24186) 星期一3-4节 [1-4 13-16] 北216 邓子龙(19031) 星期一3-4节 [8-9] 北216 王力(22233) 星期一3-4节 [5-7] 北216
材料科学与工程学院,,,,,,,,,,,,,,
,,,,,,,,,,,,,,
MSE230401,建筑材料,2,,"刘斯凤,单鑫","08031,22519",",null",专业基础课,中文,四平路校区,2025(工程管理 01014),0,1,16,刘斯凤(08031) 星期一5-6节 [1-14] 南320 单鑫(22519) 星期一5-6节 [15-16] 南320
MSE450701,复合材料学,2,,邱军,06122,,任选课程,中文,嘉定校区,"2023(新能源材料与器件 08003),2023(材料科学与工程 08014),2023(新能源材料与器件(精英班) 09008),2023(材料科学与工程(精英班) 09009),2025(材料科学与工程(二学位) 08015)",0,1,16,邱军(06122) 星期一5-6节 [1-16] 复楼F211
MSE450801,高分子材料改性,2,,"袁伟忠,周春才","08022,12062",",",任选课程,中文,嘉定校区,"2023(材料科学与工程 08014),2023(材料科学与工程(精英班) 09009),2025(材料科学与工程(二学位) 08015)",0,1,16,袁伟忠(08022) 星期五1-2节 [1-8] 广楼G305 周春才(12062) 星期五1-2节 [9-16] 广楼G305
MSE450901,功能与特种高分子,2,,"李岩,黄佳,范震","03120,12116,18506",",,",任选课程,中文,嘉定校区,"2023(材料科学与工程 08014),2023(材料科学与工程(精英班) 09009),2025(材料科学与工程(二学位) 08015)",0,1,16,范震(18506) 星期三1-2节 [11-16] 广楼G204 黄佳(12116) 星期三1-2节 [6-10] 广楼G204 李岩(03120) 星期三1-2节 [1-5] 广楼G204
MSE260701,土木工程材料实验,1,,李好新,10034,,实践环节课程,中文,四平路校区,"2025(土木工程 03014),2025(土木工程(数学与应用数学双学士学位) 03065),2025(土木工程(法学双学士学位) 03067)",0,1,6,李好新(10034) 星期四5-8节 [1-2 5-6] 致臻楼实验室
MSE260702,土木工程材料实验,1,,"徐晶,姚武","09105,95052",",",实践环节课程,中文,四平路校区,"2025(土木工程 03014),2025(土木工程(数学与应用数学双学士学位) 03065),2025(土木工程(法学双学士学位) 03067)",0,1,6,姚武(95052) 星期四5-8节 [1-2] 致臻楼实验室 徐晶(09105) 星期四5-8节 [5-6] 致臻楼实验室
MSE260703,土木工程材料实验,1,,"刘贤萍,张国防","02018,02043",",",实践环节课程,中文,四平路校区,"2025(土木工程 03014),2025(土木工程(数学与应用数学双学士学位) 03065),2025(土木工程(法学双学士学位) 03067)",0,1,6,张国防(02043) 星期四5-8节 [5-6] 致臻楼实验室 刘贤萍(02018) 星期四5-8节 [1-2] 致臻楼实验室
MSE351001,新材料科学现状与发展趋势,2,,"王茹,叶松,冯艾寒,浦鸿汀","05241,11041,13114,96011",",,,",专业选修课,英语,嘉定校区,"2024(新能源材料与器件 08003),2024(材料科学与工程 08014),2024(材料科学与工程(先进材料蕴元班) 08016),2024(材料科学与工程(精英班) 09009),2025(材料科学与工程(二学位) 08015)",0,1,16,叶松(11041) 星期一5-6节 [9-11] 博楼B211 浦鸿汀(96011) 星期一5-6节 [12-15] 博楼B211 冯艾寒(13114) 星期一5-6节 [1-4] 博楼B211 王茹(05241) 星期一5-6节 [5-8] 博楼B211
MSE351002,新材料科学现状与发展趋势,2,,"项红萍,胡勇,张祖华,杨洁","17016,21510,22234,22528",",,,null",专业选修课,英语,嘉定校区,"2024(新能源材料与器件 08003),2024(材料科学与工程 08014),2024(材料科学与工程(先进材料蕴元班) 08016),2024(材料科学与工程(精英班) 09009),2025(材料科学与工程(二学位) 08015)",0,1,16,项红萍(17016) 星期一5-6节 [1-4 16] 博楼B215 张祖华(22234) 星期一5-6节 [5-8] 博楼B215 胡勇(21510) 星期一5-6节 [12-15] 博楼B215 杨洁(22528) 星期一5-6节 [9-11] 博楼B215
MSE351003,新材料科学现状与发展趋势,2,,"祖国庆,范震,傅婧,单鑫,袁宾","18136,18506,19519,22519,24505",",,,null,null",专业选修课,英语,嘉定校区,"2024(新能源材料与器件 08003),2024(材料科学与工程 08014),2024(材料科学与工程(先进材料蕴元班) 08016),2024(材料科学与工程(精英班) 09009),2025(材料科学与工程(二学位) 08015)",0,1,16,祖国庆(18136) 星期一5-6节 [16] 博楼B203 范震(18506) 星期一5-6节 [12-15] 博楼B203 傅婧(19519) 星期一5-6节 [9-11] 博楼B203 袁宾(24505) 星期一5-6节 [1-4] 博楼B203 单鑫(22519) 星期一5-6节 [5-8] 博楼B203
MSE451301,聚合物基复合材料,2,,李文峰,07041,,任选课程,中文,嘉定校区,"2023(材料科学与工程 08014),2023(材料科学与工程(精英班) 09009),2025(材料科学与工程(二学位) 08015)",0,1,16,李文峰(07041) 星期五7-8节 [1-16] 广楼G204
MSE460101,毕业论文(设计),16,,张瑶,25189,null,实践环节,中文,嘉定校区,2025(材料科学与工程(二学位) 08015),0,1,16,张瑶(25189) 星期六1-8节 [1-16] 不排教室 张瑶(25189) 星期日1-8节 [1-16] 不排教室
MSE330101,材料工程基础,3,,"吴凯,张祖华","14173,22234",",",专业基础课,中文,嘉定校区,"2024(材料科学与工程 08014),2024(材料科学与工程(先进材料蕴元班) 08016),2024(材料科学与工程(精英班) 09009)",0,1,16,张祖华(22234) 星期三3-4节 [13-15单] 博楼B211 吴凯(14173) 星期三3-4节 [1-11单] 博楼B211 吴凯(14173) 星期五3-4节 [1-12] 博楼B211 张祖华(22234) 星期五3-4节 [13-16] 博楼B211
MSE330102,材料工程基础,3,,"李建波,任强","13013,23523",",null",专业基础课,中文,嘉定校区,"2024(材料科学与工程 08014),2024(材料科学与工程(先进材料蕴元班) 08016),2024(材料科学与工程(精英班) 09009)",0,1,16,李建波(13013) 星期三3-4节 [1-11单] 博楼B213 任强(23523) 星期三3-4节 [13-15单] 博楼B213 李建波(13013) 星期五3-4节 [1-12] 博楼B213 任强(23523) 星期五3-4节 [13-16] 博楼B213
MSE000401,改变世界的材料,2,,张任远,15010,,科学探索与生命关怀,中文,四平路校区,,0,1,12,张任远(15010) 星期三9-10节 [1-12] 北216
MSE000402,改变世界的材料,2,,张任远,15010,,科学探索与生命关怀,中文,嘉定校区,,0,1,16,张任远(15010) 星期四9-10节 [1-12] 博楼B201
MSE450401,材料力学性能,2,,"何国球,刘晓山,冯艾寒","02010,08159,13114",",,",任选课程,中文,嘉定校区,"2023(材料科学与工程 08014),2023(材料科学与工程(精英班) 09009),2025(材料科学与工程(二学位) 08015)",0,1,16,何国球(02010) 星期四1-2节 [12-16] 广楼G204 冯艾寒(13114) 星期四1-2节 [9-11] 广楼G204 刘晓山(08159) 星期四1-2节 [1-8] 广楼G204
MSE460401,材料专业实验,4,,"谭庆刚,袁俊杰,袁伟忠,金明,祖国庆","05089,06063,08022,08133,18136",",,,,",实践环节,中文,嘉定校区,"2023(材料科学与工程 08014),2023(材料科学与工程(精英班) 09009),2025(材料科学与工程(二学位) 08015)",0,1,16,袁伟忠(08022) 星期二1-4节 [14-16] 致臻楼实验室 金明(08133) 星期二1-4节 [12-13] 致臻楼实验室 谭庆刚(05089) 星期二1-4节 [1-6] 致臻楼实验室 袁俊杰(06063) 星期二1-4节 [10-11] 致臻楼实验室 祖国庆(18136) 星期二1-4节 [7-9] 致臻楼实验室
MSE460402,材料专业实验,4,,"袁俊杰,袁伟忠,金明,常志宏","06063,08022,08133,09090",",,,",实践环节,中文,嘉定校区,"2023(材料科学与工程 08014),2023(材料科学与工程(精英班) 09009),2025(材料科学与工程(二学位) 08015)",0,1,16,常志宏(09090) 星期二1-4节 [9-16] 致臻楼实验室 袁俊杰(06063) 星期二1-4节 [7-8] 致臻楼实验室 金明(08133) 星期二1-4节 [5-6] 致臻楼实验室 袁伟忠(08022) 星期二1-4节 [1-4] 致臻楼实验室
MSE460403,材料专业实验,4,,"刘贤萍,王茹,李晨","02018,05241,21082",",,",实践环节,中文,嘉定校区,"2023(材料科学与工程 08014),2023(材料科学与工程(精英班) 09009),2025(材料科学与工程(二学位) 08015)",0,1,16,刘贤萍(02018) 星期二1-4节 [10 13-14] 致臻楼实验室 王茹(05241) 星期二1-4节 [1-9] 致臻楼实验室 李晨(21082) 星期二1-4节 [11-12 15-16] 致臻楼实验室
MSE460404,材料专业实验,4,,"王海,向震,丁元琪,唐人剑","11053,22178,25186,89057",",,null,",实践环节,中文,嘉定校区,"2023(材料科学与工程 08014),2023(材料科学与工程(精英班) 09009),2025(材料科学与工程(二学位) 08015)",0,1,16,王海(11053) 星期二1-4节 [9-12] 致臻楼实验室 向震(22178) 星期二1-4节 [5-8] 致臻楼实验室 唐人剑(89057) 星期二1-4节 [1-4] 致臻楼实验室 丁元琪(25186) 星期二1-4节 [13-16] 致臻楼实验室
MSE460405,材料专业实验,4,,"王海,丁元琪,唐人剑","11053,25186,89057",",null,",实践环节,中文,嘉定校区,"2023(材料科学与工程 08014),2023(材料科学与工程(精英班) 09009),2025(材料科学与工程(二学位) 08015)",0,1,16,唐人剑(89057) 星期二1-4节 [13-16] 致臻楼实验室 丁元琪(25186) 星期二1-4节 [1-4 9-12] 致臻楼实验室 王海(11053) 星期二1-4节 [5-8] 致臻楼实验室
MSE450601,车用传感器材料与技术,2,,张瑶,25189,null,任选课程,中文,嘉定校区,"2023(新能源材料与器件 08003),2023(新能源材料与器件(精英班) 09008)",0,1,16,张瑶(25189) 星期六9-10节 [1-16] 不排教室
MSE451001,混凝土材料与结构修复,2,,"蒋正武,李文婷,陈庆","02093,12526,17004",",,",任选课程,中文,嘉定校区,"2023(材料科学与工程 08014),2023(材料科学与工程(精英班) 09009)",0,1,16,李文婷(12526) 星期五7-8节 [6-11] 广楼G205 陈庆(17004) 星期五7-8节 [12-16] 广楼G205 蒋正武(02093) 星期五7-8节 [1-5] 广楼G205
MSE450301,材料表面与薄膜技术,2,,"刘晓山,陆伟,魏先顺","08159,09028,15027",",,",任选课程,中文,嘉定校区,"2023(材料科学与工程 08014),2023(材料科学与工程(精英班) 09009),2025(材料科学与工程(二学位) 08015)",0,1,16,陆伟(09028) 星期一5-6节 [13-16] 复楼F104 魏先顺(15027) 星期一5-6节 [7-12] 复楼F104 刘晓山(08159) 星期一5-6节 [1-6] 复楼F104
MSE460301,材料工程及工艺课程设计,2,,"李文峰,杜江","07041,14026",",",实践环节,中文,嘉定校区,"2023(材料科学与工程 08014),2023(材料科学与工程(精英班) 09009),2025(材料科学与工程(二学位) 08015)",0,1,16,李文峰(07041) 星期四7-8节 [1-7] 安楼A114 杜江(14026) 星期四7-8节 [8-16] 安楼A114
MSE460302,材料工程及工艺课程设计,2,,"郭晓潞,姜伟","09147,15161",",",实践环节,中文,嘉定校区,"2023(材料科学与工程 08014),2023(材料科学与工程(精英班) 09009),2025(材料科学与工程(二学位) 08015)",0,1,16,郭晓潞(09147) 星期四7-8节 [5-10] 安楼A305 姜伟(15161) 星期四7-8节 [1-4 11-16] 安楼A305
MSE460303,材料工程及工艺课程设计,2,,"何国球,曲寿江,冯艾寒","02010,13113,13114",",,",实践环节,中文,嘉定校区,"2023(材料科学与工程 08014),2023(材料科学与工程(精英班) 09009),2025(材料科学与工程(二学位) 08015)",0,1,16,冯艾寒(13114) 星期四7-8节 [9-11] 安楼A307 何国球(02010) 星期四7-8节 [12-16] 安楼A307 曲寿江(13113) 星期四7-8节 [1-8] 安楼A307
MSE451601,能量转换与存储技术,2,,"黄佳,裴艳中,李文,傅婧,潘争辉","12116,12212,13554,19519,22513",",,,,null",任选课程,中文,嘉定校区,"2023(新能源材料与器件 08003),2023(材料科学与工程 08014),2023(新能源材料与器件(精英班) 09008),2023(材料科学与工程(精英班) 09009)",0,1,16,傅婧(19519) 星期三7-8节 [15-16] 复楼F211 潘争辉(22513) 星期三7-8节 [12-14] 复楼F211 李文(13554) 星期三7-8节 [9-11] 复楼F211 裴艳中(12212) 星期三7-8节 [1-4] 复楼F211 黄佳(12116) 星期三7-8节 [5-8] 复楼F211
MSE260501,工程材料实验,1,,刘斯凤,08031,,实践环节课程,中文,四平路校区,"2025(智能建造 03005),2025(土木工程(精英班) 09042),2025(智能建造(精英班) 09044)",0,1,16,刘斯凤(08031) 星期四5-8节 [1-2 5-6] 致臻楼实验室
MSE000501,流浪地球之塑战塑决,2,,徐小燕,05095,,科学探索与生命关怀,中文,四平路校区,,0,1,12,徐小燕(05095) 星期四9-10节 [1-12] 南322
MSE000502,流浪地球之塑战塑决,2,,徐小燕,05095,,科学探索与生命关怀,中文,嘉定校区,,0,1,16,徐小燕(05095) 星期三9-10节 [1-12] 诚楼C403
MSE370101,表面物理化学（荣）,2,,杨正龙,03178,,个性化课程,中文,四平路校区,"2024(应用化学(强基计划) 09002),2024(生物技术(强基计划) 09003)",0,1,16,杨正龙(03178) 星期三7-8节 [1-16] 南408
MSE370201,无机材料物理化学（荣）,3,,于龙,12030,,个性化课程,中文,四平路校区,"2024(应用化学(强基计划) 09002),2024(生物技术(强基计划) 09003)",0,1,16,于龙(12030) 星期一3-4节 [1-15单] 南315 于龙(12030) 星期三5-6节 [1-16] 南315
MSE330301,材料科学基础2,3,,"陆伟,魏先顺,陈志炜,向震,单鑫,杨龙","09028,15027,22144,22178,22519,22532",",,,,null,null",专业基础课,中文,嘉定校区,"2024(新能源材料与器件 08003),2024(材料科学与工程 08014),2024(材料科学与工程(先进材料蕴元班) 08016),2024(材料科学与工程(精英班) 09009)",0,1,16,陆伟(09028) 星期一7-8节 [16] 博楼B112 魏先顺(15027) 星期一7-8节 [8-9] 博楼B112 杨龙(22532) 星期一7-8节 [13-15] 博楼B112 向震(22178) 星期一7-8节 [1-4] 博楼B112 陈志炜(22144) 星期一7-8节 [10-12] 博楼B112 单鑫(22519) 星期一7-8节 [5-7] 博楼B112 陆伟(09028) 星期三3-4节 [16] 博楼B112 单鑫(22519) 星期三3-4节 [6] 博楼B112 向震(22178) 星期三3-4节 [2-4双] 博楼B112 陈志炜(22144) 星期三3-4节 [10-12双] 博楼B112 魏先顺(15027) 星期三3-4节 [8] 博楼B112 杨龙(22532) 星期三3-4节 [14] 博楼B112
MSE330302,材料科学基础2,3,,"佘安明,曲寿江,刘超峰,任强","13090,13113,22517,23523",",,null,null",专业基础课,中文,嘉定校区,"2024(新能源材料与器件 08003),2024(材料科学与工程 08014),2024(材料科学与工程(先进材料蕴元班) 08016),2024(材料科学与工程(精英班) 09009)",0,1,16,任强(23523) 星期一7-8节 [5-7] 博楼B110 刘超峰(22517) 星期一7-8节 [8-9] 博楼B110 佘安明(13090) 星期一7-8节 [1-4] 博楼B110 曲寿江(13113) 星期一7-8节 [10-16] 博楼B110 刘超峰(22517) 星期三3-4节 [8] 博楼B110 任强(23523) 星期三3-4节 [6] 博楼B110 曲寿江(13113) 星期三3-4节 [10-16双] 博楼B110 佘安明(13090) 星期三3-4节 [2-4双] 博楼B110
MSE330401,材料物理I,2,,"冯聪,李文,袁宾","11042,13554,24505",",,null",专业选修课,中文,嘉定校区,"2024(新能源材料与器件 08003),2024(材料科学与工程(先进材料蕴元班) 08016)",0,1,16,冯聪(11042) 星期一3-4节 [4-8] 博楼B201 李文(13554) 星期一3-4节 [1-3] 博楼B201 袁宾(24505) 星期一3-4节 [9-16] 博楼B201
MSE330402,材料物理I,2,,"陈志炜,杨龙,张天真","22144,22532,23094",",null,",专业基础课,中文,嘉定校区,"2024(材料科学与工程 08014),2024(材料科学与工程(精英班) 09009)",0,1,16,陈志炜(22144) 星期一3-4节 [1-8] 博楼B204 张天真(23094) 星期一3-4节 [9-13] 博楼B204 杨龙(22532) 星期一3-4节 [14-16] 博楼B204
MSE330403,材料物理I,2,,"冯艾寒,项红萍","13114,17016",",",专业基础课,中文,嘉定校区,"2024(材料科学与工程 08014),2024(材料科学与工程(精英班) 09009)",0,1,16,冯艾寒(13114) 星期一3-4节 [1-8] 博楼B304 项红萍(17016) 星期一3-4节 [9-16] 博楼B304
MSE330201,材料化学I,2,,"金明,卢子臣","08133,21083",",",专业选修课,中文,嘉定校区,"2024(新能源材料与器件 08003),2024(材料科学与工程 08014),2024(材料科学与工程(先进材料蕴元班) 08016),2024(材料科学与工程(精英班) 09009)",0,1,16,卢子臣(21083) 星期一1-2节 [9-16] 博楼B104 金明(08133) 星期一1-2节 [1-8] 博楼B104
MSE330202,材料化学I,2,,"谭庆刚,韩海祥","05089,21098",",",专业选修课,中文,嘉定校区,"2024(新能源材料与器件 08003),2024(材料科学与工程 08014),2024(材料科学与工程(先进材料蕴元班) 08016),2024(材料科学与工程(精英班) 09009)",0,1,16,韩海祥(21098) 星期一1-2节 [9-16] 博楼B111 谭庆刚(05089) 星期一1-2节 [1-8] 博楼B111
MSE330203,材料化学I,2,,"徐玲琳,王眺","15172,23506",",null",专业选修课,中文,嘉定校区,"2024(新能源材料与器件 08003),2024(材料科学与工程 08014),2024(材料科学与工程(先进材料蕴元班) 08016),2024(材料科学与工程(精英班) 09009)",0,1,16,王眺(23506) 星期一1-2节 [9-16] 博楼B103 徐玲琳(15172) 星期一1-2节 [1-8] 博楼B103
MSE451101,混凝土外加剂原理及应用技术,2,,孙振平,95019,,任选课程,中文,嘉定校区,"2023(材料科学与工程 08014),2023(材料科学与工程(精英班) 09009)",0,1,16,孙振平(95019) 星期五5-6节 [1-16] 复楼F104
MSE451401,绿色智能土木工程材料及其构件装配化,2,,"张国防,徐晶,姜伟,张祖华","02043,09105,15161,22234",",,,",任选课程,中文,嘉定校区,"2023(材料科学与工程 08014),2023(材料科学与工程(精英班) 09009)",0,1,16,姜伟(15161) 星期五1-2节 [7-11] 广楼G107 徐晶(09105) 星期五1-2节 [12-16] 广楼G107 张国防(02043) 星期五1-2节 [1-4] 广楼G107 张祖华(22234) 星期五1-2节 [5-6] 广楼G107
MSE451201,建筑材料微观结构表征与计算技术,2,,"郭晓潞,佘安明,陈庆","09147,13090,17004",",,",任选课程,中文,嘉定校区,"2023(材料科学与工程 08014),2023(材料科学与工程(精英班) 09009)",0,1,16,陈庆(17004) 星期一1-2节 [1-5] 广楼G207 佘安明(13090) 星期一1-2节 [11-16] 广楼G207 郭晓潞(09147) 星期一1-2节 [6-10] 广楼G207
MSE450501,材料与结构无损检测技术,2,,"郭晓潞,吴凯","09147,14173",",",任选课程,中文,嘉定校区,"2023(材料科学与工程 08014),2023(材料科学与工程(精英班) 09009)",0,1,16,郭晓潞(09147) 星期一7-8节 [6-16] 广楼G205 吴凯(14173) 星期一7-8节 [1-5] 广楼G205
MSE451501,纳米材料科学技术,2,,"许维,叶松,赵玛丽,程洪飞","09151,11041,22028,22536",",,,null",任选课程,中文,嘉定校区,"2023(新能源材料与器件 08003),2023(材料科学与工程 08014),2023(新能源材料与器件(精英班) 09008),2023(材料科学与工程(精英班) 09009),2025(材料科学与工程(二学位) 08015)",0,1,16,叶松(11041) 星期一3-4节 [2-4] 博楼B110 赵玛丽(22028) 星期一3-4节 [5-12] 博楼B110 程洪飞(22536) 星期一3-4节 [13-16] 博楼B110 许维(09151) 星期一3-4节 [1] 博楼B110
MSE451502,纳米材料科学技术,2,,"赵玛丽,程洪飞","22028,22536",",null",任选课程,英语,嘉定校区,"2023(新能源材料与器件 08003),2023(材料科学与工程 08014),2023(新能源材料与器件(精英班) 09008),2023(材料科学与工程(精英班) 09009),2025(材料科学与工程(二学位) 08015)",0,1,16,程洪飞(22536) 星期一7-8节 [9-16] 博楼B114 赵玛丽(22028) 星期一7-8节 [1-8] 博楼B114
MSE350501,计算材料学基础,2,,"冯聪,项红萍","11042,17016",",",任选课程,中文,嘉定校区,"2023(新能源材料与器件 08003),2023(材料科学与工程 08014),2023(新能源材料与器件(精英班) 09008),2023(材料科学与工程(精英班) 09009)",0,1,16,"冯聪(11042),项红萍(17016) 星期一1-2节 [1-2 4-16双] 安楼A105 冯聪(11042),项红萍(17016) 星期一1-2节 [3-15单] 嘉定机房F214A"
MSE450201,材料3D打印原理,2,,"陆伟,高玉魁,魏先顺,袁宾","09028,12088,15027,24505",",,,null",任选课程,中文,嘉定校区,"2023(新能源材料与器件 08003),2023(材料科学与工程 08014),2023(新能源材料与器件(精英班) 09008),2023(材料科学与工程(精英班) 09009),2025(材料科学与工程(二学位) 08015)",0,1,16,高玉魁(12088) 星期四3-4节 [1-2] 复楼F211 袁宾(24505) 星期四3-4节 [3-4] 复楼F211 魏先顺(15027) 星期四3-4节 [5-15] 复楼F211 陆伟(09028) 星期四3-4节 [16] 复楼F211
MSE450101,半导体材料与器件,2,,"黄佳,祖国庆,杨洁,邹义冬,徐洋","12116,18136,22528,23105,23512",",,null,,",任选课程,中文,嘉定校区,"2023(新能源材料与器件 08003),2023(材料科学与工程 08014),2023(新能源材料与器件(精英班) 09008),2023(材料科学与工程(精英班) 09009),2025(材料科学与工程(二学位) 08015)",0,1,16,杨洁(22528) 星期五5-6节 [7-9] 复楼F202 徐洋(23512) 星期五5-6节 [4-6] 复楼F202 祖国庆(18136) 星期五5-6节 [13-16] 复楼F202 邹义冬(23105) 星期五5-6节 [10-12] 复楼F202 黄佳(12116) 星期五5-6节 [1-3] 复楼F202
,材料专业基础实验1,4,,"冯聪,赵玛丽","11042,22028",",",实践环节课程,中文,嘉定校区,"2024(新能源材料与器件 08003),2024(材料科学与工程 08014),2024(材料科学与工程(先进材料蕴元班) 08016),2024(材料科学与工程(精英班) 09009)",0,1,16,冯聪(11042) 星期三5-8节 [1-8] 致臻楼实验室 赵玛丽(22028) 星期三5-8节 [9-16] 致臻楼实验室
,材料专业基础实验1,4,,"王海,刘超峰","11053,22517",",null",实践环节课程,中文,嘉定校区,"2024(新能源材料与器件 08003),2024(材料科学与工程 08014),2024(材料科学与工程(先进材料蕴元班) 08016),2024(材料科学与工程(精英班) 09009)",0,1,16,王海(11053) 星期三5-8节 [1-8] 致臻楼实验室 刘超峰(22517) 星期三5-8节 [9-16] 致臻楼实验室
,材料专业基础实验1,4,,唐人剑,89057,,实践环节课程,中文,嘉定校区,"2024(新能源材料与器件 08003),2024(材料科学与工程 08014),2024(材料科学与工程(先进材料蕴元班) 08016),2024(材料科学与工程(精英班) 09009)",0,1,16,唐人剑(89057) 星期三5-8节 [1-16] 致臻楼实验室
,材料专业基础实验1,4,,"刘晓山,袁宾","08159,24505",",null",实践环节课程,中文,嘉定校区,"2024(新能源材料与器件 08003),2024(材料科学与工程 08014),2024(材料科学与工程(先进材料蕴元班) 08016),2024(材料科学与工程(精英班) 09009)",0,1,16,刘晓山(08159) 星期三5-8节 [1-8] 致臻楼实验室 袁宾(24505) 星期三5-8节 [9-16] 致臻楼实验室
,材料专业基础实验1,4,,"魏先顺,向震","15027,22178",",助理教授（长聘体系）",实践环节课程,中文,嘉定校区,"2024(新能源材料与器件 08003),2024(材料科学与工程 08014),2024(材料科学与工程(先进材料蕴元班) 08016),2024(材料科学与工程(精英班) 09009)",0,1,16,向震(22178) 星期三5-8节 [9-16] 致臻楼实验室 魏先顺(15027) 星期三5-8节 [1-8] 致臻楼实验室
,材料专业基础实验1,4,,"袁伟忠,胡勇","08022,21510",",",实践环节课程,中文,嘉定校区,"2024(新能源材料与器件 08003),2024(材料科学与工程 08014),2024(材料科学与工程(先进材料蕴元班) 08016),2024(材料科学与工程(精英班) 09009)",0,1,16,胡勇(21510) 星期三5-8节 [9-16] 致臻楼实验室 袁伟忠(08022) 星期三5-8节 [1-8] 致臻楼实验室
,材料专业基础实验1,4,,"袁俊杰,赵晓莉","06063,18105",",",实践环节课程,中文,嘉定校区,"2024(新能源材料与器件 08003),2024(材料科学与工程 08014),2024(材料科学与工程(先进材料蕴元班) 08016),2024(材料科学与工程(精英班) 09009)",0,1,16,袁俊杰(06063) 星期三5-8节 [1-8] 致臻楼实验室 赵晓莉(18105) 星期三5-8节 [9-16] 致臻楼实验室
,材料专业基础实验1,4,,"金明,邹义冬","08133,23105",",",实践环节课程,中文,嘉定校区,"2024(新能源材料与器件 08003),2024(材料科学与工程 08014),2024(材料科学与工程(先进材料蕴元班) 08016),2024(材料科学与工程(精英班) 09009)",0,1,16,金明(08133) 星期三5-8节 [1-8] 致臻楼实验室 邹义冬(23105) 星期三5-8节 [9-16] 致臻楼实验室
,材料专业基础实验1,4,,常志宏,09090,,实践环节课程,中文,嘉定校区,"2024(新能源材料与器件 08003),2024(材料科学与工程 08014),2024(材料科学与工程(先进材料蕴元班) 08016),2024(材料科学与工程(精英班) 09009)",0,1,16,常志宏(09090) 星期三5-8节 [1-16] 致臻楼实验室
,材料专业基础实验1,4,,"刘贤萍,张祖华","02018,22234",",",实践环节课程,中文,嘉定校区,"2024(新能源材料与器件 08003),2024(材料科学与工程 08014),2024(材料科学与工程(先进材料蕴元班) 08016),2024(材料科学与工程(精英班) 09009)",0,1,16,张祖华(22234) 星期三5-8节 [1-8] 致臻楼实验室 刘贤萍(02018) 星期三5-8节 [9-16] 致臻楼实验室
,材料专业基础实验1,4,,"卢子臣,任强","21083,23523",",null",实践环节课程,中文,嘉定校区,"2024(新能源材料与器件 08003),2024(材料科学与工程 08014),2024(材料科学与工程(先进材料蕴元班) 08016),2024(材料科学与工程(精英班) 09009)",0,1,16,卢子臣(21083) 星期三5-8节 [1-8] 致臻楼实验室 任强(23523) 星期三5-8节 [9-16] 致臻楼实验室
,材料专业基础实验1,4,,"王茹,王眺","05241,23506",",null",实践环节课程,中文,嘉定校区,"2024(新能源材料与器件 08003),2024(材料科学与工程 08014),2024(材料科学与工程(先进材料蕴元班) 08016),2024(材料科学与工程(精英班) 09009)",0,1,16,王茹(05241) 星期三5-8节 [1-8] 致臻楼实验室 王眺(23506) 星期三5-8节 [9-16] 致臻楼实验室
,材料专业基础实验1,4,,郭君渊,24184,,实践环节课程,中文,嘉定校区,"2024(新能源材料与器件 08003),2024(材料科学与工程 08014),2024(材料科学与工程(先进材料蕴元班) 08016),2024(材料科学与工程(精英班) 09009)",0,1,16,郭君渊(24184) 星期三5-8节 [1-16] 致臻楼实验室
,材料专业基础实验1,4,,"张震雷,李晨","04067,21082",",",实践环节课程,中文,嘉定校区,"2024(新能源材料与器件 08003),2024(材料科学与工程 08014),2024(材料科学与工程(先进材料蕴元班) 08016),2024(材料科学与工程(精英班) 09009)",0,1,16,李晨(21082) 星期三5-8节 [9-16] 致臻楼实验室 张震雷(04067) 星期三5-8节 [1-8] 致臻楼实验室
MSE330601,电化学原理,3,,"李超禹,潘争辉,张东","22237,22513,97004",",null,",专业基础课,中文,嘉定校区,2024(新能源材料与器件 08003),0,1,16,潘争辉(22513) 星期四5-6节 [11-15单] 安楼A307 张东(97004) 星期四5-6节 [1-7单] 安楼A307 李超禹(22237) 星期四5-6节 [9] 安楼A307 李超禹(22237) 星期五1-2节 [8-9] 安楼A307 张东(97004) 星期五1-2节 [1-7] 安楼A307 潘争辉(22513) 星期五1-2节 [10-16] 安楼A307
MSE451701,下一代电池技术,2,,"傅婧,潘争辉","19519,22513",",null",任选课程,中文,嘉定校区,"2023(新能源材料与器件 08003),2023(材料科学与工程 08014),2023(新能源材料与器件(精英班) 09008),2023(材料科学与工程(精英班) 09009)",0,1,16,傅婧(19519) 星期三5-6节 [1-8] 复楼F211 潘争辉(22513) 星期三5-6节 [9-16] 复楼F211
MSE460601,新能源材料与器件专业实验,4,,"罗巍,王超,丁元琪","17518,21519,25186",",null,null",实践环节课程,中文,嘉定校区,"2023(新能源材料与器件 08003),2023(新能源材料与器件(精英班) 09008)",0,1,16,罗巍(17518) 星期五1-4节 [1-6] 致臻楼实验室 王超(21519) 星期五1-4节 [7-12] 致臻楼实验室 丁元琪(25186) 星期五1-4节 [13-16] 致臻楼实验室
MSE460602,新能源材料与器件专业实验,4,,"罗巍,王超,丁元琪","17518,21519,25186",",null,null",实践环节课程,中文,嘉定校区,"2023(新能源材料与器件 08003),2023(新能源材料与器件(精英班) 09008)",0,1,16,罗巍(17518) 星期五5-8节 [1-6] 致臻楼实验室 王超(21519) 星期五5-8节 [7-12] 致臻楼实验室 丁元琪(25186) 星期五5-8节 [13-16] 致臻楼实验室
MSE460501,新能源材料与器件工艺课程设计,2,,王超,21519,null,实践环节课程,中文,嘉定校区,"2023(新能源材料与器件 08003),2023(新能源材料与器件(精英班) 09008)",0,1,16,王超(21519) 星期四7-8节 [1-16] 博楼B315
,无机功能材料I,2,,张瑶,25189,null,任选课程,中文,嘉定校区,2023(新能源材料与器件(精英班) 09008),0,1,16,张瑶(25189) 星期五9-10节 [1-16] 不排教室
,无机功能材料I,2,,张瑶,25189,null,专业选修课,中文,嘉定校区,2023(新能源材料与器件 08003),0,1,16,张瑶(25189) 星期五9-10节 [1-16] 不排教室
MSE000301,材料与结构的交响乐,2,,王眺,23506,null,工程能力与创新思维,中文,四平路校区,,0,1,12,王眺(23506) 星期一9-10节 [1-12] 北216
MSE000302,材料与结构的交响乐,2,,王眺,23506,null,工程能力与创新思维,中文,嘉定校区,,0,1,16,王眺(23506) 星期三9-10节 [1-12] 安楼A109
MSE000901,走进迷人的材料世界,2,,张瑶,25189,null,工程能力与创新思维,中文,四平路校区,,0,1,16,张瑶(25189) 星期四9-10节 [1-12] 不排教室
MSE000902,走进迷人的材料世界,2,,"蒋正武,杜建忠,黄佳,魏先顺,范震,张弛,王超,张天真,徐洋","02093,10004,12116,15027,18506,21516,21519,23094,23512",",,,,,,null,,",工程能力与创新思维,中文,嘉定校区,,0,1,16,黄佳(12116) 星期四5-6节 [6] 博楼B103 王超(21519) 星期四5-6节 [4-5] 博楼B103 张天真(23094) 星期四5-6节 [10] 博楼B103 杜建忠(10004) 星期四5-6节 [8] 博楼B103 蒋正武(02093) 星期四5-6节 [1-3] 博楼B103 徐洋(23512) 星期四5-6节 [7] 博楼B103 范震(18506) 星期四5-6节 [9] 博楼B103 张弛(21516) 星期四5-6节 [11] 博楼B103 魏先顺(15027) 星期四5-6节 [12] 博楼B103
MSE230201,土木工程材料,2,,"杨晓杰,李好新","01074,10034",",",专业基础课,中文,四平路校区,"2025(土木工程 03014),2025(土木工程(数学与应用数学双学士学位) 03065),2025(土木工程(法学双学士学位) 03067)",0,1,12,杨晓杰(01074) 星期一5-6节 [1-6] 南209 李好新(10034) 星期一5-6节 [7-12] 南209
MSE230202,土木工程材料,2,,"徐晶,姚武","09105,95052",",",专业基础课,中文,四平路校区,"2025(土木工程 03014),2025(土木工程(数学与应用数学双学士学位) 03065),2025(土木工程(法学双学士学位) 03067)",0,1,12,徐晶(09105) 星期一5-6节 [7-12] 南412 姚武(95052) 星期一5-6节 [1-6] 南412
MSE230203,土木工程材料,2,,"刘贤萍,张国防","02018,02043",",",专业基础课,中文,四平路校区,"2025(土木工程 03014),2025(土木工程(数学与应用数学双学士学位) 03065),2025(土木工程(法学双学士学位) 03067)",0,1,12,刘贤萍(02018) 星期一5-6节 [7-12] 南414 张国防(02043) 星期一5-6节 [1-6] 南414
MSE230601,工程材料学,2,,"刘斯凤,姜伟","08031,15161",",",专业基础课,中文,四平路校区,"2025(智能建造 03005),2025(土木工程(精英班) 09042),2025(智能建造(精英班) 09044)",0,1,12,姜伟(15161) 星期一7-8节 [1-4 11-12] 南414 刘斯凤(08031) 星期一7-8节 [5-10] 南414
MSE290101,工程材料（英）,2,,冯艾寒,13114,,领域基础课,英语,四平路校区,2025(卓越计划班（机器人） 09104),0,1,16,冯艾寒(13114) 星期二3-4节 [1-16] 北208
MSE290102,工程材料（英）,2,,Mohsen Alae,24076,,领域基础课,英语,四平路校区,2025(卓越计划班（机器人） 09104),0,1,16,Mohsen Alae(24076) 星期二3-4节 [1-16] 北215
MSE290103,工程材料（英）,2,,于龙,12030,,领域基础课,英语,四平路校区,2025(卓越计划班（机器人） 09104),0,1,16,于龙(12030) 星期二3-4节 [1-16] 北222
电子与信息工程学院,,,,,,,,,,,,,,
,,,,,,,,,,,,,,
EIE450001,实时操作系统,2,,高燕,06010,,专业选修课,中文,嘉定校区,"2023(微电子科学与工程 10007),2023(人工智能 10008),2023(自动化 10024),2023(通信工程 10054),2023(电子信息工程(国际班) 10080),2025(微电子科学与工程(二学位) 10068)",0,1,16,高燕(06010) 星期三5-6节 [1-16] 博楼B313
,运筹学,3,,张长柱,13528,,专业选修课,中文,嘉定校区,"2023(人工智能 10008),2023(自动化 10024)",0,1,16,张长柱(13528) 星期六1-2节 [1-16] 不排教室
EIE000002,Matlab语言及工程应用,2,,戴毅茹,02139,,工程能力与创新思维,中文,嘉定校区,,0,1,12,戴毅茹(02139) 星期三5-6节 [1-12] 博楼B112
EIE250201,电路理论(英),4,,熊英,09154,,专业选修课,英语,嘉定校区,"2024(自动化 10024),2025(通信工程 10054),2025(电子信息工程(国际班) 10080)",0,1,8,熊英(09154) 星期二1-4节 [1-8] 安楼A402 熊英(09154) 星期四1-4节 [1-8] 安楼A402
EIE000102,网页制作教程,2,,徐尚志,06051,,工程能力与创新思维,中文,嘉定校区,,0,1,12,徐尚志(06051) 星期五1-2节 [1-12] 安楼A306
EIE260001,电工实习,1,,江楠,22108,,实践环节课程,中文,嘉定校区,"2025(微电子科学与工程 10007),2025(人工智能 10008),2025(自动化 10024),2025(电气工程及其自动化 10044),2025(通信工程 10054),2025(微电子科学与工程(应用物理学双学士学位) 10078),2025(电子信息工程(国际班) 10080)",0,1,9,江楠(22108) 星期六1-4节 [5-6 8-9] 华楼412
EIE260002,电工实习,1,,周伟,00792,,实践环节课程,中文,四平路校区,2025(电气工程及其自动化(精英班) 09015),0,1,9,周伟(00792) 星期六1-4节 [5-6 8-9] 阜新路203
EIE260003,电工实习,1,,江楠,22108,,实践环节课程,中文,嘉定校区,"2025(微电子科学与工程 10007),2025(人工智能 10008),2025(自动化 10024),2025(电气工程及其自动化 10044),2025(通信工程 10054),2025(微电子科学与工程(应用物理学双学士学位) 10078),2025(电子信息工程(国际班) 10080)",0,1,9,江楠(22108) 星期六5-8节 [5-6 8-9] 华楼412
EIE260004,电工实习,1,,王翠霞,02070,,实践环节课程,中文,嘉定校区,"2025(微电子科学与工程 10007),2025(人工智能 10008),2025(自动化 10024),2025(电气工程及其自动化 10044),2025(通信工程 10054),2025(微电子科学与工程(应用物理学双学士学位) 10078),2025(电子信息工程(国际班) 10080)",0,1,9,王翠霞(02070) 星期日1-4节 [5-6 8-9] 华楼408
EIE260005,电工实习,1,,王翠霞,02070,,实践环节课程,中文,嘉定校区,"2025(微电子科学与工程 10007),2025(人工智能 10008),2025(自动化 10024),2025(电气工程及其自动化 10044),2025(通信工程 10054),2025(微电子科学与工程(应用物理学双学士学位) 10078),2025(电子信息工程(国际班) 10080)",0,1,9,王翠霞(02070) 星期日5-8节 [5-6 8-9] 华楼408
EIE260006,电工实习,1,,张鑫,16046,,实践环节课程,中文,嘉定校区,"2025(微电子科学与工程 10007),2025(人工智能 10008),2025(自动化 10024),2025(电气工程及其自动化 10044),2025(通信工程 10054),2025(微电子科学与工程(应用物理学双学士学位) 10078),2025(电子信息工程(国际班) 10080)",0,1,9,张鑫(16046) 星期六1-4节 [5-6 8-9] 华楼408
EIE260007,电工实习,1,,张鑫,16046,,实践环节课程,中文,嘉定校区,"2025(微电子科学与工程 10007),2025(人工智能 10008),2025(自动化 10024),2025(电气工程及其自动化 10044),2025(通信工程 10054),2025(微电子科学与工程(应用物理学双学士学位) 10078),2025(电子信息工程(国际班) 10080)",0,1,9,张鑫(16046) 星期六5-8节 [5-6 8-9] 华楼408
EIE260008,电工实习,1,,周伟,00792,,实践环节课程,中文,嘉定校区,"2025(微电子科学与工程 10007),2025(人工智能 10008),2025(自动化 10024),2025(电气工程及其自动化 10044),2025(通信工程 10054),2025(微电子科学与工程(应用物理学双学士学位) 10078),2025(电子信息工程(国际班) 10080)",0,1,9,周伟(00792) 星期日1-4节 [5-6 8-9] 华楼412
EIE260009,电工实习,1,,周伟,00792,,实践环节课程,中文,嘉定校区,"2025(微电子科学与工程 10007),2025(人工智能 10008),2025(自动化 10024),2025(电气工程及其自动化 10044),2025(通信工程 10054),2025(微电子科学与工程(应用物理学双学士学位) 10078),2025(电子信息工程(国际班) 10080)",0,1,9,周伟(00792) 星期日5-8节 [5-6 8-9] 华楼412
EIE340201,电力工程,3,,林济铿,13115,,专业必修课,中文,嘉定校区,"2024(电气工程及其自动化(精英班) 09015),2024(电气工程及其自动化 10044),2025(电气工程及其自动化(二学位) 10067)",0,1,16,林济铿(13115) 星期一5-6节 [1-16] 博楼B210 林济铿(13115) 星期三5-6节 [1-15单] 博楼B210
EIE340202,电力工程,3,,张明锐,94760,,专业必修课,中文,嘉定校区,"2024(电气工程及其自动化(精英班) 09015),2024(电气工程及其自动化 10044),2025(电气工程及其自动化(二学位) 10067)",0,1,16,张明锐(94760) 星期一5-6节 [1-16] 博楼B212 张明锐(94760) 星期三5-6节 [1-15单] 博楼B212
EIE340203,电力工程,3,,张文豪,10137,,专业必修课,英语,嘉定校区,"2024(电气工程及其自动化(精英班) 09015),2024(电气工程及其自动化 10044),2025(电气工程及其自动化(二学位) 10067)",0,1,16,张文豪(10137) 星期三9-11节 [1-16] 安楼A409
EIE340301,高电压工程,2,,袁之康,21132,,专业必修课,中文,嘉定校区,"2024(电气工程及其自动化(精英班) 09015),2024(电气工程及其自动化 10044)",0,1,16,袁之康(21132) 星期一3-4节 [1-16] 博楼B210
EIE340302,高电压工程,2,,"郑飞虎,滕陈源","06109,25245",",null",专业必修课,中文,嘉定校区,"2024(电气工程及其自动化(精英班) 09015),2024(电气工程及其自动化 10044)",0,1,16,滕陈源(25245) 星期一3-4节 [9-16] 博楼B212 郑飞虎(06109) 星期一3-4节 [1-8] 博楼B212
EIE450101,轨道交通信号基础,2,,梅萌,00789,,专业选修课,中文,嘉定校区,"2023(自动化 10024),2023(电气工程及其自动化 10044),2023(通信工程 10054),2023(电子信息工程(国际班) 10080)",0,1,16,梅萌(00789) 星期二1-2节 [1-16] 博楼B106
EIE450202,移动通信系统,2,,吴霞,11095,,专业选修课,中文,嘉定校区,"2023(通信工程(精英班) 09017),2023(通信工程 10054),2023(电子信息工程(国际班) 10080)",0,1,16,吴霞(11095) 星期五5-6节 [1-16] 博楼B112
EIE450201,移动通信系统,2,,徐娟,99731,,专业选修课,中文,嘉定校区,"2023(通信工程(精英班) 09017),2023(通信工程 10054),2023(电子信息工程(国际班) 10080)",0,1,16,徐娟(99731) 星期五5-6节 [1-16] 博楼B110
EIE360001,电子信息专业综合实验,2,,陈耀,94415,,实践环节课程,中文,嘉定校区,2024(电子信息工程(国际班) 10080),0,1,16,陈耀(94415) 星期六1-2节 [1-16] 不排教室
EIE460301,系统仿真技术实践,2,,钱业青,04058,,实践环节课程,中文,嘉定校区,"2023(通信工程(精英班) 09017),2023(通信工程 10054),2023(电子信息工程(国际班) 10080)",0,1,16,钱业青(04058) 星期四5-6节 [1-16] 学院实验室
EIE460302,系统仿真技术实践,2,,桂任舟,06110,,实践环节课程,中文,嘉定校区,"2023(通信工程(精英班) 09017),2023(通信工程 10054),2023(电子信息工程(国际班) 10080)",0,1,16,桂任舟(06110) 星期四5-6节 [1-16] 安楼A210
EIE454301,计算机体系结构,2,,李俊,13088,,专业选修课,中文,嘉定校区,"2023(微电子科学与工程 10007),2025(微电子科学与工程(二学位) 10068)",0,1,16,李俊(13088) 星期六1-2节 [1-16] 不排教室
EIE230001,电工学(电工技术),3,,冯晖,03215,,专业基础课,中文,嘉定校区,"2025(商用大飞机校企联合人才培养创新模式实验班 45003),2025(飞行器制造工程 45024)",0,1,16,冯晖(03215) 星期三5-6节 [2-16双] 博楼B210 冯晖(03215) 星期五5-6节 [1-16] 博楼B210
EIE330201,电工学(电子技术),3,,徐高威,24081,助理教授（长聘体系）,专业基础课,中文,嘉定校区,"2024(车辆工程(汽车精英班) 09048),2025(车辆工程(汽车)(二学位) 19026),2025(车辆工程(汽车) 19027),2025(中德智慧新能源车辆(创新实验区) 19033)",0,1,16,徐高威(24081) 星期一9-11节 [1-16] 复楼F204
EIE350301,自动控制1（英）,6,,"余有灵,张长柱","04003,13528",",",专业选修课,英语,嘉定校区,2024(自动化 10024),0,1,16,余有灵(04003) 星期一3-8节 [1-8] 安楼A402 张长柱(13528) 星期一3-8节 [9-16] 安楼A402
EIE350501,机械基础1（英）,6,,"赵荣泳,印真","05150,23093",",",专业选修课,英语,嘉定校区,2024(自动化 10024),0,1,16,赵荣泳(05150) 星期五5-10节 [8-16] 安楼A204 印真(23093) 星期五5-10节 [1-7] 安楼A204
EIE340401,微波工程与天线设计,2,,童美松,10136,,专业必修课,英语,嘉定校区,"2024(微电子科学与工程(精英班) 09019),2024(微电子科学与工程 10007),2024(微电子科学与工程(应用物理学双学士学位) 10078),2025(微电子科学与工程(二学位) 10068)",0,1,16,童美松(10136) 星期三7-8节 [1-16] 复楼F213
EIE230201,电工学与电气测量技术,4,,"王翠霞,徐志宇","02070,12063",",",专业基础课,中文,嘉定校区,"2025(机械电子工程 51014),2025(建筑电气与智能化 51034),2025(车辆工程 51035)",0,1,16,王翠霞(02070) 星期三3-4节 [1-8] 广楼G209 徐志宇(12063) 星期三3-4节 [9-16] 广楼G209 王翠霞(02070) 星期五1-2节 [1-8] 广楼G209 徐志宇(12063) 星期五1-2节 [9-16] 广楼G209
EIE230202,电工学与电气测量技术,4,,张朋朋,25038,,专业基础课,中文,嘉定校区,"2025(机械电子工程 51014),2025(建筑电气与智能化 51034),2025(车辆工程 51035)",0,1,16,张朋朋(25038) 星期三3-4节 [1-16] 广楼G207 张朋朋(25038) 星期五1-2节 [1-16] 广楼G207
EIE330301,电子学与数字技术2,4,,霍勇,91783,,专业基础课,中文,嘉定校区,"2024(机械电子工程 51014),2024(建筑电气与智能化 51034)",0,1,16,霍勇(91783) 星期一1-2节 [1-16] 复楼F213 霍勇(91783) 星期三1-2节 [1-16] 复楼F213
EIE270001,生物信息学导论,2,,张长柱,13528,,个性化课程,中文,沪西校区,"2025(医学试验班(国豪精英班) 09007),2025(基础医学 14060)",0,1,16,张长柱(13528) 星期日7-8节 [1-16] 不排教室
EIE450301,轨道交通电气化与控制,2,,袁登科,06085,,专业选修课,中文,嘉定校区,"2023(微电子科学与工程 10007),2023(自动化 10024),2023(电气工程及其自动化 10044),2025(电气工程及其自动化(二学位) 10067),2025(微电子科学与工程(二学位) 10068)",0,1,16,袁登科(06085) 星期五5-6节 [1-16] 广楼G107
EIE450401,新能源发电技术,2,,钱挺,13120,,专业选修课,中文,嘉定校区,"2023(微电子科学与工程 10007),2023(人工智能 10008),2023(自动化 10024),2023(电气工程及其自动化 10044),2025(电气工程及其自动化(二学位) 10067),2025(微电子科学与工程(二学位) 10068)",0,1,16,钱挺(13120) 星期二3-4节 [1-16] 安楼A404
EIE450501,成像技术与电视,2,,陈耀,94415,,专业选修课,中文,嘉定校区,2023(微电子科学与工程 10007),0,1,16,陈耀(94415) 星期六3-4节 [1-16] 不排教室
EIE340501,模拟集成电路分析与设计,3,,邱雷,18526,,专业必修课,中文,嘉定校区,"2024(微电子科学与工程(精英班) 09019),2024(微电子科学与工程 10007),2024(微电子科学与工程(应用物理学双学士学位) 10078),2025(微电子科学与工程(二学位) 10068)",0,1,16,邱雷(18526) 星期四1-2节 [2-16双] 广楼G305 邱雷(18526) 星期四3-4节 [1-16] 广楼G305
EIE450601,微电子工艺技术,2,,侯艳芳,04080,,专业选修课,中文,嘉定校区,"2023(工程力学(强基计划) 09001),2023(微电子科学与工程 10007),2023(自动化 10024),2023(通信工程 10054),2023(电子信息工程(国际班) 10080),2025(微电子科学与工程(二学位) 10068)",0,1,16,侯艳芳(04080) 星期一5-6节 [1-16] 安楼A107
EIE450604,微电子工艺技术,2,,袁光杰,25034,,专业选修课,中文,四平路校区,"2023(应用化学(强基计划) 09002),2023(生物技术(强基计划) 09003),2023(应用物理学(强基计划) 09005)",0,1,16,袁光杰(25034) 星期三7-8节 [1-16] 北214
EIE450602,微电子工艺技术,2,,温鹏雁,23006,,专业选修课,英语,嘉定校区,"2023(工程力学(强基计划) 09001),2023(微电子科学与工程 10007),2023(自动化 10024),2023(通信工程 10054),2023(电子信息工程(国际班) 10080),2025(微电子科学与工程(二学位) 10068)",0,1,16,温鹏雁(23006) 星期一5-6节 [1-16] 诚楼C408A
EIE450701,电子工程领域前沿技术,2,,李俊,13088,,专业选修课,中文,嘉定校区,"2023(微电子科学与工程 10007),2023(人工智能 10008),2023(自动化 10024),2025(微电子科学与工程(二学位) 10068)",0,1,16,李俊(13088) 星期六7-8节 [1-16] 不排教室
EIE230601,电工学（电子技术）,2,,徐凡,24180,助理教授（长聘体系）,专业选修课,中文,四平路校区,"2024(海洋科学(强基计划) 09047),2024(基础学科拔尖班(海洋) 31005),2024(海洋科学 31006)",0,1,16,徐凡(24180) 星期日9-10节 [1-16] 不排教室
EIE340701,智能感知网,2,,"何斌,王志鹏","03225,17136",",",专业必修课,中文,四平路校区,2024(智能建造 03005),0,1,16,何斌(03225) 星期三3-4节 [1] 南309 王志鹏(17136) 星期三3-4节 [2-16] 南309
EIE000302,口袋式单片机应用实践,2,,陈耀,94415,,工程能力与创新思维,中文,嘉定校区,,0,1,12,陈耀(94415) 星期四7-8节 [1-12] 诚楼C403
EIE330601,半导体物理,2,,侯艳芳,04080,,专业基础课,中文,嘉定校区,"2024(微电子科学与工程(精英班) 09019),2024(微电子科学与工程 10007),2024(微电子科学与工程(应用物理学双学士学位) 10078),2025(微电子科学与工程(二学位) 10068)",0,1,16,侯艳芳(04080) 星期三5-6节 [1-16] 广楼G204
EIE330602,半导体物理,2,,李俊,13088,,专业基础课,英语,嘉定校区,"2024(微电子科学与工程(精英班) 09019),2024(微电子科学与工程 10007),2024(微电子科学与工程(应用物理学双学士学位) 10078),2025(微电子科学与工程(二学位) 10068)",0,1,16,李俊(13088) 星期三5-6节 [1-16] 安楼A302
EIE450901,混合信号电路设计引论,2,,李俊,13088,,专业选修课,中文,嘉定校区,"2023(微电子科学与工程 10007),2023(自动化 10024),2025(微电子科学与工程(二学位) 10068)",0,1,16,李俊(13088) 星期六5-6节 [1-16] 不排教室
EIE451001,集成电路测试与验证方法学,2,,高燕,06010,,专业选修课,中文,嘉定校区,"2023(微电子科学与工程 10007),2023(自动化 10024),2025(微电子科学与工程(二学位) 10068)",0,1,16,高燕(06010) 星期三3-4节 [1-16] 安楼A219
EIE451101,集成电路设计创新创业实践,2,,冯晖,03215,,专业选修课,中文,嘉定校区,"2023(微电子科学与工程(精英班) 09019),2023(微电子科学与工程 10007),2025(微电子科学与工程(二学位) 10068)",0,1,16,冯晖(03215) 星期五3-4节 [1-16] 博楼B112
EIE351902,通信系统原理（B）,2,,徐凡,24180,,专业选修课,中文,嘉定校区,"2024(微电子科学与工程(精英班) 09019),2024(微电子科学与工程 10007),2024(微电子科学与工程(应用物理学双学士学位) 10078),2025(微电子科学与工程(二学位) 10068)",0,1,16,徐凡(24180) 星期二1-2节 [1-16] 安楼A404
EIE460601,微波与射频电路综合设计与实践,2,,童美松,10136,,实践环节课程,中文,嘉定校区,"2023(微电子科学与工程(精英班) 09019),2023(微电子科学与工程 10007),2025(微电子科学与工程(二学位) 10068)",0,1,16,童美松(10136) 星期五5-6节 [1-16] 安楼A306
EIE352002,微控制器应用实践,1,,张志峰,08015,,专业选修课,中文,嘉定校区,"2024(微电子科学与工程(精英班) 09019),2024(微电子科学与工程 10007),2024(微电子科学与工程(应用物理学双学士学位) 10078),2025(微电子科学与工程(二学位) 10068)",0,7,14,张志峰(08015) 星期四9-10节 [7-14] 安楼A308
EIE352102,微控制器原理及应用,2,,高燕,06010,,专业选修课,中文,嘉定校区,"2024(微电子科学与工程(精英班) 09019),2024(微电子科学与工程 10007),2024(微电子科学与工程(应用物理学双学士学位) 10078),2025(微电子科学与工程(二学位) 10068)",0,1,16,高燕(06010) 星期二3-4节 [1-16] 安楼A406
EIE451201,电介质物理与电工材料,2,,"郑飞虎,滕陈源","06109,25245",",null",专业选修课,中文,嘉定校区,"2023(新能源材料与器件 08003),2023(电气工程及其自动化 10044),2025(电气工程及其自动化(二学位) 10067)",0,1,16,滕陈源(25245) 星期三3-4节 [9-16] 安楼A304 郑飞虎(06109) 星期三3-4节 [1-8] 安楼A304
EIE451301,建筑电气与智能化,2,,申朝旭,97708,,专业选修课,中文,嘉定校区,"2023(微电子科学与工程 10007),2023(电气工程及其自动化 10044),2025(电气工程及其自动化(二学位) 10067),2025(微电子科学与工程(二学位) 10068)",0,1,16,申朝旭(97708) 星期一3-4节 [1-16] 安楼A214
EIE451401,智能电网技术,2,,"沈小军,林济铿","07106,13115",",",专业选修课,中文,嘉定校区,"2023(微电子科学与工程 10007),2023(人工智能 10008),2023(自动化 10024),2023(电气工程及其自动化 10044),2023(通信工程 10054),2023(电子信息工程(国际班) 10080),2025(电气工程及其自动化(二学位) 10067),2025(微电子科学与工程(二学位) 10068)",0,1,16,林济铿(13115) 星期五3-4节 [1-8] 安楼A406 沈小军(07106) 星期五3-4节 [9-16] 安楼A406
EIE340901,自动控制原理,3,,沈小军,07106,,专业必修课,中文,嘉定校区,"2024(电气工程及其自动化(精英班) 09015),2024(电气工程及其自动化 10044),2025(电气工程及其自动化(二学位) 10067)",0,1,16,沈小军(07106) 星期五9-11节 [1-16] 安楼A410
EIE340902,自动控制原理,3,,董子航,23141,,专业必修课,英语,嘉定校区,"2024(电气工程及其自动化(精英班) 09015),2024(电气工程及其自动化 10044),2025(电气工程及其自动化(二学位) 10067)",0,1,16,董子航(23141) 星期一9-11节 [1-16] 安楼A107
EIE470001,健康与医学信息处理,2,,蒋烁,21020,,专业选修课,中文,嘉定校区,"2023(人工智能 10008),2023(自动化 10024)",0,1,16,蒋烁(21020) 星期三7-8节 [1-16] 博楼B116
EIE451502,区块链与金融科技,2,,马小峰,11146,,专业选修课,中文,嘉定校区,"2023(数据科学与大数据技术 10005),2023(微电子科学与工程 10007),2023(人工智能 10008),2023(计算机科学与技术 10014),2023(自动化 10024),2023(通信工程 10054),2023(信息安全 10064),2023(电子信息工程(国际班) 10080),2025(微电子科学与工程(二学位) 10068)",0,1,16,马小峰(11146) 星期一7-8节 [1-16] 安楼A204
EIE460801,集成电路综合设计与实践,4,,张志峰,08015,,实践环节课程,中文,嘉定校区,"2023(微电子科学与工程(精英班) 09019),2023(微电子科学与工程 10007),2025(微电子科学与工程(二学位) 10068)",0,1,16,张志峰(08015) 星期四5-8节 [1-16] 安楼A306
EIE470101,数字与智能制造技术,3,,张长柱,13528,,专业选修课,中文,嘉定校区,"2023(微电子科学与工程 10007),2023(人工智能 10008),2023(自动化 10024),2023(电气工程及其自动化 10044),2025(微电子科学与工程(二学位) 10068)",0,1,16,张长柱(13528) 星期六9-9节 [1-16] 不排教室
EIE341101,通信原理,2,,李雪峰,13094,,专业选修课,中文,嘉定校区,2024(人工智能 10008),0,1,16,李雪峰(13094) 星期一3-4节 [1-16] 博楼B216
EIE341102,通信原理,2,,岑峰,07180,,专业必修课,中文,嘉定校区,"2024(自动化(精英班) 09016),2024(自动化 10024)",0,1,16,岑峰(07180) 星期一3-4节 [1-16] 博楼B214
EIE451601,系统工程原理,2,,"戴毅茹,王俊凯","02139,23124",",",专业选修课,中文,嘉定校区,"2023(微电子科学与工程 10007),2023(自动化 10024),2023(电气工程及其自动化 10044),2023(通信工程 10054),2023(电子信息工程(国际班) 10080),2025(微电子科学与工程(二学位) 10068)",0,1,16,王俊凯(23124) 星期三1-2节 [14-16] 安楼A112 戴毅茹(02139) 星期三1-2节 [1-13] 安楼A112
EIE451702,智能驾驶,2,,周远强,24503,null,个性化课程,中文,嘉定校区,"2023(新能源材料与器件 08003),2023(数据科学与大数据技术 10005),2023(计算机科学与技术 10014),2023(信息安全 10064)",0,1,16,周远强(24503) 星期六1-1节 [1-16] 不排教室
EIE451802,智能自主机器人与系统,3,,"王祝萍,张皓,蒋永康","07012,07102,23136",",,",专业选修课,中文,嘉定校区,"2023(人工智能(精英班) 09018),2023(人工智能 10008),2023(自动化 10024),2025(人工智能(二学位) 10066)",0,1,16,蒋永康(23136) 星期三9-11节 [7-9] 博楼B114 张皓(07102) 星期三9-11节 [10-11] 博楼B114 王祝萍(07012) 星期三9-11节 [1-6 12-16] 博楼B114
EIE451901,机器学习与数据处理,2,,黄新林,12001,,专业选修课,中文,嘉定校区,"2023(通信工程 10054),2023(电子信息工程(国际班) 10080)",0,1,16,黄新林(12001) 星期四3-4节 [1-16] 安楼A214
EIE452001,智能感知技术与应用,2,,"刘儿兀,王睿","11054,14183",",",专业选修课,中文,嘉定校区,"2023(通信工程 10054),2023(电子信息工程(国际班) 10080)",0,1,16,刘儿兀(11054) 星期三3-4节 [1-4] 安楼A406 王睿(14183) 星期三3-4节 [5-16] 安楼A406
EIE361201,智能物联网创新实践,2,,陈耀,94415,,实践环节课程,中文,嘉定校区,"2024(通信工程(精英班) 09017),2024(通信工程 10054),2024(电子信息工程(国际班) 10080)",0,1,16,陈耀(94415) 星期四1-2节 [1-16] 复楼F102
EIE452101,综合业务传输网,2,,桂任舟,06110,,专业选修课,中文,嘉定校区,"2023(通信工程 10054),2023(电子信息工程(国际班) 10080)",0,1,16,桂任舟(06110) 星期四7-8节 [1-16] 安楼A216
EIE461101,综合设计与实践C,2,,王晓年,08048,,实践环节课程,中文,嘉定校区,"2023(人工智能(精英班) 09018),2023(人工智能 10008),2025(人工智能(二学位) 10066)",0,1,16,王晓年(08048) 星期六3-4节 [1-16] 学院实验室
EIE461102,综合设计与实践C,2,,龚炜,21077,,实践环节课程,中文,嘉定校区,"2023(人工智能(精英班) 09018),2023(人工智能 10008),2025(人工智能(二学位) 10066)",0,1,16,龚炜(21077) 星期六3-4节 [1-16] 学院实验室
EIE461103,综合设计与实践C,2,,李俨,20167,,实践环节课程,中文,嘉定校区,"2023(自动化(精英班) 09016),2023(自动化 10024)",0,1,16,李俨(20167) 星期六3-4节 [1-16] 学院实验室
EIE461104,综合设计与实践C,2,,郭露露,21524,null,实践环节课程,中文,嘉定校区,"2023(自动化(精英班) 09016),2023(自动化 10024)",0,1,16,郭露露(21524) 星期六3-4节 [1-16] 学院实验室
EIE461105,综合设计与实践C,2,,许春权,13143,,实践环节课程,中文,嘉定校区,"2023(自动化(精英班) 09016),2023(自动化 10024)",0,1,16,许春权(13143) 星期六3-4节 [1-16] 学院实验室
EIE461106,综合设计与实践C,2,,周洪钧,09057,,实践环节课程,中文,嘉定校区,"2023(人工智能(精英班) 09018),2023(人工智能 10008),2025(人工智能(二学位) 10066)",0,1,16,周洪钧(09057) 星期六3-4节 [1-16] 学院实验室
EIE341402,人工智能基础,2,,"洪奕光,易新蕾","19867,24121",",",专业必修课,中文,四平路校区,2024(艺术设计学(人工智能双学士学位) 55094),0,1,16,洪奕光(19867) 星期一5-6节 [1-6 13-16] 北205 易新蕾(24121) 星期一5-6节 [7-12] 北205
EIE341403,人工智能基础,2,,乔非,93050,,专业必修课,中文,嘉定校区,"2024(工程力学(强基计划) 09001),2024(基础学科拔尖基地(力学) 45092)",0,1,16,乔非(93050) 星期四3-4节 [1-16] 安楼A219
EIE341404,人工智能基础,2,,"程书明,操锟","20521,24160","null,",个性化课程,中文,四平路校区,"2024(应用化学(强基计划) 09002),2024(数学与应用数学(强基计划) 09004),2024(应用物理学(强基计划) 09005)",0,1,16,操锟(24160) 星期三9-10节 [9-16] 南322 程书明(20521) 星期三9-10节 [1-8] 南322
EIE341405,人工智能基础,2,,尹慧琳,06105,,专业必修课,中文,嘉定校区,"2024(自动化(精英班) 09016),2024(人工智能(精英班) 09018),2024(人工智能 10008),2024(自动化 10024),2025(人工智能(二学位) 10066)",0,1,16,尹慧琳(06105) 星期四3-4节 [1-16] 安楼A314
EIE341406,人工智能基础,2,,刘鹃,24200,,专业必修课,中文,嘉定校区,"2024(工程力学(强基计划) 09001),2024(基础学科拔尖基地(力学) 45092)",0,1,16,刘鹃(24200) 星期四3-4节 [1-16] 安楼A316
EIE452201,基于计算机的虚拟仪器测控技术,2,,周远强,24503,null,专业选修课,中文,嘉定校区,2023(自动化 10024),0,1,16,周远强(24503) 星期日1-2节 [1-16] 不排教室
EIE452301,计算机体系结构与处理器设计,2,,李俊,13088,,专业选修课,中文,嘉定校区,"2023(微电子科学与工程 10007),2025(微电子科学与工程(二学位) 10068)",0,1,16,李俊(13088) 星期日1-2节 [1-16] 不排教室
EIE452401,系统辨识,2,,李俨,20167,,专业选修课,中文,嘉定校区,2023(自动化 10024),0,1,16,李俨(20167) 星期六10-10节 [1-16] 不排教室
EIE230801,电工学（电工技术）,2,,贾晓玲,05033,,专业基础课,中文,四平路校区,"2025(建筑环境与能源应用工程 02011),2025(飞行器制造工程(精英班) 09021),2025(机械设计制造及其自动化(精英班) 09026),2025(智能制造工程(精英班) 09028),2025(能源与动力工程(精英班) 09029),2025(建筑环境与能源应用工程(精英班) 09030),2025(海洋科学与技术 31027)",0,1,16,贾晓玲(05033) 星期一1-2节 [1-16] 南217
EIE230802,电工学（电工技术）,2,,郎玉峰,97712,,专业选修课,中文,沪西校区,2025(康复物理治疗 14056),0,1,16,郎玉峰(97712) 星期五3-4节 [1-16] 沪西二教310智慧教室(小)
EIE230804,电工学（电工技术）,2,,贾晓玲,05033,,专业基础课,中文,嘉定校区,"2025(中德机械工程与机器人(创新实验区) 04004),2025(能源与动力工程 04024),2025(能源与动力工程(应用化学双学士学位) 04065)",0,1,16,贾晓玲(05033) 星期五3-4节 [1-16] 安楼A214
EIE230803,电工学（电工技术）,2,,王晶晶,98728,,专业基础课,中文,嘉定校区,"2025(智能制造工程 04009),2025(机械设计制造及其自动化 04034)",0,1,16,王晶晶(98728) 星期四3-4节 [1-16] 博楼B110
EIE230805,电工学（电工技术）,2,,申朝旭,97708,,专业基础课,中文,嘉定校区,"2025(智能制造工程 04009),2025(机械设计制造及其自动化 04034)",0,1,16,申朝旭(97708) 星期四3-4节 [1-16] 博楼B112
EIE341601,传感器与信息融合,2,,"李雪峰,李刚","13094,18616",",",专业必修课,中文,四平路校区,2024(智能建造 03005),0,1,16,李雪峰(13094) 星期二3-4节 [1-11] 南209 李刚(18616) 星期二3-4节 [12-16] 南209
EIE230901,电工学（电工技术）B,2,,"顾榕,王小毅","06098,23511",",null",专业基础课,中文,四平路校区,"2025(环境工程 05014),2025(给排水科学与工程 05024),2025(环境工程(数学与应用数学双学士学位) 05035),2025(环境工程(精英班) 09024),2025(给排水科学与工程(精英班) 09025)",0,1,16,王小毅(23511) 星期四3-4节 [1 16] 南317 顾榕(06098) 星期四3-4节 [2-15] 南317
EIE000602,智能制造与智能工厂概论,2,,陆剑峰,01057,,工程能力与创新思维,中文,嘉定校区,,0,1,12,陆剑峰(01057) 星期三9-10节 [1-12] 博楼B112
EIE353402,算法,3,,张长柱,13528,,专业选修课,中文,嘉定校区,"2024(人工智能(精英班) 09018),2024(人工智能 10008),2024(自动化 10024)",0,1,16,张长柱(13528) 星期六10-11节 [1-16] 不排教室
EIE353503,信号处理与智能感知,3,,李蓉艳,07142,,专业选修课,中文,嘉定校区,"2024(人工智能(精英班) 09018),2024(人工智能 10008),2024(自动化 10024),2025(人工智能(二学位) 10066)",0,1,16,李蓉艳(07142) 星期一7-8节 [2-16双] 安楼A316 李蓉艳(07142) 星期三5-6节 [1-16] 安楼A316
EIE452502,深度学习,2,,"蒋磊,范睿","03168,21530",",",专业选修课,中文,嘉定校区,"2023(人工智能(精英班) 09018),2023(人工智能 10008),2023(自动化 10024),2023(通信工程 10054),2023(电子信息工程(国际班) 10080),2025(人工智能(二学位) 10066)",0,1,16,范睿(21530) 星期四5-6节 [1-11 16] 博楼B204 蒋磊(03168) 星期四5-6节 [12-15] 博楼B204
EIE452503,深度学习,2,,李俨,20167,,专业选修课,中文,四平路校区,2023(艺术设计学(人工智能双学士学位) 55094),0,1,16,李俨(20167) 星期四5-6节 [1-16] 南316
EIE452501,深度学习,2,,"史淼晶,岳子杰","23001,25142",",",专业选修课,中文,嘉定校区,"2023(人工智能(精英班) 09018),2023(人工智能 10008),2023(自动化 10024),2023(通信工程 10054),2023(电子信息工程(国际班) 10080),2025(人工智能(二学位) 10066)",0,1,16,史淼晶(23001) 星期三7-8节 [1-8] 博楼B410 岳子杰(25142) 星期三7-8节 [9-16] 博楼B410
EIE361301,智能芯片与系统实践,3,,蒋磊,03168,,实践环节课程,中文,嘉定校区,"2024(自动化(精英班) 09016),2024(人工智能(精英班) 09018),2024(人工智能 10008),2024(自动化 10024),2025(人工智能(二学位) 10066)",0,1,16,蒋磊(03168) 星期一1-2节 [1-15单] 复楼F104 蒋磊(03168) 星期四7-8节 [1-16] 复楼F104
EIE361302,智能芯片与系统实践,3,,徐和根,08161,,实践环节课程,中文,嘉定校区,"2024(自动化(精英班) 09016),2024(人工智能(精英班) 09018),2024(人工智能 10008),2024(自动化 10024),2025(人工智能(二学位) 10066)",0,1,16,徐和根(08161) 星期一1-2节 [1-15单] 广楼G209 徐和根(08161) 星期四7-8节 [1-16] 广楼G209
EIE341701,反馈控制理论,4,,李俨,20167,,个性化课程,中文,四平路校区,2024(应用化学(强基计划) 09002),0,1,16,李俨(20167) 星期日1-4节 [1-16] 不排教室
EIE341702,反馈控制理论,4,,"赵霞,许维胜","03201,96018",",",专业必修课,中文,嘉定校区,"2024(人工智能(精英班) 09018),2024(人工智能 10008)",0,1,16,许维胜(96018) 星期二3-4节 [13-16] 博楼B110 赵霞(03201) 星期二3-4节 [1-12] 博楼B110 许维胜(96018) 星期四1-2节 [13-16] 博楼B110 赵霞(03201) 星期四1-2节 [1-12] 博楼B110
EIE341703,反馈控制理论,4,,于青云,24158,,专业必修课,中文,嘉定校区,"2024(人工智能(精英班) 09018),2024(人工智能 10008)",0,1,16,于青云(24158) 星期二3-4节 [1-16] 博楼B210 于青云(24158) 星期四1-2节 [1-16] 博楼B210
EIE452601,自然语言处理与理解,2,,叶伟,20526,null,专业选修课,中文,嘉定校区,2023(人工智能 10008),0,1,16,叶伟(20526) 星期四3-4节 [1-16] 博楼B114
EIE353602,博弈论,2,,"洪奕光,梁舒","19867,21503",",null",个性化课程,中文,嘉定校区,"2024(数据科学与大数据技术 10005),2024(人工智能 10008),2024(计算机科学与技术 10014),2024(自动化 10024),2024(信息安全 10064),2025(人工智能(二学位) 10066)",0,1,16,洪奕光(19867) 星期四5-6节 [1-8] 博楼B110 梁舒(21503) 星期四5-6节 [9-16] 博楼B110
EIE452701,强化学习,2,,周远强,24503,null,专业选修课,中文,嘉定校区,2023(人工智能 10008),0,1,16,周远强(24503) 星期二3-4节 [1-16] 博楼B101
EIE452702,强化学习,2,,周远强,24503,null,专业选修课,中文,四平路校区,2023(艺术设计学(人工智能双学士学位) 55094),0,1,16,周远强(24503) 星期三3-4节 [1-16] 北218
EIE330701,计算机原理与技术,3,,梅萌,00789,,专业基础课,中文,嘉定校区,"2024(通信工程 10054),2024(电子信息工程(国际班) 10080)",0,1,16,梅萌(00789) 星期二3-4节 [1-16] 广楼G307 梅萌(00789) 星期四3-4节 [1-15单] 广楼G307
EIE330702,计算机原理与技术,3,,王超,13128,,专业基础课,英语,嘉定校区,"2024(通信工程 10054),2024(电子信息工程(国际班) 10080)",0,9,16,王超(13128) 星期日1-6节 [9-16] 学院教室
EIE452901,虚拟现实与增强现实,2,,李俨,20167,,专业选修课,中文,嘉定校区,2023(人工智能 10008),0,1,16,李俨(20167) 星期六5-6节 [1-16] 不排教室
EIE000901,大数据与人工智能,2,,余有灵,04003,,工程能力与创新思维,中文,四平路校区,,0,1,12,余有灵(04003) 星期四9-10节 [1-12] 南217
EIE001001,机器人与自动化,1,,"张伟,李莉,王峻,陈虹,董海荣,陈启军,乔非,岳继光","05003,05006,10027,19029,25178,90055,93050,98111",",,,,null,,,",工程能力与创新思维,中文,四平路校区,,0,1,8,陈虹(19029) 星期一9-10节 [7] 衷和楼201 王峻(10027) 星期一9-10节 [3] 衷和楼201 李莉(05006) 星期一9-10节 [4] 衷和楼201 乔非(93050) 星期一9-10节 [5] 衷和楼201 陈启军(90055) 星期一9-10节 [2] 衷和楼201 岳继光(98111) 星期一9-10节 [6] 衷和楼201 张伟(05003) 星期一9-10节 [8] 衷和楼201 董海荣(25178) 星期一9-10节 [1] 衷和楼201
EIE250401,机械基础,3,,"陆剑峰,沈润杰","01057,11132",",",专业选修课,中文,嘉定校区,2025(自动化 10024),0,1,16,陆剑峰(01057) 星期一9-11节 [9-16] 博楼B110 沈润杰(11132) 星期一9-11节 [1-8] 博楼B110
EIE001202,人工智能+机器人实践入门,2,,张志明,04057,,工程能力与创新思维,中文,嘉定校区,,0,1,12,张志明(04057) 星期四9-10节 [1-12] 博楼B111
EIE454401,建筑电气,2,,李俨,20167,,专业选修课,中文,嘉定校区,2023(自动化 10024),0,1,16,李俨(20167) 星期六11-11节 [1-16] 不排教室
EIE453101,多智能体系统,2,,程斌,21009,,专业选修课,中文,嘉定校区,"2023(人工智能 10008),2023(自动化 10024),2025(人工智能(二学位) 10066)",0,1,16,程斌(21009) 星期日3-4节 [1-16] 不排教室
EIE353901,网络科学导论,2,,张长柱,13528,,专业选修课,中文,嘉定校区,"2024(人工智能 10008),2024(自动化 10024)",0,1,16,张长柱(13528) 星期日1-2节 [1-16] 不排教室
EIE453201,群体智能,2,,张长柱,13528,,专业选修课,中文,嘉定校区,2023(人工智能 10008),0,1,16,张长柱(13528) 星期日11-11节 [1-16] 不排教室
EIE001402,区块链导论,2,,马小峰,11146,,工程能力与创新思维,中文,嘉定校区,,0,1,12,马小峰(11146) 星期一9-10节 [1-12] 安楼A205
EIE330801,人工智能概论,2,,顾榕,06098,,专业基础课,中文,四平路校区,2024(测绘工程 03044),0,1,16,顾榕(06098) 星期四5-6节 [1-16] 衷和楼201
EIE232301,电路与电子技术,4,,"张文豪,朱琴跃","10137,92761",",",领域基础课,中文,四平路校区,"2025(卓越计划班（智慧空间） 09102),2025(卓越计划班（工程互联网） 09103),2025(卓越计划班（智能网联车辆） 09105)",0,1,16,张文豪(10137) 星期五3-6节 [9-16] 瑞安楼阶1 朱琴跃(92761) 星期五3-6节 [1-8] 瑞安楼阶1
EIE232302,电路与电子技术,4,,赵亚辉,97748,,领域基础课,中文,四平路校区,"2025(卓越计划班（智慧空间） 09102),2025(卓越计划班（工程互联网） 09103),2025(卓越计划班（智能网联车辆） 09105)",0,1,16,赵亚辉(97748) 星期五3-6节 [1-16] 衷和楼201
EIE232303,电路与电子技术,4,,黄世泽,14034,,领域基础课,中文,四平路校区,"2025(卓越计划班（智慧空间） 09102),2025(卓越计划班（工程互联网） 09103),2025(卓越计划班（智能网联车辆） 09105)",0,1,16,黄世泽(14034) 星期五3-6节 [1-16] 北413
EIE232304,电路与电子技术,4,,"顾榕,武超","06098,16509",",",领域基础课,中文,四平路校区,"2025(卓越计划班（智慧空间） 09102),2025(卓越计划班（工程互联网） 09103),2025(卓越计划班（智能网联车辆） 09105)",0,1,16,武超(16509) 星期五3-6节 [9-16] 衷和楼203 顾榕(06098) 星期五3-6节 [1-8] 衷和楼203
EIE232305,电路与电子技术,4,,潘登,08080,,领域基础课,中文,四平路校区,"2025(卓越计划班（智慧空间） 09102),2025(卓越计划班（工程互联网） 09103),2025(卓越计划班（智能网联车辆） 09105)",0,1,16,潘登(08080) 星期五3-6节 [1-16] 北313
EIE232306,电路与电子技术,4,,吴翔,25266,null,领域基础课,中文,四平路校区,2025(卓越计划班（机器人） 09104),0,1,16,吴翔(25266) 星期一7-8节 [1-16] 北112 吴翔(25266) 星期五5-6节 [1-16] 北112
EIE232307,电路与电子技术,4,,麦瑞坤,25256,null,领域基础课,中文,四平路校区,2025(卓越计划班（机器人） 09104),0,1,16,麦瑞坤(25256) 星期一7-8节 [1-16] 北117 麦瑞坤(25256) 星期五5-6节 [1-16] 北117
EIE260201,电路实验,2,,陆炜江,95818,,实践环节课程,中文,嘉定校区,2025(微电子科学与工程 10007),0,1,16,陆炜江(95818) 星期一5-6节 [1-16] 华楼H405
EIE260202,电路实验,2,,王翠霞,02070,,实践环节课程,中文,四平路校区,"2025(电气工程及其自动化(精英班) 09015),2025(自动化(精英班) 09016),2025(人工智能(精英班) 09018)",0,1,16,王翠霞(02070) 星期一7-8节 [1-16] 阜新路电工电子实验中心111室
EIE260203,电路实验,2,,李翠玲,17038,,实践环节课程,中文,四平路校区,2025(人工智能(精英班) 09018),0,1,16,李翠玲(17038) 星期三3-4节 [1-16] 阜新路电工电子实验中心111室
EIE260204,电路实验,2,,陆炜江,95818,,实践环节课程,中文,嘉定校区,,0,1,16,陆炜江(95818) 星期四3-4节 [1-16] 华楼H405
EIE260205,电路实验,2,,陆炜江,95818,,实践环节课程,中文,嘉定校区,"2025(微电子科学与工程 10007),2025(通信工程 10054)",0,1,16,陆炜江(95818) 星期五1-2节 [1-16] 华楼H405
EIE260206,电路实验,2,,陆炜江,95818,,实践环节课程,中文,嘉定校区,"2025(人工智能 10008),2025(自动化 10024)",0,1,16,陆炜江(95818) 星期五3-4节 [1-16] 华楼H405
EIE260207,电路实验,2,,陈瑾,95817,,实践环节课程,中文,嘉定校区,"2025(电气工程及其自动化 10044),2025(电子信息工程(国际班) 10080)",0,1,16,陈瑾(95817) 星期三7-8节 [1-16] 华楼H405
EIE260208,电路实验,2,,陈瑾,95817,,实践环节课程,中文,嘉定校区,2025(自动化 10024),0,1,16,陈瑾(95817) 星期三1-2节 [1-16] 华楼H413
EIE260209,电路实验,2,,陈瑾,95817,,实践环节课程,中文,嘉定校区,2025(通信工程 10054),0,1,16,陈瑾(95817) 星期四5-6节 [1-16] 华楼H405
EIE260210,电路实验,2,,陈瑾,95817,,实践环节课程,中文,嘉定校区,2025(人工智能(拔尖班) 10082),0,1,16,陈瑾(95817) 星期四7-8节 [1-16] 华楼H405
EIE260211,电路实验,2,,陈瑾,95817,,实践环节课程,中文,嘉定校区,2025(人工智能(拔尖班) 10082),0,1,16,陈瑾(95817) 星期一7-8节 [1-16] 华楼H405
EIE260212,电路实验,2,,沙睿芝,24666545,null,实践环节课程,中文,嘉定校区,2025(微电子科学与工程 10007),0,1,16,沙睿芝(24666545) 星期一5-6节 [1-16] 华楼H413
EIE260213,电路实验,2,,沙睿芝,24666545,null,实践环节课程,中文,嘉定校区,,0,1,16,沙睿芝(24666545) 星期四3-4节 [1-16] 华楼H413
EIE260214,电路实验,2,,沙睿芝,24666545,null,实践环节课程,中文,嘉定校区,"2025(人工智能 10008),2025(自动化 10024)",0,1,16,沙睿芝(24666545) 星期五3-4节 [1-16] 华楼H413
EIE260215,电路实验,2,,沙睿芝,24666545,null,实践环节课程,中文,嘉定校区,"2025(电气工程及其自动化 10044),2025(电子信息工程(国际班) 10080)",0,1,16,沙睿芝(24666545) 星期三7-8节 [1-16] 华楼H413
EIE260216,电路实验,2,,易俊,92803,,实践环节课程,中文,嘉定校区,2025(通信工程 10054),0,1,16,易俊(92803) 星期四5-6节 [1-16] 华楼H413
EIE260217,电路实验,2,,易俊,92803,,实践环节课程,中文,嘉定校区,2025(微电子科学与工程(应用物理学双学士学位) 10078),0,1,16,易俊(92803) 星期二3-4节 [1-16] 华楼H413
EIE260218,电路实验,2,,易俊,92803,,实践环节课程,中文,嘉定校区,"2025(电气工程及其自动化 10044),2025(人工智能(拔尖班) 10082)",0,1,16,易俊(92803) 星期二1-2节 [1-16] 华楼H413
EIE260219,电路实验,2,,易俊,92803,,实践环节课程,中文,嘉定校区,2025(人工智能(拔尖班) 10082),0,1,16,易俊(92803) 星期一7-8节 [1-16] 华楼H413
EIE260220,电路实验,2,,胡明忠,91427,,实践环节课程,中文,嘉定校区,"2025(电气工程及其自动化 10044),2025(人工智能(拔尖班) 10082)",0,1,16,胡明忠(91427) 星期二1-2节 [1-16] 华楼H405
EIE260221,电路实验,2,,胡明忠,91427,,实践环节课程,中文,嘉定校区,2025(微电子科学与工程(应用物理学双学士学位) 10078),0,1,16,胡明忠(91427) 星期二3-4节 [1-16] 华楼H405
EIE260222,电路实验,2,,蔚瑞华,12081,,实践环节课程,中文,嘉定校区,2025(车辆工程 43002),0,1,16,蔚瑞华(12081) 星期三3-4节 [1-16] 华楼H413
EIE260223,电路实验,2,,蔚瑞华,12081,,实践环节课程,中文,嘉定校区,2025(车辆工程 43002),0,1,16,蔚瑞华(12081) 星期三5-6节 [1-16] 华楼H413
EIE260224,电路实验,2,,徐志宇,12063,,实践环节课程,中文,嘉定校区,2025(人工智能(拔尖班) 10082),0,1,16,徐志宇(12063) 星期四7-8节 [1-16] 华楼H413
EIE260225,电路实验,2,,周伟,00792,,实践环节课程,中文,四平路校区,2025(人工智能(精英班) 09018),0,1,16,周伟(00792) 星期三9-10节 [1-16] 阜新路电工电子实验中心111室
EIE260226,电路实验,2,,胡明忠,91427,,实践环节课程,中文,嘉定校区,"2025(微电子科学与工程 10007),2025(通信工程 10054)",0,1,16,胡明忠(91427) 星期五1-2节 [1-16] 华楼H413
EIE260227,电路实验,2,,江楠,22108,,实践环节课程,中文,嘉定校区,2025(自动化 10024),0,1,16,江楠(22108) 星期三1-2节 [1-16] 华楼H405
EIE260228,电路实验,2,,江楠,22108,,实践环节课程,中文,嘉定校区,,0,1,16,江楠(22108) 星期三3-4节 [1-16] 华楼H405
EIE260229,电路实验,2,,李翠玲,17038,,实践环节课程,中文,嘉定校区,2025(人工智能 10008),0,1,16,李翠玲(17038) 星期一3-4节 [1-16] 华楼H413
EIE260230,电路实验,2,,陈瑾,95817,,实践环节课程,中文,嘉定校区,2025(人工智能 10008),0,1,16,陈瑾(95817) 星期一3-4节 [1-16] 华楼H405
EIE260231,电路实验,2,,沙睿芝,24666545,null,实践环节课程,中文,嘉定校区,,0,1,16,沙睿芝(24666545) 星期三5-6节 [1-16] 华楼H413
EIE231201,模拟电子技术,3,,刘芳,05126,,专业基础课,英语,嘉定校区,"2025(微电子科学与工程 10007),2025(自动化 10024),2025(电气工程及其自动化 10044),2025(通信工程 10054),2025(微电子科学与工程(应用物理学双学士学位) 10078),2025(电子信息工程(国际班) 10080)",0,1,16,刘芳(05126) 星期一3-4节 [1-16] 博楼B301 刘芳(05126) 星期三3-4节 [1-15单] 博楼B301
EIE231202,模拟电子技术,3,,霍勇,91783,,专业基础课,中文,嘉定校区,"2025(微电子科学与工程 10007),2025(微电子科学与工程(应用物理学双学士学位) 10078)",0,1,16,霍勇(91783) 星期一3-4节 [1-16] 安楼A314 霍勇(91783) 星期三3-4节 [1-15单] 安楼A314
EIE231203,模拟电子技术,3,,陈勇臻,18633,,专业基础课,中文,嘉定校区,2025(通信工程 10054),0,1,16,陈勇臻(18633) 星期一3-4节 [1-16] 安楼A306 陈勇臻(18633) 星期三3-4节 [1-15单] 安楼A306
EIE231205,模拟电子技术,3,,"张文豪,易延","10137,95829",",",专业基础课,中文,嘉定校区,2025(自动化 10024),0,1,16,张文豪(10137) 星期一3-4节 [1-8] 安楼A208 易延(95829) 星期一3-4节 [9-16] 安楼A208 张文豪(10137) 星期三3-4节 [1-7单] 安楼A208 易延(95829) 星期三3-4节 [9-15单] 安楼A208
EIE231206,模拟电子技术,3,,袁登科,06085,,专业基础课,中文,嘉定校区,2025(电气工程及其自动化 10044),0,1,16,袁登科(06085) 星期一3-4节 [1-16] 安楼A316 袁登科(06085) 星期三3-4节 [1-15单] 安楼A316
EIE231301,数字电子技术,3,,赵亚辉,97748,,专业基础课,中文,四平路校区,"2025(电气工程及其自动化(精英班) 09015),2025(自动化(精英班) 09016),2025(通信工程(精英班) 09017),2025(人工智能(精英班) 09018),2025(微电子科学与工程(精英班) 09019)",0,1,16,赵亚辉(97748) 星期二3-4节 [1-16] 北410 赵亚辉(97748) 星期四1-2节 [1-15单] 北410
EIE341901,电力电子技术,3,,王汉卿,21154,,专业必修课,英语,嘉定校区,"2024(电气工程及其自动化(精英班) 09015),2024(电气工程及其自动化 10044),2025(电气工程及其自动化(二学位) 10067)",0,1,16,王汉卿(21154) 星期四9-11节 [1-16] 安楼A106
EIE341902,电力电子技术,3,,钱挺,13120,,专业必修课,中文,嘉定校区,"2024(电气工程及其自动化(精英班) 09015),2024(电气工程及其自动化 10044),2025(电气工程及其自动化(二学位) 10067)",0,1,16,钱挺(13120) 星期四9-11节 [1-16] 安楼A406
EIE470201,电气照明,2,,张长柱,13528,,专业选修课,中文,嘉定校区,"2023(人工智能 10008),2023(自动化 10024)",0,1,16,张长柱(13528) 星期六3-4节 [1-16] 不排教室
EIE342002,高频电子线路,2,,王超,13128,,专业必修课,中文,嘉定校区,"2024(通信工程(精英班) 09017),2024(自动化 10024),2024(通信工程 10054),2024(电子信息工程(国际班) 10080)",0,1,16,王超(13128) 星期一5-6节 [1-16] 博楼B216
EIE342001,高频电子线路,2,,孟淼,20527,null,专业必修课,英语,嘉定校区,"2024(微电子科学与工程(精英班) 09019),2024(微电子科学与工程 10007),2024(自动化 10024),2024(微电子科学与工程(应用物理学双学士学位) 10078),2025(微电子科学与工程(二学位) 10068)",0,1,16,孟淼(20527) 星期一7-8节 [1-16] 广楼G304
EIE342003,高频电子线路,2,,李卒星,20030,,专业必修课,中文,嘉定校区,"2024(通信工程(精英班) 09017),2024(自动化 10024),2024(通信工程 10054),2024(电子信息工程(国际班) 10080)",0,1,16,李卒星(20030) 星期一7-8节 [1-16] 博楼B214
EIE231501,电磁场与电磁波,3,,"金立军,胡波","02143,74713",",",专业基础课,中文,嘉定校区,2025(电气工程及其自动化 10044),0,1,16,胡波(74713) 星期一1-2节 [1-8 10-16] 安楼A216 金立军(02143) 星期一1-2节 [9] 安楼A216 金立军(02143) 星期四3-4节 [9] 安楼A216 胡波(74713) 星期四3-4节 [1-7单 11-15单] 安楼A216
EIE354102,自动控制原理B,2,,姚静,07080,,专业必修课,中文,嘉定校区,"2024(通信工程 10054),2024(电子信息工程(国际班) 10080),2024(商用大飞机校企联合人才培养创新模式实验班 45003),2024(工程力学 45014),2024(飞行器制造工程 45024),2024(基础学科拔尖基地(力学) 45092)",0,1,16,姚静(07080) 星期一3-4节 [1-16] 广楼G304
EIE354202,网络综合原理,2,,刘芳,05126,,专业选修课,中文,嘉定校区,"2024(微电子科学与工程(精英班) 09019),2024(微电子科学与工程 10007),2024(微电子科学与工程(应用物理学双学士学位) 10078),2025(微电子科学与工程(二学位) 10068)",0,1,16,刘芳(05126) 星期一1-2节 [1-16] 安楼A204
EIE260301,电子技术实验,2,,周伟,00792,,专业选修课,中文,四平路校区,"2024(海洋科学(强基计划) 09047),2024(基础学科拔尖班(海洋) 31005)",0,1,16,周伟(00792) 星期日7-8节 [1-16] 不排教室
EIE130001,电路理论,4,,史万周,96824,,专业基础课,中文,四平路校区,"2025(电气工程及其自动化(精英班) 09015),2025(自动化(精英班) 09016),2025(通信工程(精英班) 09017),2025(人工智能(精英班) 09018),2025(微电子科学与工程(精英班) 09019),2025(交通工程(精英班) 09036),2025(交通运输(精英班) 09037),2025(车辆工程(精英班) 09040),2025(光电信息科学与工程(精英班) 09046),2025(车辆工程(汽车精英班) 09048)",0,1,16,史万周(96824) 星期三1-2节 [1-16] 瑞安楼阶3 史万周(96824) 星期五3-4节 [1-16] 瑞安楼阶3
EIE130003,电路理论,4,,史万周,96824,副教授,专业基础课,中文,嘉定校区,2025(人工智能(拔尖班) 10082),0,1,16,史万周(96824) 星期一1-4节 [1-16] 安楼A406
EIE130002,电路理论,4,,"胡波,朱琴跃","74713,92761",",",专业基础课,中文,嘉定校区,,0,1,16,朱琴跃(92761) 星期五3-6节 [9-16] 广楼G204 胡波(74713) 星期五3-6节 [1-8] 广楼G204
EIE453301,智能控制,2,,朱芳来,07108,,专业选修课,中文,嘉定校区,"2023(微电子科学与工程 10007),2023(人工智能 10008),2023(自动化 10024),2023(通信工程 10054),2023(电子信息工程(国际班) 10080),2023(交通工程 15014),2025(微电子科学与工程(二学位) 10068)",0,1,16,朱芳来(07108) 星期五3-4节 [1-16] 博楼B206
EIE354601,数字信号处理(B),2,,李俊,13088,,任选课程,中文,嘉定校区,2024(微电子科学与工程(精英班) 09019),0,1,16,李俊(13088) 星期六3-4节 [1-16] 不排教室
EIE354602,数字信号处理(B),2,,李俊,13088,,专业选修课,中文,嘉定校区,2024(电子信息工程(国际班) 10080),0,1,16,李俊(13088) 星期六9-10节 [1-16] 不排教室
EIE354603,数字信号处理(B),2,,林澜,06123,,专业选修课,中文,嘉定校区,"2024(微电子科学与工程 10007),2024(微电子科学与工程(应用物理学双学士学位) 10078),2025(微电子科学与工程(二学位) 10068)",0,1,16,林澜(06123) 星期五1-2节 [1-16] 博楼B212
EIE354701,微波技术,2,,张长柱,13528,,专业选修课,中文,嘉定校区,2023(自动化 10024),0,1,16,张长柱(13528) 星期六7-8节 [1-16] 不排教室
EIE342301,电机学,4,,何天然,22183,,专业必修课,中文,嘉定校区,2024(电气工程及其自动化(精英班) 09015),0,1,16,何天然(22183) 星期五5-8节 [1-16] 智信馆380
EIE453501,网络管理技术,2,,韩春梅,98710,,专业选修课,中文,嘉定校区,"2023(微电子科学与工程 10007),2023(通信工程 10054),2023(电子信息工程(国际班) 10080),2025(微电子科学与工程(二学位) 10068)",0,1,16,韩春梅(98710) 星期一1-2节 [1-16] 安楼A109
EIE453601,现代通信与信息技术,2,,陈耀,94415,,专业选修课,中文,嘉定校区,"2023(数据科学与大数据技术 10005),2023(微电子科学与工程 10007),2023(人工智能 10008),2023(计算机科学与技术 10014),2023(自动化 10024),2023(电气工程及其自动化 10044),2023(通信工程 10054),2023(信息安全 10064),2023(电子信息工程(国际班) 10080),2023(交通工程 15014),2025(微电子科学与工程(二学位) 10068)",0,1,16,陈耀(94415) 星期日9-10节 [1-16] 不排教室
EIE453701,网络与信息安全技术,2,,李志鹏,07082,,专业选修课,中文,嘉定校区,"2023(微电子科学与工程 10007),2023(通信工程 10054),2023(电子信息工程(国际班) 10080),2025(微电子科学与工程(二学位) 10068)",0,1,16,李志鹏(07082) 星期一9-10节 [1-16] 安楼A206
EIE260401,电子技术实验(上),1,,江楠,22108,,实践环节课程,中文,嘉定校区,"2025(自动化 10024),2025(微电子科学与工程(应用物理学双学士学位) 10078)",0,9,16,江楠(22108) 星期五5-6节 [9-16] 华楼412
EIE260402,电子技术实验(上),1,,江楠,22108,,实践环节课程,中文,嘉定校区,2025(通信工程 10054),0,9,16,江楠(22108) 星期二3-4节 [9-16] 华楼412
EIE260403,电子技术实验(上),1,,李翠玲,17038,,实践环节课程,中文,嘉定校区,"2025(微电子科学与工程 10007),2025(自动化 10024),2025(通信工程 10054)",0,9,16,李翠玲(17038) 星期五3-4节 [9-16] 华楼410
EIE260404,电子技术实验(上),1,,李翠玲,17038,,实践环节课程,中文,嘉定校区,"2025(微电子科学与工程 10007),2025(电气工程及其自动化 10044),2025(电子信息工程(国际班) 10080)",0,9,16,李翠玲(17038) 星期一5-6节 [9-16] 华楼410
EIE260405,电子技术实验(上),1,,张鑫,16046,,实践环节课程,中文,嘉定校区,"2025(微电子科学与工程 10007),2025(电气工程及其自动化 10044),2025(电子信息工程(国际班) 10080)",0,9,16,张鑫(16046) 星期一5-6节 [9-16] 华楼412
EIE260406,电子技术实验(上),1,,张鑫,16046,,实践环节课程,中文,嘉定校区,"2025(微电子科学与工程 10007),2025(自动化 10024),2025(通信工程 10054)",0,9,16,张鑫(16046) 星期五3-4节 [9-16] 华楼412
EIE260407,电子技术实验(上),1,,李翠玲,17038,,实践环节课程,中文,嘉定校区,"2025(自动化 10024),2025(微电子科学与工程(应用物理学双学士学位) 10078)",0,9,16,李翠玲(17038) 星期五5-6节 [9-16] 华楼410
EIE357402,数字信号处理,2,,周俊鹤,08162,,专业选修课,英语,嘉定校区,"2024(微电子科学与工程(精英班) 09019),2024(微电子科学与工程 10007),2024(微电子科学与工程(应用物理学双学士学位) 10078),2024(电子信息工程(国际班) 10080),2025(微电子科学与工程(二学位) 10068)",0,9,16,周俊鹤(08162) 星期五5-8节 [9-16] 博楼B103
EIE231901,数据结构,2,,李王明卉,24106,,专业基础课,中文,四平路校区,"2025(自动化(精英班) 09016),2025(通信工程(精英班) 09017),2025(人工智能(精英班) 09018),2025(微电子科学与工程(精英班) 09019),2025(艺术设计学(人工智能双学士学位) 55094)",0,1,16,李王明卉(24106) 星期一1-2节 [1-16] 南313
EIE231902,数据结构,2,,史万周,96824,,专业选修课,中文,嘉定校区,2025(电气工程及其自动化 10044),0,1,16,史万周(96824) 星期三5-6节 [1-16] 安楼A214
EIE231903,数据结构,2,,尤鸣宇,09082,,专业基础课,中文,嘉定校区,"2025(自动化 10024),2025(通信工程 10054),2025(微电子科学与工程(应用物理学双学士学位) 10078),2025(电子信息工程(国际班) 10080),2025(人工智能(拔尖班) 10082)",0,1,16,尤鸣宇(09082) 星期三5-6节 [1-16] 广楼G304
EIE231904,数据结构,2,,李王明卉,24106,,专业基础课,中文,嘉定校区,"2025(自动化 10024),2025(通信工程 10054),2025(微电子科学与工程(应用物理学双学士学位) 10078),2025(电子信息工程(国际班) 10080),2025(人工智能(拔尖班) 10082)",0,1,16,李王明卉(24106) 星期三5-6节 [1-16] 复楼F202
EIE231905,数据结构,2,,黄逸,20143,,专业基础课,中文,嘉定校区,"2025(微电子科学与工程 10007),2025(人工智能 10008)",0,1,16,黄逸(20143) 星期五7-8节 [1-16] 复楼F213
EIE342602,数字信号处理,3,,方稳,24181,,专业必修课,中文,嘉定校区,"2024(通信工程(精英班) 09017),2024(通信工程 10054),2024(电子信息工程(国际班) 10080)",0,1,16,方稳(24181) 星期三9-11节 [1-16] 安楼A206
EIE342601,数字信号处理,3,,王睿,14183,,专业必修课,中英,嘉定校区,"2024(通信工程(精英班) 09017),2024(通信工程 10054),2024(电子信息工程(国际班) 10080)",0,1,16,王睿(14183) 星期三9-11节 [1-16] 安楼A405
EIE342701,自动控制原理,6,,"刘成菊,李俨","14004,20167",",",专业必修课,中文,嘉定校区,"2024(自动化(精英班) 09016),2024(自动化 10024)",0,1,16,李俨(20167) 星期三9-11节 [1-11] 安楼A105 刘成菊(14004) 星期三9-11节 [12-16] 安楼A105 李俨(20167) 星期五9-11节 [1-11] 安楼A105 刘成菊(14004) 星期五9-11节 [12-16] 安楼A105
EIE250701,数学建模,2,,"李莉,于青云","05006,24158",",",专业选修课,中文,嘉定校区,"2025(人工智能 10008),2025(自动化 10024)",0,1,16,于青云(24158) 星期一1-2节 [9-16] 安楼A408 李莉(05006) 星期一1-2节 [1-8] 安楼A408
EIE453801,机器人与机电控制系统,3,,许春权,13143,,专业选修课,中文,嘉定校区,2023(自动化 10024),0,1,16,许春权(13143) 星期二3-4节 [1-16] 博楼B214 许春权(13143) 星期四7-8节 [2-16双] 博楼B214
EIE355301,信息工程项目概论,2,,唐小伟,22203,,专业选修课,中文,嘉定校区,"2023(通信工程 10054),2023(电子信息工程(国际班) 10080)",0,1,16,唐小伟(22203) 星期二3-4节 [1-16] 安楼A208
EIE342803,通信原理,3,,Jose Rodriguez Pineiro,20023,,专业必修课,英语,嘉定校区,"2024(通信工程(精英班) 09017),2024(微电子科学与工程(精英班) 09019),2024(微电子科学与工程 10007),2024(通信工程 10054),2024(微电子科学与工程(应用物理学双学士学位) 10078),2024(电子信息工程(国际班) 10080),2025(微电子科学与工程(二学位) 10068)",0,1,16,Jose Rodriguez Pineiro(20023) 星期三3-4节 [2-16双] 诚楼C412 Jose Rodriguez Pineiro(20023) 星期五3-4节 [1-16] 诚楼C412
EIE342801,通信原理,3,,王俊元,20510,null,专业必修课,中英,嘉定校区,"2024(通信工程(精英班) 09017),2024(微电子科学与工程(精英班) 09019),2024(微电子科学与工程 10007),2024(通信工程 10054),2024(微电子科学与工程(应用物理学双学士学位) 10078),2024(电子信息工程(国际班) 10080),2025(微电子科学与工程(二学位) 10068)",0,1,16,王俊元(20510) 星期三3-4节 [2-16双] 博楼B303 王俊元(20510) 星期五3-4节 [1-16] 博楼B303
EIE342802,通信原理,3,,刘燕,22192,,专业必修课,中英,嘉定校区,"2024(通信工程(精英班) 09017),2024(微电子科学与工程(精英班) 09019),2024(微电子科学与工程 10007),2024(通信工程 10054),2024(微电子科学与工程(应用物理学双学士学位) 10078),2024(电子信息工程(国际班) 10080),2025(微电子科学与工程(二学位) 10068)",0,1,16,刘燕(22192) 星期三3-4节 [2-16双] 博楼B203 刘燕(22192) 星期五3-4节 [1-16] 博楼B203
EIE250901,高级程序语言设计（英）,3,,刘春梅,06102,,专业选修课,英语,嘉定校区,2025(电子信息工程(国际班) 10080),0,9,16,刘春梅(06102) 星期二1-3节 [9-16] 安楼A402 刘春梅(06102) 星期四1-3节 [9-16] 安楼A402
EIE260701,电子技术实验（下）,1,,周伟,00792,,实践环节课程,中文,四平路校区,2025(人工智能(精英班) 09018),0,9,16,周伟(00792) 星期三5-6节 [9-16] 阜新路281号电工电子实验中心203
EIE260702,电子技术实验（下）,1,,周伟,00792,,实践环节课程,中文,四平路校区,2025(人工智能(精英班) 09018),0,9,16,周伟(00792) 星期三7-8节 [9-16] 阜新路281号电工电子实验中心203
EIE260703,电子技术实验（下）,1,,周伟,00792,,实践环节课程,中文,四平路校区,"2025(电气工程及其自动化(精英班) 09015),2025(自动化(精英班) 09016),2025(通信工程(精英班) 09017),2025(微电子科学与工程(精英班) 09019)",0,9,16,周伟(00792) 星期一9-10节 [9-16] 阜新路281号电工电子实验中心203
EIE361801,微控制器课程设计,1,,祝可嘉,23097,,实践环节课程,中文,嘉定校区,"2024(电气工程及其自动化 10044),2025(电气工程及其自动化(二学位) 10067)",0,1,16,祝可嘉(23097) 星期四7-8节 [1-15单] 华楼408
EIE361802,微控制器课程设计,1,,祝可嘉,23097,,实践环节课程,中文,嘉定校区,"2024(电气工程及其自动化 10044),2025(电气工程及其自动化(二学位) 10067)",0,1,16,祝可嘉(23097) 星期四7-8节 [2-16双] 华楼408
EIE361901,电机学课程设计,1,,李巍,11149,,实践环节课程,中文,嘉定校区,2025(电气工程及其自动化(二学位) 10067),0,6,7,李巍(11149) 星期六1-8节 [6-7] 广楼G306
EIE362001,电力电子技术课程设计,1,,王汉卿,21154,,实践环节课程,中文,嘉定校区,2025(电气工程及其自动化(二学位) 10067),0,8,9,王汉卿(21154) 星期六1-8节 [8-9] 智信馆148A
EIE362101,电力系统课程设计,1,,张明锐,94760,,实践环节课程,中文,嘉定校区,2025(电气工程及其自动化(二学位) 10067),0,10,11,张明锐(94760) 星期六1-8节 [10-11] 广楼G306
EIE453901,新型储能技术及其应用,2,,韦莉,13150,,专业选修课,中文,嘉定校区,2023(自动化 10024),0,1,16,韦莉(13150) 星期日5-6节 [1-16] 不考虑教室
EIE454001,永磁电机设计与应用,2,,何天然,22183,,专业选修课,中文,嘉定校区,"2023(自动化 10024),2023(电气工程及其自动化 10044),2025(电气工程及其自动化(二学位) 10067)",0,1,16,何天然(22183) 星期三7-8节 [1-16] 安楼A208
EIE454101,人工电磁材料机理和应用,2,,"李宏强,武超","00111,16509",",",专业选修课,中文,嘉定校区,"2023(自动化 10024),2023(电气工程及其自动化 10044),2025(电气工程及其自动化(二学位) 10067)",0,1,16,李宏强(00111) 星期四3-4节 [1-4] 安楼A210 武超(16509) 星期四3-4节 [5-16] 安楼A210
EIE355502,智能电子系统设计,2,,周伟,00792,,专业选修课,中文,嘉定校区,"2024(微电子科学与工程(精英班) 09019),2024(微电子科学与工程 10007),2024(电气工程及其自动化 10044),2025(微电子科学与工程(二学位) 10068)",0,1,16,周伟(00792) 星期四5-6节 [1-16] 广楼G101
EIE355602,人工智能理论与实践,2,,蔚瑞华,12081,,专业选修课,中文,嘉定校区,"2024(通信工程(精英班) 09017),2024(微电子科学与工程(精英班) 09019),2024(微电子科学与工程 10007),2024(通信工程 10054),2024(电子信息工程(国际班) 10080),2025(微电子科学与工程(二学位) 10068)",0,1,16,蔚瑞华(12081) 星期四5-6节 [1-16] 安楼A208
EIE362401,现代信息工具应用与实践,2,,"袁登科,向大为,张颖瑶","06085,12066,14511",",,",实践环节课程,中文,嘉定校区,"2024(电气工程及其自动化(精英班) 09015),2024(电气工程及其自动化 10044)",0,1,16,向大为(12066) 星期二3-4节 [7-11] 博楼B117 袁登科(06085) 星期二3-4节 [12-16] 博楼B117 张颖瑶(14511) 星期二3-4节 [1-6] 博楼B117
EIE362402,现代信息工具应用与实践,2,,"袁登科,向大为,张颖瑶","06085,12066,14511",",,",实践环节课程,中文,嘉定校区,"2024(电气工程及其自动化(精英班) 09015),2024(电气工程及其自动化 10044)",0,1,16,袁登科(06085) 星期三7-8节 [12-16] 博楼B411 张颖瑶(14511) 星期三7-8节 [1-6] 博楼B411 向大为(12066) 星期三7-8节 [7-11] 博楼B411
EIE342901,电机电力电子与拖动（上）,2,,徐志宇,12063,,专业必修课,中文,嘉定校区,"2024(自动化(精英班) 09016),2024(自动化 10024)",0,1,16,徐志宇(12063) 星期二3-4节 [1-16] 博楼B104
EIE342902,电机电力电子与拖动（上）,2,,周艳敏,16023,,专业必修课,中文,嘉定校区,"2024(自动化(精英班) 09016),2024(自动化 10024)",0,1,16,周艳敏(16023) 星期二3-4节 [1-16] 博楼B115
EIE454201,无线电能传输技术,2,,"李云辉,祝可嘉","06107,23097",",",专业选修课,中文,嘉定校区,"2023(电气工程及其自动化 10044),2025(电气工程及其自动化(二学位) 10067)",0,1,16,祝可嘉(23097) 星期四5-6节 [9-16] 安楼A204 李云辉(06107) 星期四5-6节 [1-8] 安楼A204
EIE241201,双碳背景下的新型储能技术,2,,韦莉,13150,,专业选修课,中文,嘉定校区,2023(电气工程及其自动化 10044),0,1,16,韦莉(13150) 星期三5-6节 [1-16] 博楼B115
EIE362601,电力变换器建模、控制与硬件在环仿真实践,2,,胡波,74713,,实践环节课程,中文,嘉定校区,2023(电气工程及其自动化 10044),0,1,2,胡波(74713) 星期六1-8节 [1-2] 学院实验室 胡波(74713) 星期日1-8节 [1-2] 学院实验室
EIE356101,智能驾驶导论,2,,"陈虹,郭露露,洪金龙,张琳","19029,21524,22231,23032",",null,,",专业选修课,中文,嘉定校区,"2023(人工智能 10008),2023(自动化 10024),2025(人工智能(二学位) 10066)",0,1,16,郭露露(21524) 星期四3-4节 [12-16] 博楼B206 张琳(23032) 星期四3-4节 [7-11] 博楼B206 陈虹(19029) 星期四3-4节 [1] 博楼B206 洪金龙(22231) 星期四3-4节 [2-6] 博楼B206
EIE461801,科研前沿与实践,2,,"刘成菊,孟敏","14004,20517",",",实践环节课程,中文,嘉定校区,"2023(人工智能 10008),2023(自动化 10024),2025(人工智能(二学位) 10066)",0,1,16,刘成菊(14004) 星期五7-8节 [1-8] 学院安排 孟敏(20517) 星期五7-8节 [9-16] 学院安排
EIE461802,科研前沿与实践,2,,"刘成菊,孟敏","14004,20517",",",实践环节课程,中文,四平路校区,2023(艺术设计学(人工智能双学士学位) 55094),0,1,16,刘成菊(14004) 星期五3-4节 [1-8] 学院安排 孟敏(20517) 星期五3-4节 [9-16] 学院安排
EIE251101,信号与系统（英）,3,,陈耀,94415,,专业选修课,中文,嘉定校区,"2025(通信工程 10054),2025(电子信息工程(国际班) 10080)",0,1,16,陈耀(94415) 星期六9-10节 [1-16] 不排教室
EIE356501,无线信号传播原理与实践,2,,Jose Rodriguez Pineiro,20023,,专业选修课,英语,嘉定校区,"2024(通信工程 10054),2024(电子信息工程(国际班) 10080)",0,1,16,Jose Rodriguez Pineiro(20023) 星期五5-6节 [1-16] 安楼A108
EIE356701,新型储能技术,2,,韦莉,13150,,专业必修课,中文,嘉定校区,2025(电气工程及其自动化(二学位) 10067),0,1,16,韦莉(13150) 星期六9-10节 [1-16] 不考虑教室
EIE330901,人工智能的数学基础II,2,,孟敏,20517,,专业选修课,中文,四平路校区,2024(艺术设计学(人工智能双学士学位) 55094),0,1,16,孟敏(20517) 星期一9-10节 [1-16] 南415
EIE330902,人工智能的数学基础II,2,,黄超,19018,,专业基础课,中文,嘉定校区,"2024(人工智能 10008),2025(人工智能(二学位) 10066)",0,1,16,黄超(19018) 星期一5-6节 [1-16] 安楼A112
EIE330903,人工智能的数学基础II,2,,孟敏,20517,,专业基础课,中文,嘉定校区,"2024(人工智能 10008),2025(人工智能(二学位) 10066)",0,1,16,孟敏(20517) 星期一5-6节 [1-16] 安楼A114
EIE363001,通信工程综合实验,1,,任浩琪,05035,,实践环节课程,中文,嘉定校区,"2024(通信工程(精英班) 09017),2024(通信工程 10054)",0,9,16,任浩琪(05035) 星期一1-2节 [9-16] 智信馆313
EIE363002,通信工程综合实验,1,,任浩琪,05035,,实践环节课程,中文,嘉定校区,"2024(通信工程(精英班) 09017),2024(通信工程 10054)",0,9,16,任浩琪(05035) 星期一3-4节 [9-16] 智信馆313
EIE363003,通信工程综合实验,1,,任浩琪,05035,,实践环节课程,中文,嘉定校区,"2024(通信工程(精英班) 09017),2024(通信工程 10054)",0,9,16,任浩琪(05035) 星期三1-2节 [9-16] 智信馆313
EIE232201,离散数学,3,,舒少龙,08082,,专业基础课,中文,四平路校区,"2025(人工智能(精英班) 09018),2025(艺术设计学(人工智能双学士学位) 55094)",0,1,16,舒少龙(08082) 星期四9-11节 [1-16] 北116
EIE232203,离散数学,3,,黄超,19018,,专业基础课,中文,嘉定校区,"2025(人工智能 10008),2025(人工智能(拔尖班) 10082)",0,1,16,黄超(19018) 星期四9-11节 [1-16] 复楼F204
EIE251301,微纳电子材料与器件,2,,温鹏雁,23006,,专业选修课,英语,嘉定校区,"2025(微电子科学与工程 10007),2025(微电子科学与工程(二学位) 10068),2025(微电子科学与工程(应用物理学双学士学位) 10078)",0,1,16,温鹏雁(23006) 星期三1-2节 [1-16] 安楼A314
EIE251302,微纳电子材料与器件,2,,温鹏雁,23006,,任选课程,中文,四平路校区,2025(微电子科学与工程(精英班) 09019),0,1,16,温鹏雁(23006) 星期日7-8节 [1-16] 不排教室
EIE251401,高等数学（B）上,5,,陈康力,92198,,专业选修课,英语,嘉定校区,2025(电子信息工程(国际班) 10080),0,9,16,陈康力(92198) 星期六6-10节 [9-16] 智信馆703 陈康力(92198) 星期日6-10节 [9-16] 智信馆703
EIE251501,复变函数与积分变换,3,,陈耀,94415,,专业选修课,中文,嘉定校区,2025(电子信息工程(国际班) 10080),0,1,16,陈耀(94415) 星期五9-11节 [1-16] 不排教室
EIE002301,工业互联网概论,2,,柳先辉,04085,,工程能力与创新思维,中文,四平路校区,,0,1,12,柳先辉(04085) 星期三7-8节 [1-12] 北215
EIE002701,三维数字化设计与CAD工程实践,2,,郝泳涛,00009,,工程能力与创新思维,中文,四平路校区,,0,1,12,郝泳涛(00009) 星期三7-8节 [1-12] 南217
EIE002702,三维数字化设计与CAD工程实践,2,,郝泳涛,00009,,工程能力与创新思维,中文,嘉定校区,,0,1,12,郝泳涛(00009) 星期四7-8节 [1-12] 安楼A105
EIE002801,5G6G 谁与争锋 — 无线通信系统导论,2,,尹学锋,08153,,工程能力与创新思维,中文,四平路校区,,0,1,12,尹学锋(08153) 星期五7-8节 [1-12] 南215
医学院,,,,,,,,,,,,,,
,,,,,,,,,,,,,,
MED331701,流行病学,2,,"张丽娟,张杰,孙小婷","07138,11096,22213",",,",专业基础课,中文,沪西校区,"2024(临床医学(5+3一体化) 14002),2024(临床医学 14004),2024(临床医学(领军人才培养) 14065)",0,1,10,张杰(11096) 星期三3-4节 [2 8-10] 沪西二教223阶梯教室 孙小婷(22213) 星期三3-4节 [3-4] 沪西二教223阶梯教室 张丽娟(07138) 星期三3-4节 [1 5-7] 沪西二教223阶梯教室
MED331702,流行病学,2,,"张丽娟,张杰,孙小婷","07138,11096,22213",",,",专业基础课,中文,沪西校区,"2024(临床医学(5+3一体化) 14002),2024(临床医学 14004),2024(临床医学(中德实验班) 14061),2024(临床医学(领军人才培养) 14065)",0,1,12,孙小婷(22213) 星期五3-4节 [5-6 10-12] 沪西二教325阶梯教室 张杰(11096) 星期五3-4节 [4] 沪西二教325阶梯教室 张丽娟(07138) 星期五3-4节 [1 7-9] 沪西二教325阶梯教室
MED450301,皮肤性病学,2,,"龚瑜,李秀丽,史玉玲","1400743,1400744,96817",",,",专业选修课,中文,沪西校区,"2023(临床医学(5+3一体化) 14002),2023(临床医学 14004),2023(临床医学(贯通培养) 14058)",0,1,12,李秀丽(1400744) 星期五3-4节 [5] 骊山路201号122室 史玉玲(96817) 星期五3-4节 [1 4-6双 7-9单 10-12] 骊山路201号122室 龚瑜(1400743) 星期五3-4节 [8] 骊山路201号122室
MED450302,皮肤性病学,2,,"黄欣,张文萍,徐倩,沈亮亮","05830,06841,90776,96827",",,,",专业选修课,中文,沪西校区,"2023(临床医学(5+3一体化) 14002),2023(临床医学 14004),2023(临床医学(贯通培养) 14058)",0,1,12,徐倩(90776) 星期五3-4节 [5] 同济医院教学楼302 黄欣(05830) 星期五3-4节 [1 4] 同济医院教学楼302 张文萍(06841) 星期五3-4节 [6-8] 同济医院教学楼302 沈亮亮(96827) 星期五3-4节 [9-12] 同济医院教学楼302
MED450303,皮肤性病学,2,,"徐楠,左付国,程琼,肖琴,肖晓庆","1200118,1300161,1600131,1600132,1600133",",,,,讲师",专业选修课,中文,沪西校区,"2023(临床医学(5+3一体化) 14002),2023(临床医学 14004),2023(临床医学(贯通培养) 14058)",0,1,12,肖琴(1600132) 星期五1-2节 [5 11-12] 临沂一村132（原大丰港湾）104教室 左付国(1300161) 星期五1-2节 [7-9单] 临沂一村132（原大丰港湾）104教室 徐楠(1200118) 星期五1-2节 [1 4] 临沂一村132（原大丰港湾）104教室 程琼(1600131) 星期五1-2节 [6-8双] 临沂一村132（原大丰港湾）104教室 肖晓庆(1600133) 星期五1-2节 [10] 临沂一村132（原大丰港湾）104教室
MED450304,皮肤性病学,2,,"陈榕,陈晶,房婕","1500965,1500966,1500968","null,null,null",专业选修课,中文,沪西校区,"2023(临床医学(5+3一体化) 14002),2023(临床医学 14004),2023(临床医学(贯通培养) 14058)",0,1,12,陈榕(1500965) 星期五3-4节 [5-6 9] 腾越路450号，知道楼203教室 陈晶(1500966) 星期五3-4节 [7-8 11] 腾越路450号，知道楼203教室 房婕(1500968) 星期五3-4节 [1 4 10-12双] 腾越路450号，知道楼203教室
MED450305,皮肤性病学,2,,"徐楠,左付国,程琼,肖琴,肖晓庆","1200118,1300161,1600131,1600132,1600133",",,,,讲师",专业选修课,中文,沪西校区,2023(临床医学中德实验班 14057),0,1,12,肖琴(1600132) 星期五3-4节 [5 11-12] 临沂一村132（原大丰港湾）102教室 徐楠(1200118) 星期五3-4节 [1 4] 临沂一村132（原大丰港湾）102教室 肖晓庆(1600133) 星期五3-4节 [10] 临沂一村132（原大丰港湾）102教室 程琼(1600131) 星期五3-4节 [6-8双] 临沂一村132（原大丰港湾）102教室 左付国(1300161) 星期五3-4节 [7-9单] 临沂一村132（原大丰港湾）102教室
MED000101,公共营养学,2,,王兰芳,03093,,科学探索与生命关怀,中文,四平路校区,,0,1,12,王兰芳(03093) 星期三7-8节 [1-12] 北120
MED331801,医学统计学,2,,"邹莉玲,王奕,李睿祎,艾自胜","03105,18604,24152,99735",",,,",专业基础课,中文,沪西校区,"2024(临床医学(5+3一体化) 14002),2024(临床医学 14004),2024(临床医学(领军人才培养) 14065)",0,1,12,"王奕(18604) 星期一3-4节 [10] 沪西二教223阶梯教室 李睿祎(24152) 星期一3-4节 [2 9] 沪西二教223阶梯教室 艾自胜(99735) 星期一3-4节 [1 8 12] 沪西二教223阶梯教室 王奕(18604),艾自胜(99735) 星期一3-4节 [5-6] 沪西二教223阶梯教室 邹莉玲(03105) 星期一3-4节 [3 7 11] 沪西二教223阶梯教室"
MED331802,医学统计学,2,,"邹莉玲,王奕,李睿祎,艾自胜","03105,18604,24152,99735",",,,",专业基础课,中文,沪西校区,"2024(临床医学(5+3一体化) 14002),2024(临床医学 14004),2024(临床医学(中德实验班) 14061),2024(临床医学(领军人才培养) 14065)",0,1,11,"王奕(18604) 星期三3-4节 [9] 沪西二教325阶梯教室 李睿祎(24152) 星期三3-4节 [2 8] 沪西二教325阶梯教室 艾自胜(99735) 星期三3-4节 [1 7 11] 沪西二教325阶梯教室 王奕(18604),艾自胜(99735) 星期三3-4节 [4-5] 沪西二教325阶梯教室 邹莉玲(03105) 星期三3-4节 [3 6 10] 沪西二教325阶梯教室"
MED331803,医学统计学,2,,"邹莉玲,王奕,李睿祎,艾自胜","03105,18604,24152,99735",",,,",专业基础课,中文,四平路校区,"2023(口腔医学 14025),2023(口腔医学“5+3”一体化拔尖创新实验班 14201)",0,1,10,"王奕(18604) 星期四5-8节 [7] 沪北妍学楼304 王奕(18604),艾自胜(99735) 星期四5-6节 [10] 沪北妍学楼304 李睿祎(24152) 星期四5-8节 [2] 沪北妍学楼304 邹莉玲(03105) 星期四5-8节 [6] 学校机房423(沪西) 邹莉玲(03105) 星期四5-8节 [4-5] 沪北妍学楼304 艾自胜(99735) 星期四5-6节 [9] 沪北妍学楼304 王奕(18604) 星期四5-8节 [8] 学校机房423(沪西) 艾自胜(99735) 星期四5-8节 [1] 沪北妍学楼304"
MED354101,儿科学,2,,杨蓉,95837,,专业选修课,中文,四平路校区,"2024(口腔医学 14025),2024(口腔医学“5+3”一体化拔尖创新实验班 14201)",0,1,16,杨蓉(95837) 星期六5-6节 [1-16] 不排教室
MED232201,生理学,5,,"李育娴,秦颖,秦瑶","05186,08002,09042",",,副研究员（自然科学）",专业基础课,中文,四平路校区,"2025(口腔医学 14025),2025(口腔医学“5+3”一体化拔尖创新实验班 14201)",0,1,15,"秦颖(08002) 星期一5-8节 [10-14] 南211 李育娴(05186),秦瑶(09042) 星期五3-8节 [10-12] 沪西二教4楼实验室 李育娴(05186),秦颖(08002) 星期五3-8节 [13-15单] 沪西二教4楼实验室 李育娴(05186),秦颖(08002) 星期五5-7节 [14] 沪西二教4楼实验室 李育娴(05186) 星期五5-8节 [1 4-7] 南211 李育娴(05186) 星期五5-6节 [8] 南211 秦颖(08002) 星期五5-8节 [9] 南211 秦颖(08002) 星期五7-8节 [8] 南211"
MED353901,影像诊断学,2,,唐翠松,1400751,,专业选修课,中文,四平路校区,"2024(口腔医学 14025),2024(口腔医学“5+3”一体化拔尖创新实验班 14201)",0,1,16,唐翠松(1400751) 星期一7-8节 [5] 沪北泰禾楼505 唐翠松(1400751) 星期三7-8节 [1-3单 7-8 10-15] 沪北泰禾楼505 唐翠松(1400751) 星期四1-2节 [6] 沪北泰禾楼505 唐翠松(1400751) 星期五1-2节 [9] 沪北泰禾楼505
MED243501,护理心理学,2,,"史靖宇,李玉梅,王艳波","12217,1500179,99747",",,",专业必修课,中文,沪西校区,2025(护理学 14044),0,1,14,李玉梅(1500179) 星期二1-4节 [14] 沪西二教210小教室 王艳波(99747) 星期二1-4节 [13] 沪西二教210小教室 史靖宇(12217) 星期二3-4节 [5-7 9-10] 沪西二教210小教室 王艳波(99747) 星期二3-4节 [1-4 8 11-12] 沪西二教210小教室
MED353401,医学营养学,2,,"朱晓萍,陈亚梅,韩婷","1500118,1600238,2000902",",,",专业选修课,中文,沪西校区,2024(护理学 14044),0,1,15,陈亚梅(1600238) 星期一1-2节 [2-3 5-9 12-15] 沪西二教217小教室 朱晓萍(1500118) 星期一1-2节 [1 11] 沪西二教217小教室 韩婷(2000902) 星期一1-2节 [10] 沪西二教217小教室 陈亚梅(1600238) 星期四1-2节 [14-15] 沪西二教217小教室
MED354201,妇产科学,2,,闻静,1400331,null,专业选修课,中文,四平路校区,"2024(口腔医学 14025),2024(口腔医学“5+3”一体化拔尖创新实验班 14201)",0,1,16,闻静(1400331) 星期日1-2节 [1-16] 不排教室
MED354301,中医学,2,,陈英群,98739,,专业选修课,中文,四平路校区,"2024(口腔医学 14025),2024(口腔医学“5+3”一体化拔尖创新实验班 14201)",0,1,16,陈英群(98739) 星期六1-2节 [1-16] 不排教室
MED253801,细胞显微与亚显微技术,2,,"许洁,刘起东","14097,21049",",",专业选修课,中文,四平路校区,"2025(口腔医学 14025),2025(口腔医学“5+3”一体化拔尖创新实验班 14201)",0,9,16,"许洁(14097),刘起东(21049) 星期三5-8节 [16] 南222 许洁(14097),刘起东(21049) 星期三5-8节 [9-15] 沪西二教3楼实验室"
MED235501,生物化学实验,3,,"许可,蔡振宇","19530,20035",",",专业基础课,中文,四平路校区,"2025(口腔医学 14025),2025(口腔医学“5+3”一体化拔尖创新实验班 14201)",0,1,9,"许可(19530),蔡振宇(20035) 星期一3-8节 [1-3 5-9] 沪西二教3楼实验室"
MED230901,细胞生物学,2,,"崔映宇,栾冰","07160,15028",",",专业基础课,中文,沪西校区,"2025(临床医学(5+3一体化) 14002),2025(临床医学 14004)",0,1,16,栾冰(15028) 星期二1-2节 [1-9] 沪西二教135阶梯教室 崔映宇(07160) 星期二1-2节 [10-16] 沪西二教135阶梯教室
MED230902,细胞生物学,2,,施裕丰,19065,,专业基础课,中文,沪西校区,"2025(临床医学(5+3一体化) 14002),2025(临床医学 14004)",0,1,16,施裕丰(19065) 星期二3-4节 [1-16] 沪西二教325阶梯教室
MED230903,细胞生物学,2,,"崔映宇,栾冰,秦昭,罗剑","07160,15028,17020,21854",",,,",专业基础课,中文,沪西校区,"2025(医学试验班(国豪精英班) 09007),2025(基础医学 14060),2025(临床医学(中德实验班) 14061),2025(临床医学(领军人才培养) 14065)",0,1,16,崔映宇(07160) 星期三1-2节 [10-12] 沪西二教212大教室 栾冰(15028) 星期三1-2节 [1-9] 沪西二教212大教室 秦昭(17020) 星期三1-2节 [15-16] 沪西二教212大教室 罗剑(21854) 星期三1-2节 [13-14] 沪西二教212大教室
MED230904,细胞生物学,2,,"邵志华,栾冰","05077,15028",",",专业基础课,中文,沪西校区,2025(临床医学（福大班） 14066),0,1,16,邵志华(05077) 星期三3-4节 [10-16] 沪西二教323智慧教室(中) 栾冰(15028) 星期三3-4节 [1-9] 沪西二教323智慧教室(中)
MED230905,细胞生物学,2,,"邵志华,杨健,刘起东,卢毅","05077,19605,21049,21534",",,,null",专业基础课,中文,四平路校区,"2025(口腔医学 14025),2025(口腔医学“5+3”一体化拔尖创新实验班 14201)",0,1,9,刘起东(21049) 星期四1-4节 [5-6] 南216 卢毅(21534) 星期四1-4节 [7] 南216 邵志华(05077) 星期四1-4节 [8-9] 南216 杨健(19605) 星期四1-4节 [1-2 4] 南216
MED232101,组织胚胎学,4,,"周爽,陈凌,夏骁寰","09171,11062,19643",",,",专业基础课,中文,四平路校区,"2025(口腔医学 14025),2025(口腔医学“5+3”一体化拔尖创新实验班 14201)",0,1,16,陈凌(11062) 星期一5-8节 [15] 南120 夏骁寰(19643) 星期四5-8节 [2-4双] 南120 周爽(09171) 星期四5-8节 [1 5-13 16] 南120 陈凌(11062) 星期四5-8节 [14-15] 南120
MED342101,人体寄生虫学,2,,孙军,04193,,专业必修课,中文,沪西校区,"2024(医学试验班(国豪精英班) 09007),2024(基础医学 14060)",0,1,10,孙军(04193) 星期三5-6节 [1 4-6双 7-8] 沪西二教321智慧教室(中) 孙军(04193) 星期三5-5节 [10] 沪西二教321智慧教室(中) 孙军(04193) 星期三5-7节 [2-3 5 9] 沪西二教321智慧教室(中) 孙军(04193) 星期三7-7节 [7] 二教504 孙军(04193) 星期三7-8节 [4 8] 二教504 孙军(04193) 星期三8-8节 [2-3 5 9] 二教504
MED000401,食品与健康,2,,徐曼妮,96754,,科学探索与生命关怀,中文,四平路校区,,0,1,12,徐曼妮(96754) 星期一9-10节 [1-12] 北211
MED441701,急诊医学,2,,"彭沪,庄育刚,周锋,章守琴,姜维,陈远卓,周书琴","1400291,1400292,1400293,1400294,1400296,1400297,1600043",",,null,,,,",专业必修课,中文,沪西校区,"2023(临床医学(5+3一体化) 14002),2023(临床医学 14004),2023(临床医学(贯通培养) 14058)",0,1,15,周书琴(1600043) 星期三1-2节 [13] 骊山路201号122室 庄育刚(1400292) 星期三1-2节 [4-8 11-12] 骊山路201号122室 周锋(1400293) 星期三1-2节 [9] 骊山路201号122室 彭沪(1400291) 星期三1-2节 [3] 骊山路201号122室 陈远卓(1400297) 星期三1-2节 [1-2] 骊山路201号122室 姜维(1400296) 星期三1-2节 [14-15] 骊山路201号122室 章守琴(1400294) 星期三1-2节 [10] 骊山路201号122室
MED441702,急诊医学,2,,"陈泉宁,诸晨霆,左洪鹏,胡佳文,宋艳丽","07817,09812,1500035,96774,98757",",讲师,,,",专业必修课,中文,沪西校区,"2023(临床医学(5+3一体化) 14002),2023(临床医学 14004),2023(临床医学(贯通培养) 14058)",0,1,15,宋艳丽(98757) 星期三1-2节 [1 5-8 15] 同济医院教学楼302 陈泉宁(07817) 星期三1-2节 [2] 同济医院教学楼302 左洪鹏(1500035) 星期三1-2节 [10-14] 同济医院教学楼302 诸晨霆(09812) 星期三1-2节 [4] 同济医院教学楼302 胡佳文(96774) 星期三1-2节 [3 9] 同济医院教学楼302
MED441703,急诊医学,2,,"王学斌,唐伦先,季晟超,邵钦,刘杨,许淑敏","1400094,1400095,1600107,1600109,1600110,1701834",",,,,,",专业必修课,中文,沪西校区,"2023(临床医学(5+3一体化) 14002),2023(临床医学 14004),2023(临床医学(贯通培养) 14058)",0,1,15,刘杨(1600110) 星期三3-4节 [11] 临沂一村132（原大丰港湾）104教室 唐伦先(1400095) 星期三3-4节 [1] 临沂一村132（原大丰港湾）104教室 王学斌(1400094) 星期三3-4节 [6-8 12] 临沂一村132（原大丰港湾）104教室 季晟超(1600107) 星期三3-4节 [9-10] 临沂一村132（原大丰港湾）104教室 邵钦(1600109) 星期三3-4节 [2-4] 临沂一村132（原大丰港湾）104教室 许淑敏(1701834) 星期三3-4节 [5 13-15] 临沂一村132（原大丰港湾）104教室
MED441704,急诊医学,2,,"叶宥文,石斌","1600058,1701745",",",专业必修课,中文,沪西校区,"2023(临床医学(5+3一体化) 14002),2023(临床医学 14004),2023(临床医学(贯通培养) 14058)",0,1,15,叶宥文(1600058) 星期三1-2节 [12-15] 腾越路450号，知道楼203教室 石斌(1701745) 星期三1-2节 [1-11] 腾越路450号，知道楼203教室
MED441705,急诊医学,2,,"王学斌,唐伦先,季晟超,邵钦,刘杨,许淑敏","1400094,1400095,1600107,1600109,1600110,1701834",",,讲师,,,",专业必修课,中文,沪西校区,2023(临床医学中德实验班 14057),0,1,15,刘杨(1600110) 星期三1-2节 [11] 临沂一村132（原大丰港湾）102教室 邵钦(1600109) 星期三1-2节 [2-4] 临沂一村132（原大丰港湾）102教室 许淑敏(1701834) 星期三1-2节 [5 13-15] 临沂一村132（原大丰港湾）102教室 季晟超(1600107) 星期三1-2节 [9-10] 临沂一村132（原大丰港湾）102教室 王学斌(1400094) 星期三1-2节 [6-8 12] 临沂一村132（原大丰港湾）102教室 唐伦先(1400095) 星期三1-2节 [1] 临沂一村132（原大丰港湾）102教室
MED451801,全科医学,2,,金花,1500154,,专业选修课,中文,四平路校区,"2024(口腔医学 14025),2024(口腔医学“5+3”一体化拔尖创新实验班 14201)",0,1,16,金花(1500154) 星期日3-4节 [1-16] 不排教室
MED451601,灾难医学(2),2,,"季晟超,邵钦,李玉生","1600107,1600109,2305571",",,",专业选修课,中文,沪西校区,"2023(临床医学(5+3一体化) 14002),2023(临床医学 14004),2023(临床医学(贯通培养) 14058)",0,1,9,邵钦(1600109) 星期四5-8节 [1-2] 临沂一村132（原大丰港湾）104教室或实践基地 季晟超(1600107) 星期四5-8节 [5-9] 临沂一村132（原大丰港湾）104教室或实践基地 李玉生(2305571) 星期四5-8节 [4] 临沂一村132（原大丰港湾）104教室或实践基地
MED451602,灾难医学(2),2,,"季晟超,邵钦,李玉生","1600107,1600109,2305571",",,",专业选修课,中文,沪西校区,2023(临床医学中德实验班 14057),0,1,10,季晟超(1600107) 星期五5-8节 [6-10] 临沂一村132（原大丰港湾）102教室或实践基地 邵钦(1600109) 星期五5-8节 [1 4] 临沂一村132（原大丰港湾）102教室或实践基地 李玉生(2305571) 星期五5-8节 [5] 临沂一村132（原大丰港湾）102教室或实践基地
MED000501,人体生理学通识,2,,"张介平,李育娴,张玲","00778,05186,11504",",,",科学探索与生命关怀,中文,四平路校区,,0,1,12,张介平(00778) 星期三9-10节 [3-6] 北211 李育娴(05186) 星期三9-10节 [1-2 11-12] 北211 张玲(11504) 星期三9-10节 [7-10] 北211
MED000601,中医养生与现代生活,2,,"刘珺,颜琼枝,陈英群","1500116,2000512,98739",",,",科学探索与生命关怀,中文,四平路校区,,0,1,12,陈英群(98739) 星期一7-8节 [1-2 9-10] 南216 刘珺(1500116) 星期一7-8节 [4-8] 南216 颜琼枝(2000512) 星期一7-8节 [3 11-12] 南216
MED310501,专业汉语1（英）,2,,"徐楠,马敏,李昕,李容炳,雷蕾,张欢,邢燕","1200118,1400129,1400166,1400253,1400699,1701780,2000617",",,,,,null,",公共基础课,中文,沪西校区,2024(临床医学(MBBS) 14001),0,1,16,马敏(1400129) 星期三3-4节 [2] 沪西二教133小教室 邢燕(2000617) 星期三3-4节 [5] 沪西二教133小教室 张欢(1701780) 星期三3-4节 [1-3单 4-8双 9] 沪西二教133小教室 李容炳(1400253) 星期三3-4节 [7] 沪西二教133小教室 张欢(1701780) 星期五3-4节 [6 10] 沪西二教127小教室 雷蕾(1400699) 星期五3-4节 [7] 沪西二教127小教室 徐楠(1200118) 星期五3-4节 [8] 沪西二教127小教室 马敏(1400129) 星期五3-4节 [1] 沪西二教127小教室 李昕(1400166) 星期五3-4节 [5] 沪西二教127小教室 邢燕(2000617) 星期五3-4节 [4] 沪西二教127小教室
MED537701,医学伦理学（英）,2,,"史靖宇,王艳波","12217,99747",",",专业基础课,英语,沪西校区,2024(临床医学(MBBS) 14001),0,1,16,王艳波(99747) 星期四1-4节 [4] 沪西二教127小教室 史靖宇(12217) 星期四3-4节 [7-8 12-14] 沪西二教127小教室 王艳波(99747) 星期四3-4节 [1-2 5-6 9-11 15-16] 沪西二教127小教室
MED336701,组织胚胎学（英）,4,,"周爽,陈凌,张玲,梁兴群,尹贻蒙,夏骁寰","09171,11062,11504,11856,19510,19643",",,,,,",专业基础课,英语,沪西校区,2025(临床医学(MBBS) 14001),0,1,16,梁兴群(11856) 星期三5-8节 [8-9] 实验中心 张玲(11504) 星期三5-8节 [4] 实验中心 尹贻蒙(19510) 星期三5-8节 [12] 实验中心 陈凌(11062) 星期三5-8节 [7 11] 实验中心 周爽(09171) 星期三5-8节 [1 5-6 10] 实验中心 夏骁寰(19643) 星期三5-8节 [2-3] 实验中心 尹贻蒙(19510) 星期五5-6节 [12] 实验中心 周爽(09171) 星期五5-8节 [4-6双] 实验中心 梁兴群(11856) 星期五5-8节 [8] 实验中心 陈凌(11062) 星期五5-8节 [10] 实验中心
MED336801,生理学（英）,4,,"李育娴,秦颖,秦瑶,黄莺,解端阳,范晓岑","05186,08002,09042,16028,20522,23189",",,,,,",专业基础课,英语,沪西校区,2025(临床医学(MBBS) 14001),0,1,16,秦瑶(09042) 星期三1-2节 [14] 沪西二教417小教室 解端阳(20522) 星期三1-2节 [1-5] 沪西二教417小教室 范晓岑(23189) 星期三1-2节 [11] 沪西二教417小教室 李育娴(05186) 星期三1-2节 [6 9-10] 沪西二教417小教室 黄莺(16028) 星期三1-2节 [12-13] 沪西二教417小教室 秦颖(08002) 星期三1-2节 [7-8] 沪西二教417小教室 解端阳(20522) 星期五1-2节 [4-5 9-10] 沪西二教417小教室 秦瑶(09042) 星期五1-2节 [14] 沪西二教417小教室 黄莺(16028) 星期五1-2节 [13] 沪西二教417小教室 范晓岑(23189) 星期五1-4节 [11] 沪西二教417小教室 秦颖(08002) 星期五1-4节 [6-8] 沪西二教417小教室 黄莺(16028) 星期五1-4节 [12] 沪西二教417小教室 解端阳(20522) 星期五1-4节 [1] 沪西二教417小教室
MED336901,生理学实验（英）,2,,"李育娴,秦颖","05186,08002",",",专业基础课,英语,沪西校区,2025(临床医学(MBBS) 14001),0,1,16,李育娴(05186) 星期六5-10节 [6-8双] 机能实验中心 秦颖(08002) 星期六5-10节 [10-12双] 机能实验中心 秦颖(08002) 星期六5-9节 [14] 机能实验中心 李育娴(05186) 星期六5-7节 [16] 机能实验中心
MED537801,药理学（英）,3,,"张介平,田海滨,安毛毛,韩华,张石群,王国敏,欧庆健,苏丹","00778,12218,13144,13170,21525,22184,22212,97760",",,,,,,,",专业基础课,英语,沪西校区,2024(临床医学(MBBS) 14001),0,1,16,王国敏(22184) 星期三1-2节 [2-3 5] 沪西二教133小教室 安毛毛(13144) 星期三1-2节 [13] 沪西二教133小教室 苏丹(97760) 星期三1-2节 [10-11] 沪西二教133小教室 韩华(13170) 星期三1-2节 [12] 沪西二教133小教室 田海滨(12218) 星期三1-2节 [4] 沪西二教133小教室 张介平(00778) 星期三1-2节 [8-9] 沪西二教133小教室 欧庆健(22212) 星期三1-2节 [6] 沪西二教133小教室 张石群(21525) 星期三1-2节 [1 7] 沪西二教133小教室 田海滨(12218) 星期五1-2节 [4 13] 沪西二教127小教室 张介平(00778) 星期五1-2节 [8] 沪西二教127小教室 苏丹(97760) 星期五1-2节 [9-10] 沪西二教127小教室 张石群(21525) 星期五1-2节 [1 6-7] 沪西二教127小教室 韩华(13170) 星期五1-2节 [11-12] 沪西二教127小教室 欧庆健(22212) 星期五1-2节 [5] 沪西二教127小教室
MED537901,药理学实验（英）,2,,"张介平,韩华,苏丹","00778,13170,97760",",,",专业基础课,英语,沪西校区,2024(临床医学(MBBS) 14001),0,1,16,韩华(13170) 星期六5-9节 [12] 机能实验教学中心 苏丹(97760) 星期六5-8节 [2-4双] 机能实验教学中心 张介平(00778) 星期六5-10节 [6-8双] 机能实验教学中心 韩华(13170) 星期六5-10节 [10] 机能实验教学中心 苏丹(97760) 星期六9-9节 [4] 机能实验教学中心
MED545301,诊断学（英）,5,,"刘琦,李颖,潘丽珍,杨丽,严文文,沈玉芹,宋浩明,褚旭霞,车琳","00844,01814,02831,03823,1500110,92814,93808,94811,94860",",,,,,,,,",专业必修课,英语,沪西校区,2024(临床医学(MBBS) 14001),0,1,16,严文文(1500110) 星期一1-4节 [12] 沪西二教133小教室 沈玉芹(92814) 星期一1-4节 [3] 沪西二教133小教室 褚旭霞(94811) 星期一1-4节 [5] 沪西二教133小教室 杨丽(03823) 星期一1-4节 [8] 沪西二教133小教室 宋浩明(93808) 星期一1-2节 [1] 沪西二教133小教室 褚旭霞(94811) 星期一1-4节 [6] 沪西二教133小教室 李颖(01814) 星期一3-4节 [1] 沪西二教133小教室 车琳(94860) 星期一3-4节 [11] 沪西二教133小教室 刘琦(00844) 星期一3-4节 [2 15] 沪西二教133小教室 潘丽珍(02831) 星期一3-4节 [10] 沪西二教133小教室 沈玉芹(92814) 星期二3-4节 [2] 沪西二教133小教室 车琳(94860) 星期二3-4节 [11] 沪西二教133小教室 褚旭霞(94811) 星期二3-4节 [6] 沪西二教133小教室 严文文(1500110) 星期二3-4节 [12] 沪西二教133小教室 杨丽(03823) 星期二3-4节 [8] 沪西二教133小教室 李颖(01814) 星期二3-4节 [1] 沪西二教133小教室 褚旭霞(94811) 星期三5-7节 [5-15] 肺科医院 沈玉芹(92814) 星期三5-7节 [3] 肺科医院
MED545401,实验诊断学（英）,3,,"孙奋勇,闻静","1100088,1400331",",null",专业必修课,英语,沪西校区,2024(临床医学(MBBS) 14001),0,1,16,孙奋勇(1100088) 星期四5-6节 [1] 沪西二教133小教室 闻静(1400331) 星期五5-8节 [1 4-9] 沪西二教133小教室 闻静(1400331) 星期五5-7节 [10-11] 沪西二教133小教室 闻静(1400331) 星期五5-7节 [12-15] 第十人民医院
MED545501,影像诊断学（英）,4,,"王培军,褚旭霞","05810,94811",",",专业必修课,英语,沪西校区,2024(临床医学(MBBS) 14001),0,1,16,王培军(05810) 星期二1-2节 [12-13] 沪西二教133小教室 褚旭霞(94811) 星期二1-2节 [1-11 14-15] 沪西二教133小教室 褚旭霞(94811) 星期四5-7节 [2-6双 9-11 13-14] 肺科医院 褚旭霞(94811) 星期四5-6节 [5-7单 12 15] 肺科医院
MED645601,卫生学（英）,2,,"王兰芳,韩华,徐曼妮","03093,13170,96754",",,",专业必修课,英语,沪西校区,2023(临床医学(MBBS) 14001),0,1,16,王兰芳(03093) 星期四3-4节 [2-4双 5-8 10-14] 沪西二教210小教室 韩华(13170) 星期四3-4节 [9] 沪西二教210小教室 韩华(13170) 星期四5-8节 [13] 沪西二教210小教室 徐曼妮(96754) 星期四5-8节 [6] 沪西二教210小教室
MED746501,内科学2（英）,5,,"刘琦,李颖,王志荣,葛艳丽,常义忠,刘瑞麟,杨文卓,杨丽,朱风尚,杨长青,石炜祺,张俊杰,钟岚,何梅,李羚,郑玲,李婧,韩峻峰,褚旭霞,王胜兰,余莉","00844,01814,01816,01829,02835,02890,02891,03823,04816,05802,05855,08851,1200007,1200054,1400061,1400277,1500947,2305049,94811,95857,96778",",,,,,,,,,,null,,,,,null,,,,,",专业必修课,英语,沪西校区,2023(临床医学(MBBS) 14001),0,1,16,王胜兰(95857) 星期一3-4节 [12] 沪西二教210小教室 朱风尚(04816) 星期一3-4节 [11] 沪西二教210小教室 李颖(01814) 星期一3-4节 [14] 沪西二教210小教室 刘瑞麟(02890) 星期一3-4节 [6] 沪西二教210小教室 张俊杰(08851) 星期一3-4节 [9] 沪西二教210小教室 钟岚(1200007) 星期一3-4节 [8] 沪西二教210小教室 褚旭霞(94811) 星期一3-4节 [1-3 10 13-15单 16] 沪西二教210小教室 何梅(1200054) 星期一3-3节 [5-7单] 沪西二教210小教室 郑玲(1400277) 星期一4-4节 [5] 沪西二教210小教室 刘瑞麟(02890) 星期一4-4节 [7] 沪西二教210小教室 李羚(1400061) 星期三1-2节 [16] 沪西二教129小教室 李婧(1500947) 星期三1-2节 [8] 沪西二教129小教室 刘琦(00844) 星期三1-2节 [15] 沪西二教129小教室 郑玲(1400277) 星期三1-2节 [6] 沪西二教129小教室 杨文卓(02891) 星期三1-2节 [10] 沪西二教129小教室 何梅(1200054) 星期三1-2节 [5] 沪西二教129小教室 杨丽(03823) 星期三1-2节 [9] 沪西二教129小教室 李颖(01814) 星期三1-2节 [13] 沪西二教129小教室 余莉(96778) 星期三1-2节 [3-4] 沪西二教129小教室 杨长青(05802) 星期三1-2节 [11] 沪西二教129小教室 韩峻峰(2305049) 星期三1-2节 [12] 沪西二教129小教室 褚旭霞(94811) 星期三1-2节 [1-2 14] 沪西二教129小教室 王志荣(01816) 星期三1-2节 [7] 沪西二教129小教室 刘琦(00844) 星期四5-7节 [14] 杨浦区中心医院 石炜祺(05855) 星期四5-7节 [7-8 15] 杨浦区中心医院 葛艳丽(01829) 星期四5-7节 [12] 杨浦区中心医院 常义忠(02835) 星期四5-7节 [10] 杨浦区中心医院
MED746601,外科学2（英）,8,,"李立钧,马敏,沈冬威,沈雷,钟明安,何川琦,忻元峰,沈彬,黄宇峰,王学雷,李容炳,韩宁,张欢,韩晶","1100039,1400129,1400186,1400192,1400195,1400213,1400223,1400226,1400227,1400248,1400253,1600101,1701780,92840",",,null,,,,,,,,,,null,",专业必修课,英语,沪西校区,2023(临床医学(MBBS) 14001),0,1,16,张欢(1701780) 星期一5-7节 [14-15] 杨浦区中心医院 忻元峰(1400223) 星期三5-8节 [13] 沪西二教129小教室 李容炳(1400253) 星期三5-6节 [16] 沪西二教129小教室 张欢(1701780) 星期三5-8节 [8 12] 沪西二教129小教室 钟明安(1400195) 星期三5-7节 [3] 杨浦区中心医院 张欢(1701780) 星期三5-7节 [7] 沪西二教129小教室 韩宁(1600101) 星期三5-6节 [9-10] 沪西二教129小教室 张欢(1701780) 星期三5-6节 [1-2 4-6 11 14-15] 沪西二教129小教室 李立钧(1100039) 星期三7-8节 [9] 沪西二教129小教室 张欢(1701780) 星期三7-8节 [2-4双 10 14-16] 沪西二教129小教室 沈彬(1400226) 星期三7-8节 [11] 沪西二教129小教室 韩晶(92840) 星期三7-8节 [1] 沪西二教129小教室 张欢(1701780) 星期四5-7节 [16] 东方医院 钟明安(1400195) 星期五3-4节 [1] 沪西二教129小教室 张欢(1701780) 星期五3-4节 [4-6 8-12双 13-14] 沪西二教129小教室 马敏(1400129) 星期五3-4节 [11] 沪西二教129小教室 王学雷(1400248) 星期五3-4节 [15] 沪西二教129小教室 黄宇峰(1400227) 星期五3-4节 [9] 沪西二教129小教室 何川琦(1400213) 星期五3-4节 [7] 沪西二教129小教室 韩宁(1600101) 星期五5-7节 [10] 杨浦区中心医院 忻元峰(1400223) 星期五5-7节 [14] 杨浦区中心医院 沈冬威(1400186) 星期五5-7节 [6] 杨浦区中心医院 沈雷(1400192) 星期五5-7节 [1] 杨浦区中心医院 张欢(1701780) 星期五5-7节 [4-5 7-9 11-13 15] 杨浦区中心医院
MED746701,妇产科学（英）,5,,"叶庆华,雷蕾,薛雪,张欢","1400697,1400699,1400701,1701780",",,,null",专业必修课,英语,沪西校区,2023(临床医学(MBBS) 14001),0,1,16,张欢(1701780) 星期一5-6节 [3-5单 9-11] 肺科医院 张欢(1701780) 星期二3-4节 [14] 沪西二教129小教室 叶庆华(1400697) 星期三3-4节 [4-6双 9] 沪西二教129小教室 张欢(1701780) 星期三3-4节 [1-2 5-7单 8 11 14-16] 沪西二教129小教室 雷蕾(1400699) 星期三3-4节 [3 10-12双 13] 沪西二教129小教室 张欢(1701780) 星期四3-4节 [16] 沪西二教210小教室 叶庆华(1400697) 星期五1-2节 [6] 沪西二教129小教室 张欢(1701780) 星期五1-2节 [1 4-5 7-15] 沪西二教129小教室 张欢(1701780) 星期六5-6节 [12 16] 东方医院 雷蕾(1400699) 星期六5-6节 [13] 东方医院 薛雪(1400701) 星期六5-6节 [15] 东方医院
MED746801,皮肤性病学（英）,2,,"闻静,史玉玲","1400331,96817","null,",专业必修课,英语,沪西校区,2023(临床医学(MBBS) 14001),0,1,16,史玉玲(96817) 星期一1-2节 [1] 沪西二教210小教室 闻静(1400331) 星期一1-2节 [2-3 5-11] 沪西二教210小教室 闻静(1400331) 星期日5-7节 [2-8双] 第十人民医院
MED746901,神经病学（英）,2,,"潘丽珍,郑加麟,靳令经,褚旭霞","02831,11850,1300222,94811",",,,",专业必修课,英语,沪西校区,2023(临床医学(MBBS) 14001),0,1,16,褚旭霞(94811) 星期一5-6节 [12-13] 同济医院 靳令经(1300222) 星期二3-4节 [2] 沪西二教129小教室 褚旭霞(94811) 星期二3-4节 [1-3单 4-5 7-10 13-15单] 沪西二教129小教室 潘丽珍(02831) 星期二3-4节 [11-12] 沪西二教129小教室 郑加麟(11850) 星期二3-4节 [6] 沪西二教129小教室
MED747001,急诊医学（英）,2,,"诸晨霆,唐伦先,周书琴,季晟超,刘杨,张欢,许淑敏","09812,1400095,1600043,1600107,1600110,1701780,1701834",",,,,,null,",专业必修课,英语,沪西校区,2023(临床医学(MBBS) 14001),0,1,16,季晟超(1600107) 星期一5-6节 [16] 东方医院 刘杨(1600110) 星期四1-2节 [10] 沪西二教210小教室 许淑敏(1701834) 星期四1-2节 [6 16] 沪西二教210小教室 周书琴(1600043) 星期四1-2节 [8] 沪西二教210小教室 张欢(1701780) 星期四1-2节 [2 5-11单 12-15] 沪西二教210小教室 诸晨霆(09812) 星期四1-2节 [4] 沪西二教210小教室 唐伦先(1400095) 星期四1-2节 [1] 沪西二教210小教室
MED747101,全科医学（英）,2,,"黄东雅,程玲,李栩,江华,滕丽莉,刘芳,雷蕾,崔芳,韩宁,张欢","03809,1400112,1400116,1400509,1400511,1400680,1400699,1400781,1600101,1701780",",,,,,,,null,,null",专业必修课,英语,沪西校区,2023(临床医学(MBBS) 14001),0,1,16,雷蕾(1400699) 星期四1-2节 [8] 沪西二教129小教室 张欢(1701780) 星期四1-2节 [4-5] 沪西二教129小教室 黄东雅(03809) 星期四1-2节 [7] 沪西二教129小教室 韩宁(1600101) 星期四1-2节 [2] 沪西二教129小教室 刘芳(1400680) 星期四1-2节 [9] 沪西二教129小教室 李栩(1400116) 星期四1-2节 [6] 沪西二教129小教室 江华(1400509) 星期四1-2节 [1-3单] 沪西二教129小教室 张欢(1701780) 星期四5-7节 [2] 东方医院 程玲(1400112) 星期四5-7节 [11] 东方医院 崔芳(1400781) 星期四5-7节 [9] 东方医院 滕丽莉(1400511) 星期四5-7节 [4] 东方医院 张欢(1701780) 星期四5-6节 [1] 东方医院
MED563501,临床实习1（英）,2,,"杨长青,贾鑫明,罗轶玮","05802,09035,1600067",",,",实践环节课程,英语,沪西校区,2022(临床医学(MBBS) 14001),0,1,16,罗轶玮(1600067) 星期六1-4节 [3 6] 附属医院 星期六1-4节 [7-16] 附属医院 贾鑫明(09035) 星期六1-4节 [2 5] 附属医院 杨长青(05802) 星期六1-4节 [1 4] 附属医院
MED350301,卫生管理和卫生法规,2,,孙小婷,22213,,专业选修课,中文,四平路校区,"2024(口腔医学 14025),2024(口腔医学“5+3”一体化拔尖创新实验班 14201)",0,1,16,孙小婷(22213) 星期日5-6节 [1-16] 不排教室
MED331901,预防医学,3,,"王兰芳,陈椒,徐曼妮","03093,06163,96754",",,",专业基础课,中文,沪西校区,"2024(临床医学(5+3一体化) 14002),2024(临床医学 14004),2024(临床医学(领军人才培养) 14065)",0,1,15,王兰芳(03093) 星期一5-8节 [15] 二教3楼实验室(沪西校区) 王兰芳(03093) 星期一5-7节 [10-11 13-14] 二教3楼实验室(沪西校区) 徐曼妮(96754) 星期三5-6节 [1-3] 沪西二教223阶梯教室 徐曼妮(96754) 星期五1-2节 [4-5 11-12] 沪西二教223阶梯教室 王兰芳(03093) 星期五1-2节 [6-10] 沪西二教223阶梯教室 陈椒(06163) 星期五1-2节 [13-15] 沪西二教223阶梯教室
MED331902,预防医学,3,,"王兰芳,陈椒,徐曼妮","03093,06163,96754",",,",专业基础课,中文,沪西校区,"2024(临床医学(5+3一体化) 14002),2024(临床医学 14004),2024(临床医学(中德实验班) 14061),2024(临床医学(领军人才培养) 14065)",0,1,15,王兰芳(03093) 星期一5-6节 [3] 沪西二教135阶梯教室 徐曼妮(96754) 星期四3-4节 [1 6-9 14-15] 沪西二教325阶梯教室 王兰芳(03093) 星期四3-4节 [2-4双 5 13] 沪西二教325阶梯教室 陈椒(06163) 星期四3-4节 [10-12] 沪西二教325阶梯教室
MED351401,纳米医学,1,,林超,09039,,专业选修课,中文,沪西校区,"2024(医学试验班(国豪精英班) 09007),2024(临床医学(5+3一体化) 14002),2024(临床医学 14004),2024(基础医学 14060),2024(临床医学(中德实验班) 14061),2024(临床医学(领军人才培养) 14065),2025(康复物理治疗 14056)",0,1,10,林超(09039) 星期五9-10节 [1-10] 沪西二教223阶梯教室
MED000801,五彩缤纷的发光材料,2,,"张兵波,陈炳地,邓翠君,杨维涛,吕诚","09040,12520,18605,19616,20141",",,,,",科学探索与生命关怀,中文,四平路校区,,0,1,12,"陈炳地(12520) 星期一7-8节 [6] 南217 邓翠君(18605) 星期一7-8节 [10] 南217 邓翠君(18605),杨维涛(19616),吕诚(20141) 星期一7-8节 [11-12] 南217 张兵波(09040) 星期一7-8节 [1] 南217 杨维涛(19616) 星期一7-8节 [2-5] 南217 吕诚(20141) 星期一7-8节 [7-9] 南217"
MED000802,五彩缤纷的发光材料,2,,"张兵波,陈炳地,邓翠君,杨维涛,吕诚","09040,12520,18605,19616,20141",",,,,",科学探索与生命关怀,中文,嘉定校区,,0,1,12,"邓翠君(18605),杨维涛(19616),吕诚(20141) 星期三7-8节 [11-12] 博楼B415 邓翠君(18605) 星期三7-8节 [10] 博楼B415 吕诚(20141) 星期三7-8节 [7-9] 博楼B415 张兵波(09040) 星期三7-8节 [1] 博楼B415 杨维涛(19616) 星期三7-8节 [2-6] 博楼B415"
MED000803,五彩缤纷的发光材料,2,,"张兵波,陈炳地,邓翠君,杨维涛,吕诚","09040,12520,18605,19616,20141",",,,,",科学探索与生命关怀,中文,沪西校区,,0,1,12,"张兵波(09040) 星期四9-10节 [1] 沪西二教221中教室 陈炳地(12520) 星期四9-10节 [6] 沪西二教221中教室 吕诚(20141) 星期四9-10节 [7-9] 沪西二教221中教室 邓翠君(18605) 星期四9-10节 [10] 沪西二教221中教室 杨维涛(19616) 星期四9-10节 [2-5] 沪西二教221中教室 邓翠君(18605),杨维涛(19616),吕诚(20141) 星期四9-10节 [11-12] 沪西二教221中教室"
MED243401,护理伦理学,1,,"魏春岚,史靖宇,王艳波","00784,12217,99747",",,",专业必修课,中文,沪西校区,2025(护理学 14044),0,1,8,史靖宇(12217) 星期二1-2节 [6-7] 沪西二教210小教室 魏春岚(00784) 星期二1-2节 [4 8] 沪西二教210小教室 王艳波(99747) 星期二1-2节 [1-3 5] 沪西二教210小教室
MED353301,肿瘤学概论,2,,"周崧雯,赵德平,任胜祥,陈昶,苏春霞,史景云,武春燕,何雅億,陈晓霞,吴凤英","1100062,1100063,1300018,1300026,1300035,1300245,1500032,1500136,1500200,1701823",",,,,,,,,,",专业选修课,中英,沪西校区,2024(护理学 14044),0,1,16,陈昶(1300026) 星期二9-10节 [2 16] 沪西二教217小教室 苏春霞(1300035) 星期二9-10节 [1] 沪西二教217小教室 赵德平(1100063) 星期二9-10节 [15] 沪西二教217小教室 吴凤英(1701823) 星期二9-10节 [5] 沪西二教217小教室 陈晓霞(1500200) 星期二9-10节 [10] 沪西二教217小教室 何雅億(1500136) 星期二9-10节 [3] 沪西二教217小教室 周崧雯(1100062) 星期二9-10节 [11] 沪西二教217小教室 任胜祥(1300018) 星期二9-10节 [12-14] 沪西二教217小教室 武春燕(1500032) 星期二9-10节 [6-9] 沪西二教217小教室 史景云(1300245) 星期二9-10节 [4] 沪西二教217小教室
MED333501,运动机能学,4,,"林建华,胡国炯,罗剑,张宪,林宇峰","1400508,2106045,21854,2205627,2405703",",,,,",专业基础课,中文,沪西校区,2024(康复物理治疗 14056),0,1,9,"林宇峰(2405703) 星期一5-8节 [5-7单 8] 阳光康复2206 张宪(2205627) 星期一5-8节 [3] 阳光康复2206 林建华(1400508) 星期一5-8节 [2 6] 阳光康复2206 林建华(1400508),罗剑(21854) 星期一5-8节 [1] 阳光康复2206 胡国炯(2106045) 星期一5-8节 [9] 阳光康复2206 林宇峰(2405703) 星期四5-8节 [5-7单 8] 阳光康复2206 胡国炯(2106045) 星期四5-8节 [1-2 4 9] 阳光康复2206 林建华(1400508) 星期四5-8节 [6] 阳光康复2206"
,骨骼肌肉系统物理治疗1,4,,"林建华,胡国炯,罗剑,张宪,林宇峰","1400508,2106045,21854,2205627,2405703",",,,,",专业必修课,中文,沪西校区,2024(康复物理治疗 14056),0,2,16,"林建华(1400508) 星期三5-8节 [11-14] 阳光康复2206 林宇峰(2405703) 星期三5-8节 [7-8 15-16] 阳光康复2206 林建华(1400508),罗剑(21854) 星期三5-8节 [2] 阳光康复2206 胡国炯(2106045) 星期三5-8节 [5-6] 阳光康复2206 张宪(2205627) 星期三5-8节 [3-4 9-10] 阳光康复2206 林宇峰(2405703) 星期四5-8节 [16] 阳光康复2206"
,神经系统物理治疗1,4,,"靳令经,胡佳,沈霞","1300222,1400719,18003",",,",专业必修课,中文,沪西校区,2024(康复物理治疗 14056),0,1,16,"胡佳(1400719) 星期二1-2节 [3] 阳光康复2206 胡佳(1400719),沈霞(18003) 星期二1-4节 [16] 阳光康复2206 胡佳(1400719) 星期二1-3节 [2 10] 阳光康复2206 胡佳(1400719) 星期二1-4节 [6-9] 阳光康复2206 靳令经(1300222) 星期二1-4节 [1] 阳光康复2206 沈霞(18003) 星期二1-4节 [4-5 11-15] 阳光康复2206 沈霞(18003) 星期五1-2节 [15] 阳光康复2206 胡佳(1400719) 星期五1-2节 [10] 阳光康复2206"
MED230801,生命科学综合实验1,3,,"李姣,高芙蓉","07085,10017",",",专业基础课,中英,沪西校区,"2025(临床医学(5+3一体化) 14002),2025(临床医学 14004)",0,1,10,"李姣(07085),高芙蓉(10017) 星期五3-8节 [1 4-10] 二教3楼实验室(沪西校区)"
MED230802,生命科学综合实验1,3,,"杨红,史秀娟,金彩霞,郑礼涛,翟琳辉","09110,09174,12060,22145,24099","副教授,,副教授,助理教授（长聘体系）,",专业基础课,中英,沪西校区,"2025(临床医学(5+3一体化) 14002),2025(临床医学 14004)",0,1,9,"杨红(09110),史秀娟(09174),金彩霞(12060),郑礼涛(22145),翟琳辉(24099) 星期四3-8节 [1-2 4-9] 二教3楼实验室(沪西校区)"
MED230803,生命科学综合实验1,3,,"李姣,王娟,安毛毛,杨丹静,张陈,王一云,吴锦欢,吕立夏","07085,10014,13144,13560,15013,23102,25077,98738",",副教授,教授,工程师,高级工程师,,预聘副教授,教授",专业基础课,中英,沪西校区,"2025(医学试验班(国豪精英班) 09007),2025(基础医学 14060),2025(临床医学(中德实验班) 14061),2025(临床医学(领军人才培养) 14065)",0,1,8,"李姣(07085),王娟(10014),安毛毛(13144),杨丹静(13560),张陈(15013),王一云(23102),吴锦欢(25077),吕立夏(98738) 星期三3-8节 [1-8] 二教3楼实验室(沪西校区)"
MED230804,生命科学综合实验1,3,,"田海滨,许洁,陈玉平,徐磊","12218,14097,23076,96758","副教授,,预聘副教授,",专业基础课,中英,沪西校区,2025(临床医学（福大班） 14066),0,1,9,"田海滨(12218),许洁(14097),陈玉平(23076),徐磊(96758) 星期一3-8节 [1-3 5-9] 二教3楼实验室(沪西校区)"
MED350201,循证医学,1,,"张丽娟,张杰,夏璐","07138,11096,2305171",",,",专业选修课,中文,沪西校区,"2024(临床医学(5+3一体化) 14002),2024(临床医学 14004),2024(临床医学(中德实验班) 14061),2024(临床医学(领军人才培养) 14065)",0,5,9,张丽娟(07138) 星期六1-4节 [6] 学校机房423(沪西) 张杰(11096) 星期六1-4节 [7-8] 学校机房423(沪西) 夏璐(2305171) 星期六2-4节 [5] 学校机房423(沪西) 张杰(11096) 星期六2-2节 [9] 学校机房423(沪西)
MED350202,循证医学,1,,"张丽娟,张杰,夏璐","07138,11096,2305171",",,",专业选修课,中文,沪西校区,"2024(临床医学(5+3一体化) 14002),2024(临床医学 14004),2024(临床医学(中德实验班) 14061),2024(临床医学(领军人才培养) 14065)",0,5,9,张杰(11096) 星期六3-3节 [9] 学校机房423(沪西) 张丽娟(07138) 星期六5-8节 [6] 学校机房423(沪西) 夏璐(2305171) 星期六5-7节 [5] 学校机房423(沪西) 张杰(11096) 星期六5-8节 [7-8] 学校机房423(沪西)
MED350203,循证医学,1,,"张丽娟,张杰,夏璐","07138,11096,2305171",",,",专业选修课,中文,沪西校区,"2024(临床医学(5+3一体化) 14002),2024(临床医学 14004),2024(临床医学(中德实验班) 14061),2024(临床医学(领军人才培养) 14065)",0,8,12,张杰(11096) 星期日1-4节 [10-11] 学校机房423(沪西) 张丽娟(07138) 星期日1-4节 [9] 学校机房423(沪西) 夏璐(2305171) 星期日2-4节 [8] 学校机房423(沪西) 张杰(11096) 星期日2-2节 [12] 学校机房423(沪西)
MED340301,诊断学综合1,2,,"梅爱红,李譞,钱春花,谈敏,汤茂春,李微","1400301,1400303,1400305,1400316,1400326,1701220",",,,讲师,,",专业必修课,中文,沪西校区,"2024(临床医学(5+3一体化) 14002),2024(临床医学 14004),2024(临床医学(领军人才培养) 14065)",0,1,13,谈敏(1400316) 星期三1-2节 [5-6] 沪西二教221中教室 钱春花(1400305) 星期三1-2节 [8-10双 11-12] 沪西二教221中教室 钱春花(1400305) 星期三1-1节 [13] 沪西二教221中教室 梅爱红(1400301) 星期三1-1节 [7] 沪西二教221中教室 李譞(1400303) 星期三1-2节 [1-3] 沪西二教221中教室 李微(1701220) 星期三1-2节 [9] 沪西二教221中教室 汤茂春(1400326) 星期三1-2节 [4] 沪西二教221中教室
MED340302,诊断学综合1,2,,"刘琦,刘洋,李冬,刘光辉,严文文,潘玲玲,宋浩明","00844,01832,1200056,1400271,1500110,1701826,93808",",,,,,,",专业必修课,中英,沪西校区,"2024(临床医学(5+3一体化) 14002),2024(临床医学 14004),2024(临床医学(领军人才培养) 14065)",0,1,13,宋浩明(93808) 星期二1-2节 [1] 沪西二教312智慧教室(大) 刘洋(01832) 星期二1-2节 [4] 沪西二教312智慧教室(大) 严文文(1500110) 星期二1-2节 [3] 沪西二教312智慧教室(大) 李冬(1200056) 星期二1-2节 [10-12] 沪西二教312智慧教室(大) 李冬(1200056) 星期二1-1节 [13] 沪西二教312智慧教室(大) 刘琦(00844) 星期二1-2节 [5-6] 沪西二教312智慧教室(大) 潘玲玲(1701826) 星期二1-2节 [2 8] 沪西二教312智慧教室(大) 刘光辉(1400271) 星期二1-2节 [9] 沪西二教312智慧教室(大) 刘琦(00844) 星期二1-1节 [7] 沪西二教312智慧教室(大)
MED340303,诊断学综合1,2,,"范列英,钟岚,郭忠良,丁媛媛,宗明,李栩,于园,袁琼英,陆金来,陆柳","1100043,1200007,1200107,1400101,1400106,1400116,1400127,1400153,1400774,2000790",",,,,,,,,,",专业必修课,中文,沪西校区,"2024(临床医学(5+3一体化) 14002),2024(临床医学 14004),2024(临床医学(中德实验班) 14061),2024(临床医学(领军人才培养) 14065)",0,1,13,李栩(1400116) 星期二1-2节 [6-7] 沪西二教219中教室 宗明(1400106) 星期二1-2节 [12] 沪西二教219中教室 陆柳(2000790) 星期二1-1节 [13] 沪西二教219中教室 丁媛媛(1400101) 星期二1-2节 [11] 沪西二教219中教室 郭忠良(1200107) 星期二1-2节 [8] 沪西二教219中教室 范列英(1100043) 星期二1-2节 [10] 沪西二教219中教室 袁琼英(1400153) 星期二1-2节 [2-4] 沪西二教219中教室 陆金来(1400774) 星期二1-2节 [9] 沪西二教219中教室 钟岚(1200007) 星期二1-2节 [1] 沪西二教219中教室 李栩(1400116) 星期二1-1节 [5] 沪西二教219中教室
MED340304,诊断学综合1,2,,"冯雪芳,蔡敏,张文佳,王璐,黄蓓洁,蔡玉婵","1500044,1500971,1500983,1500996,1501002,1600055",",,null,null,,",专业必修课,中文,沪西校区,"2024(临床医学(5+3一体化) 14002),2024(临床医学 14004),2024(临床医学(领军人才培养) 14065)",0,1,13,王璐(1500996) 星期三1-1节 [13] 沪西二教215中教室 冯雪芳(1500044) 星期三1-2节 [1-2 5-6 8] 沪西二教215中教室 蔡敏(1500971) 星期三1-2节 [4] 沪西二教215中教室 黄蓓洁(1501002) 星期三1-2节 [9-10] 沪西二教215中教室 张文佳(1500983) 星期三1-2节 [3] 沪西二教215中教室 冯雪芳(1500044) 星期三1-1节 [7] 沪西二教215中教室 蔡玉婵(1600055) 星期三1-2节 [11-12] 沪西二教215中教室
MED340305,诊断学综合1,2,,施晓倩,2105850,,专业必修课,中文,沪西校区,"2024(临床医学(5+3一体化) 14002),2024(临床医学 14004),2024(临床医学(领军人才培养) 14065)",0,1,13,施晓倩(2105850) 星期三1-1节 [7 13] 沪西二教310智慧教室(小) 施晓倩(2105850) 星期三1-2节 [1-6 8-12] 沪西二教310智慧教室(小)
MED345001,内科学,6,,"宋小莲,张国良,彭爱梅,刘洋,周可,裴艳","1400302,1400314,1400315,1400318,1400330,93795",",null,null,null,,",专业必修课,中文,四平路校区,"2024(口腔医学 14025),2024(口腔医学“5+3”一体化拔尖创新实验班 14201)",0,1,16,裴艳(93795) 星期一1-2节 [6-15] 沪北泰禾楼505 宋小莲(1400302) 星期一1-2节 [1] 沪北泰禾楼505 彭爱梅(1400315) 星期一1-2节 [2 5] 沪北泰禾楼505 刘洋(1400318) 星期一1-2节 [3] 沪北泰禾楼505 宋小莲(1400302) 星期二1-2节 [15] 沪北泰禾楼505 彭爱梅(1400315) 星期三1-2节 [1-3单] 沪北泰禾楼505 张国良(1400314) 星期三1-2节 [2] 沪北泰禾楼505 裴艳(93795) 星期三1-2节 [6-7 10-15] 沪北泰禾楼505 周可(1400330) 星期三1-2节 [5] 沪北泰禾楼505 裴艳(93795) 星期四1-2节 [12-13] 沪北泰禾楼505 刘洋(1400318) 星期四1-2节 [2] 沪北泰禾楼505 周可(1400330) 星期五1-2节 [5] 沪北泰禾楼505 裴艳(93795) 星期五1-2节 [10-15] 沪北泰禾楼505 宋小莲(1400302) 星期五1-2节 [4-6双] 沪北泰禾楼505 裴艳(93795) 星期五1-1节 [7] 沪北泰禾楼505
MED345101,外科学,6,,"王磊,孟红波,房林,郝振宏,卢列盛,平定,张海民,姜维,陈先震","00774,00799,1200038,1400032,1400035,1400042,1400280,1400296,1400362",",,,null,null,null,讲师,,",专业必修课,中文,四平路校区,"2024(口腔医学 14025),2024(口腔医学“5+3”一体化拔尖创新实验班 14201)",0,1,15,郝振宏(1400032) 星期一3-4节 [10] 沪北泰禾楼505 陈先震(1400362) 星期一3-4节 [7] 沪北泰禾楼505 房林(1200038) 星期一3-4节 [1] 沪北泰禾楼505 卢列盛(1400035) 星期一3-4节 [12-15] 沪北泰禾楼505 姜维(1400296) 星期一3-4节 [2] 沪北泰禾楼505 张海民(1400280) 星期一3-4节 [11] 沪北泰禾楼505 孟红波(00799) 星期一3-4节 [5] 沪北泰禾楼505 平定(1400042) 星期一3-4节 [8-9] 沪北泰禾楼505 王磊(00774) 星期一3-4节 [3 6] 沪北泰禾楼505 姜维(1400296) 星期三3-4节 [2] 沪北泰禾楼505 房林(1200038) 星期三3-4节 [1 15] 沪北泰禾楼505 王磊(00774) 星期三3-4节 [3] 沪北泰禾楼505 郝振宏(1400032) 星期三3-4节 [9] 沪北泰禾楼505 平定(1400042) 星期三3-4节 [8] 沪北泰禾楼505 陈先震(1400362) 星期三3-4节 [6-7] 沪北泰禾楼505 钱明平(1400361) 星期三3-4节 [5] 沪北泰禾楼505 钱明平(1400361) 星期四3-4节 [5] 沪北泰禾楼505 姜维(1400296) 星期四3-4节 [2] 沪北泰禾楼505 孙伟(05856) 星期四3-4节 [10-12双] 沪北泰禾楼505 平定(1400042) 星期四3-4节 [8] 沪北泰禾楼505 王磊(00774) 星期四3-4节 [4] 沪北泰禾楼505 房林(1200038) 星期四3-4节 [1] 沪北泰禾楼505 卢列盛(1400035) 星期四3-4节 [9] 沪北泰禾楼505 陈先震(1400362) 星期四3-4节 [6] 沪北泰禾楼505
MED345201,诊断学,4,,"宋小莲,李譞,闻静,仓彦","1400302,1400303,1400331,1400341",",,null,",专业必修课,中文,四平路校区,"2024(口腔医学 14025),2024(口腔医学“5+3”一体化拔尖创新实验班 14201)",0,1,15,仓彦(1400341) 星期一5-6节 [2] 沪北泰禾楼505 李譞(1400303) 星期一5-7节 [6] 沪北泰禾楼505 李譞(1400303) 星期一5-6节 [9] 沪北泰禾楼505 宋小莲(1400302) 星期一5-6节 [1] 沪北泰禾楼505 李譞(1400303) 星期一5-5节 [7] 沪北泰禾楼505 李譞(1400303) 星期二3-4节 [1 5-7单 8-15] 沪北泰禾楼505 李譞(1400303) 星期二3-3节 [6] 沪北泰禾楼505 李譞(1400303) 星期四1-2节 [4 8] 沪北泰禾楼505 宋小莲(1400302) 星期四1-2节 [1] 沪北泰禾楼505 李譞(1400303) 星期四3-4节 [7 11-13单 14] 沪北泰禾楼505 李譞(1400303) 星期四5-7节 [2] 沪北泰禾楼505 李譞(1400303) 星期五3-4节 [9 12] 沪北泰禾楼505
MED336601,人体解剖学Ⅱ(英),5,,"张磊,宋建人,关娜,张晓明","10050,16530,17529,23074",",,,",专业基础课,英语,沪西校区,2025(临床医学(MBBS) 14001),0,1,16,张磊(10050) 星期四5-8节 [16] 解剖实验室 宋建人(16530) 星期五5-8节 [11-12] 解剖实验室 关娜(17529) 星期五5-8节 [8-9] 解剖实验室 张磊(10050) 星期五5-8节 [14-15] 解剖实验室 张晓明(23074) 星期五5-8节 [1 6-7 10 13] 解剖实验室 宋建人(16530) 星期日5-8节 [11] 解剖实验室 张磊(10050) 星期日5-8节 [4-5 15] 解剖实验室 张晓明(23074) 星期日5-8节 [1-3 13] 解剖实验室
MED336401,细胞生物学(英),2,,"崔映宇,高山峨,秦昭,卢毅","07160,09165,17020,21534",",,,null",专业基础课,英语,沪西校区,2025(临床医学(MBBS) 14001),0,1,16,卢毅(21534) 星期三3-4节 [10-11 16] 沪西二教417小教室 秦昭(17020) 星期三3-4节 [1-6] 沪西二教417小教室 高山峨(09165) 星期三3-4节 [7-9] 沪西二教417小教室 崔映宇(07160) 星期三3-4节 [12-15] 沪西二教417小教室
MED336501,生物化学(英),5,,"李姣,杨红,史秀娟,高芙蓉,金彩霞,蔡振宇,吕立夏","07085,09110,09174,10017,12060,20035,98738",",,,,,,",专业基础课,英语,沪西校区,2025(临床医学(MBBS) 14001),0,1,16,杨红(09110) 星期一1-2节 [7-8] 沪西二教417小教室 吕立夏(98738) 星期一1-2节 [10] 沪西二教417小教室 吕立夏(98738) 星期一5-7节 [10] 沪西二教417小教室 高芙蓉(10017) 星期一1-4节 [6] 沪西二教417小教室 蔡振宇(20035) 星期一1-3节 [12] 沪西二教417小教室 蔡振宇(20035) 星期一1-2节 [11] 沪西二教417小教室 蔡振宇(20035) 星期一5-8节 [11] 沪西二教417小教室 李姣(07085) 星期一1-7节 [14] 沪西二教417小教室 高芙蓉(10017) 星期一1-2节 [5 9] 沪西二教417小教室 金彩霞(12060) 星期一1-2节 [2-3] 沪西二教417小教室 金彩霞(12060) 星期一1-4节 [1] 沪西二教417小教室 李姣(07085) 星期一1-2节 [13-15单] 沪西二教417小教室 李姣(07085) 星期一5-8节 [13] 沪西二教417小教室 高芙蓉(10017) 星期一5-7节 [5-6] 沪西二教417小教室 金彩霞(12060) 星期一5-7节 [3] 沪西二教417小教室 杨红(09110) 星期一5-8节 [8] 沪西二教417小教室 杨红(09110) 星期一5-6节 [7] 沪西二教417小教室 高芙蓉(10017) 星期一5-6节 [9] 沪西二教417小教室 吕立夏(98738) 星期一5-8节 [15] 沪西二教417小教室 金彩霞(12060) 星期一5-6节 [1-2] 沪西二教417小教室 史秀娟(09174) 星期三5-6节 [14-16] 沪西二教417小教室
MED340201,全科医学概论,1,,"杜兆辉,张含之,金花,赵欣欣","1400385,1500151,1500154,22130","null,,,",专业必修课,中文,沪西校区,"2024(临床医学(5+3一体化) 14002),2024(临床医学 14004),2024(临床医学(领军人才培养) 14065)",0,9,15,赵欣欣(22130) 星期三5-6节 [15] 淞南社区 杜兆辉(1400385) 星期五3-4节 [9-11 13-14] 沪西二教223阶梯教室 杜兆辉(1400385) 星期五3-3节 [12 15] 沪西二教223阶梯教室 金花(1500154) 星期五4-4节 [15] 沪西二教223阶梯教室
MED340202,全科医学概论,1,,"杜兆辉,张含之,金花,赵欣欣","1400385,1500151,1500154,22130","null,,,",专业选修课,中文,沪西校区,"2024(临床医学(5+3一体化) 14002),2024(临床医学 14004),2024(临床医学(中德实验班) 14061),2024(临床医学(领军人才培养) 14065)",0,9,16,赵欣欣(22130) 星期三5-6节 [16] 淞南社区 金花(1500154) 星期五1-2节 [14] 沪西二教212大教室 杜兆辉(1400385) 星期五1-1节 [15] 沪西二教212大教室 张含之(1500151) 星期五1-2节 [9-11] 沪西二教212大教室 赵欣欣(22130) 星期五1-2节 [13] 沪西二教212大教室 张含之(1500151) 星期五2-2节 [12] 沪西二教212大教室 金花(1500154) 星期五2-2节 [15] 沪西二教212大教室
MED340203,全科医学概论,1,,张含之,1500151,,专业选修课,中文,沪西校区,2024(护理学 14044),0,1,16,张含之(1500151) 星期日9-10节 [1-15单] 不排教室
MED235201,人体生理学,3,,"李育娴,秦颖,秦瑶,黄莺,范晓岑","05186,08002,09042,16028,23189",",,,,",专业基础课,中英,沪西校区,2025(护理学 14044),0,1,13,范晓岑(23189) 星期三1-2节 [11-12] 沪西二教210小教室 秦颖(08002) 星期三1-2节 [8-10] 沪西二教210小教室 黄莺(16028) 星期三1-2节 [1-3] 沪西二教210小教室 秦瑶(09042) 星期三1-2节 [13] 沪西二教210小教室 李育娴(05186) 星期三1-2节 [4-7] 沪西二教210小教室 李育娴(05186) 星期五3-4节 [4-6] 沪西二教210小教室 秦颖(08002) 星期五3-4节 [7-9] 沪西二教210小教室 秦瑶(09042) 星期五3-4节 [13] 沪西二教210小教室 黄莺(16028) 星期五3-4节 [1] 沪西二教210小教室 范晓岑(23189) 星期五3-4节 [10-12] 沪西二教210小教室
MED663801,加强临床训练1（英）,1,,"李颖,杨长青,贾鑫明,罗轶玮","01814,05802,09035,1600067",",,,",实践环节,英语,沪西校区,2021(临床医学(MBBS) 14001),0,1,16,星期日1-4节 [5-16] 附属医院 杨长青(05802) 星期日1-4节 [2] 附属医院 罗轶玮(1600067) 星期日1-4节 [4] 附属医院 李颖(01814) 星期日1-4节 [1] 附属医院 贾鑫明(09035) 星期日1-4节 [3] 附属医院
MED000901,海洋药物与健康,2,,韩华,13170,,科学探索与生命关怀,中文,四平路校区,,0,1,12,韩华(13170) 星期三7-8节 [1-12] 北212
MED001001,生物力学与现代医学,2,,童建华,14163,,科学探索与生命关怀,中文,四平路校区,,0,1,12,童建华(14163) 星期一9-10节 [1-12] 南218
MED001002,生物力学与现代医学,2,,童建华,14163,,科学探索与生命关怀,中文,沪西校区,,0,1,12,童建华(14163) 星期四9-10节 [1-12] 沪西二教219中教室
MED352801,作业治疗学概论,2,,齐燕,2000685,,专业选修课,中文,沪西校区,2024(康复物理治疗 14056),0,1,8,齐燕(2000685) 星期三1-4节 [1-8] 阳光康复2206
MED352601,传统康复治疗学概论,3,,赵卿,2105452,,专业选修课,中文,沪西校区,2024(康复物理治疗 14056),0,10,16,赵卿(2105452) 星期一5-8节 [12-14双 15-16] 阳光康复2206 赵卿(2105452) 星期一5-7节 [10-11 13] 阳光康复2206 赵卿(2105452) 星期四1-2节 [16] 阳光康复2206 赵卿(2105452) 星期四5-7节 [10-11 13] 阳光康复2206 赵卿(2105452) 星期四5-8节 [12-14双 15] 阳光康复2206
MED243601,护理学基础 I,4,,"俞海萍,王薇,贾汝琴","1501014,22129,97766","null,,",专业必修课,中文,沪西校区,2025(护理学 14044),0,1,15,王薇(22129) 星期一5-6节 [7] 二教5楼护理实训室 王薇(22129) 星期一5-8节 [8-9] 二教5楼护理实训室 王薇(22129) 星期四5-8节 [4-8] 二教5楼护理实训室 王薇(22129) 星期四5-6节 [2] 二教5楼护理实训室 贾汝琴(97766) 星期四5-8节 [9-15] 二教5楼护理实训室 俞海萍(1501014) 星期四5-8节 [1] 二教5楼护理实训室
MED343901,内科护理学I,7,,"陈晓霞,汤爱玲,许方蕾","1500200,2105730,91816",",,",专业必修课,中文,沪西校区,2024(护理学 14044),0,1,15,陈晓霞(1500200) 星期三1-4节 [7-10] 沪西二教217小教室 许方蕾(91816) 星期三1-3节 [3-5单] 沪西二教217小教室 汤爱玲(2105730) 星期三1-3节 [14] 沪西二教217小教室 许方蕾(91816) 星期三1-2节 [2] 沪西二教217小教室 汤爱玲(2105730) 星期三1-4节 [11-13] 沪西二教217小教室 许方蕾(91816) 星期三1-4节 [1 4-6双] 沪西二教217小教室 许方蕾(91816) 星期三5-7节 [4-5 8 14-15] 同济医院 许方蕾(91816) 星期三5-6节 [4] 同济医院 许方蕾(91816) 星期四5-6节 [4-5 7-9单 13] 同济医院 许方蕾(91816) 星期四5-8节 [10-12双] 同济医院 许方蕾(91816) 星期四5-7节 [8 11 15] 同济医院 陈晓霞(1500200) 星期五1-3节 [10] 沪西二教217小教室 汤爱玲(2105730) 星期五1-4节 [11-14] 沪西二教217小教室
MED344101,外科护理学,7,,张伟英,1805247,,专业必修课,中文,沪西校区,2024(护理学 14044),0,1,14,张伟英(1805247) 星期一5-7节 [5 11 14] 东方医院 张伟英(1805247) 星期一5-8节 [12] 东方医院 张伟英(1805247) 星期二1-3节 [3-10] 沪西二教217小教室 张伟英(1805247) 星期二1-2节 [11] 沪西二教217小教室 张伟英(1805247) 星期二1-4节 [1-2 12-14] 沪西二教217小教室 张伟英(1805247) 星期三5-8节 [11] 东方医院 张伟英(1805247) 星期三5-7节 [3 7 13] 东方医院 张伟英(1805247) 星期四5-8节 [14] 东方医院 张伟英(1805247) 星期五1-3节 [4-6双 7] 沪西二教217小教室 张伟英(1805247) 星期五1-2节 [5] 沪西二教217小教室 张伟英(1805247) 星期五1-4节 [1 8-9] 沪西二教217小教室 张伟英(1805247) 星期五5-7节 [12] 东方医院 张伟英(1805247) 星期五5-8节 [10 13-14] 东方医院
MED344201,精神科护理学,2,,张曙映,90765,,专业必修课,中文,沪西校区,2024(护理学 14044),0,1,8,张曙映(90765) 星期一5-8节 [2-3 6-8双] 浦东精卫 张曙映(90765) 星期五5-8节 [1 4-6双 7] 沪西二教217小教室
MED253201,中医基础与护理,2,,"刘珺,孙晓,颜琼枝","1500116,1905040,2000512",",,",专业选修课,中文,沪西校区,2025(护理学 14044),0,1,11,孙晓(1905040) 星期三5-6节 [6-10双] 四院 孙晓(1905040) 星期三5-8节 [1 11] 沪西二教210小教室 孙晓(1905040) 星期三5-6节 [5-9单] 沪西二教210小教室 刘珺(1500116) 星期三5-8节 [2] 沪西二教210小教室 颜琼枝(2000512) 星期三5-8节 [3-4] 沪西二教210小教室
MED270901,护理学进展,1,,"江会,俞海萍,马丽莉,黄蓉","1400835,1501014,1600137,1701343",",null,,",个性化课程,中文,沪西校区,2025(护理学 14044),0,1,6,俞海萍(1501014) 星期一5-7节 [2-3] 沪西二教210小教室 马丽莉(1600137) 星期一5-7节 [5] 沪西二教210小教室 黄蓉(1701343) 星期一5-7节 [6] 沪西二教210小教室 江会(1400835) 星期一5-8节 [1] 沪西二教210小教室
MED251101,卓越医师人文与职业素养培养,2,,曾盈,03130,,专业选修课,中文,沪西校区,"2025(临床医学(5+3一体化) 14002),2025(临床医学 14004),2025(临床医学(中德实验班) 14061),2025(临床医学(领军人才培养) 14065),2025(临床医学（福大班） 14066)",0,1,16,曾盈(03130) 星期二9-10节 [1-16] 沪西二教135阶梯教室
MED235301,免疫学与微生物学,2,,"徐新东,季哲,王琳","14171,19073,25247",",,",专业基础课,中文,沪西校区,2025(护理学 14044),0,1,16,徐新东(14171) 星期三3-4节 [13-16] 沪西二教210小教室 季哲(19073) 星期三3-4节 [8-12] 沪西二教210小教室 王琳(25247) 星期三3-4节 [1-7] 沪西二教210小教室
MED344301,护理教育学,2,,王静,1701304,讲师,专业必修课,中文,沪西校区,2024(护理学 14044),0,1,13,王静(1701304) 星期一5-8节 [9-10] 杨浦区中心医院 王静(1701304) 星期四1-2节 [1-13] 沪西二教217小教室
MED344401,护理管理学,2,,许方蕾,91816,,专业必修课,中文,沪西校区,2024(护理学 14044),0,1,12,许方蕾(91816) 星期一3-4节 [1-12] 沪西二教217小教室 许方蕾(91816) 星期三5-6节 [12] 同济医院 许方蕾(91816) 星期三5-8节 [6 10] 同济医院
MED340401,外科学总论,4,,"王磊,孟红波,孙伟,房林,姜维,钱明平,林福清","00774,00799,05856,1200038,1400296,1400361,1600039",",,,,,,",专业必修课,中文,沪西校区,"2024(临床医学(5+3一体化) 14002),2024(临床医学 14004),2024(临床医学(领军人才培养) 14065)",0,1,13,孟红波(00799) 星期二3-4节 [13] 沪西二教122大教室 林福清(1600039) 星期二3-4节 [8-10] 沪西二教122大教室 王磊(00774) 星期二3-4节 [6] 沪西二教122大教室 王磊(00774) 星期二3-3节 [7] 沪西二教122大教室 钱明平(1400361) 星期二3-4节 [11-12] 沪西二教122大教室 王磊(00774) 星期三5-7节 [7-13] 沪西动物中心实验楼 房林(1200038) 星期四1-2节 [1 4 13] 沪西二教221中教室 房林(1200038) 星期四1-1节 [2] 沪西二教221中教室 林福清(1600039) 星期四1-1节 [9] 沪西二教221中教室 姜维(1400296) 星期四1-2节 [5-8] 沪西二教221中教室 孙伟(05856) 星期四1-2节 [10] 沪西二教221中教室 钱明平(1400361) 星期四1-2节 [11-12] 沪西二教221中教室
MED340402,外科学总论,4,,"刘健慧,叶春,刘中砚,黄琦,陈泉宁,张涛,胡志前,赵泽明,朱颖霞,李新平","02807,05806,05868,05871,07817,1400443,2105203,95850,95851,97774",",,,,,,null,,,",专业必修课,中文,沪西校区,"2024(临床医学(5+3一体化) 14002),2024(临床医学 14004),2024(临床医学(领军人才培养) 14065)",0,1,13,胡志前(2105203) 星期一1-2节 [1-3] 沪西二教312智慧教室(大) 张涛(1400443) 星期一1-2节 [13] 沪西二教312智慧教室(大) 刘健慧(02807) 星期一1-2节 [6] 沪西二教312智慧教室(大) 黄琦(05871) 星期一1-2节 [10] 沪西二教312智慧教室(大) 赵泽明(95850) 星期一1-2节 [11] 沪西二教312智慧教室(大) 刘中砚(05868) 星期一1-2节 [12] 沪西二教312智慧教室(大) 李新平(97774) 星期一1-2节 [8-9] 沪西二教312智慧教室(大) 朱颖霞(95851) 星期一1-2节 [7] 沪西二教312智慧教室(大) 陈泉宁(07817) 星期一1-2节 [5] 沪西二教312智慧教室(大) 李新平(97774) 星期三1-2节 [8] 沪西二教312智慧教室(大) 赵泽明(95850) 星期三1-2节 [2] 沪西二教312智慧教室(大) 赵泽明(95850) 星期三1-1节 [1] 沪西二教312智慧教室(大) 叶春(05806) 星期三1-2节 [3] 沪西二教312智慧教室(大) 朱颖霞(95851) 星期三1-2节 [7] 沪西二教312智慧教室(大) 刘健慧(02807) 星期三1-2节 [6] 沪西二教312智慧教室(大) 叶春(05806) 星期三1-1节 [4] 沪西二教312智慧教室(大) 刘健慧(02807) 星期三1-1节 [5] 沪西二教312智慧教室(大)
MED340403,外科学总论,4,,"李立钧,尹峰,王清秀,钟明安,严东羿,韩俊毅,朱哲,徐安安,陆慧红,蒋小华,全红,江期鑫","1100039,1300229,1300234,1400195,1400202,1400204,1400207,1400212,1400261,1500161,1500940,1500941",",,,,,,,,,,,",专业必修课,中文,沪西校区,"2024(临床医学(5+3一体化) 14002),2024(临床医学 14004),2024(临床医学(中德实验班) 14061),2024(临床医学(领军人才培养) 14065)",0,1,15,"蒋小华(1500161) 星期一1-2节 [5] 沪西二教219中教室 徐安安(1400212) 星期一1-2节 [11-12] 沪西二教219中教室 陆慧红(1400261) 星期一1-2节 [2-3] 沪西二教219中教室 李立钧(1100039) 星期一1-2节 [8] 沪西二教219中教室 王清秀(1300234) 星期一1-2节 [6-7] 沪西二教219中教室 韩俊毅(1400204) 星期一1-2节 [9-10] 沪西二教219中教室 尹峰(1300229) 星期一1-2节 [1] 沪西二教219中教室 朱哲(1400207),江期鑫(1500941) 星期一5-7节 [12] 沪西动物中心实验楼 钟明安(1400195) 星期三1-2节 [7] 沪西二教122大教室 陆慧红(1400261) 星期三1-2节 [1-3单] 沪西二教122大教室 王清秀(1300234) 星期三1-2节 [5-6] 沪西二教122大教室 韩俊毅(1400204) 星期三1-2节 [4] 沪西二教122大教室 李立钧(1100039) 星期三1-2节 [8] 沪西二教122大教室 陆慧红(1400261) 星期三1-1节 [2] 沪西二教122大教室 严东羿(1400202) 星期五5-7节 [11] 沪西动物中心实验楼 江期鑫(1500941) 星期五5-7节 [12-15] 沪西动物中心实验楼 全红(1500940) 星期五5-7节 [10] 沪西动物中心实验楼"
MED340404,外科学总论,4,,"嵇承栋,胡孙君,林谋斌,李健,刘海龙,李桢,崔嵘嵘,王晖","1400602,1500007,1500142,1500148,1500972,1500974,1500977,1600065",",,,,,,null,null",专业必修课,中文,沪西校区,"2024(临床医学(5+3一体化) 14002),2024(临床医学 14004),2024(临床医学(领军人才培养) 14065)",0,1,13,李桢(1500974) 星期二3-4节 [7-8 11-12] 沪西二教215中教室 王晖(1600065) 星期二3-4节 [6] 沪西二教215中教室 李健(1500148) 星期二3-4节 [10] 沪西二教215中教室 李桢(1500974) 星期二3-3节 [9] 沪西二教215中教室 林谋斌(1500142) 星期二3-4节 [13] 沪西二教215中教室 刘海龙(1500972) 星期二3-4节 [5] 沪西二教215中教室 胡孙君(1500007) 星期四1-2节 [10] 沪西二教215中教室 王晖(1600065) 星期四1-1节 [6] 沪西二教215中教室 林谋斌(1500142) 星期四1-2节 [12] 沪西二教215中教室 刘海龙(1500972) 星期四1-2节 [4-5] 沪西二教215中教室 嵇承栋(1400602) 星期四1-1节 [2] 沪西二教215中教室 李桢(1500974) 星期四1-2节 [1 7-9 11] 沪西二教215中教室 崔嵘嵘(1500977) 星期五5-7节 [1 4-9] 沪西动物中心实验楼
MED340405,外科学总论,4,,"宋振顺,李成","1400025,1600264",",",专业必修课,中文,沪西校区,"2024(临床医学(5+3一体化) 14002),2024(临床医学 14004),2024(临床医学(领军人才培养) 14065)",0,1,13,李成(1600264) 星期二3-3节 [9] 沪西二教310智慧教室(小) 李成(1600264) 星期二3-4节 [5-8 10-13] 沪西二教310智慧教室(小) 李成(1600264) 星期四1-2节 [8-12] 沪西二教310智慧教室(小) 李成(1600264) 星期四1-1节 [2 6] 沪西二教310智慧教室(小) 宋振顺(1400025) 星期四1-2节 [1-3单 4-5 7] 沪西二教310智慧教室(小) 宋振顺(1400025) 星期五5-7节 [1 4-9] 沪西动物中心实验楼
MED441601,儿科学,3,,杨蓉,1805099,,专业必修课,中英,沪西校区,"2023(临床医学(5+3一体化) 14002),2023(临床医学 14004),2023(临床医学(贯通培养) 14058)",0,1,11,杨蓉(1805099) 星期一1-2节 [1-11] 骊山路201号122室 杨蓉(1805099) 星期三3-4节 [1-10] 骊山路201号122室
MED441602,儿科学,3,,"乔晓红,李福兴,周宁,李威,卢双龙,唐晋清","05861,1400451,1400453,1400454,1400456,91810",",,,,,",专业必修课,中文,沪西校区,"2023(临床医学(5+3一体化) 14002),2023(临床医学 14004),2023(临床医学(贯通培养) 14058)",0,1,11,李威(1400454) 星期一1-2节 [10] 同济医院教学楼302 乔晓红(05861) 星期一1-2节 [1-2] 同济医院教学楼302 卢双龙(1400456) 星期一1-2节 [7] 同济医院教学楼302 周宁(1400453) 星期一1-2节 [5-6 8-9] 同济医院教学楼302 李福兴(1400451) 星期一1-2节 [3 11] 同济医院教学楼302 李福兴(1400451) 星期三3-4节 [3] 同济医院教学楼302 李威(1400454) 星期三3-4节 [8-10] 同济医院教学楼302 周宁(1400453) 星期三3-4节 [4-6] 同济医院教学楼302 乔晓红(05861) 星期三3-4节 [1-2] 同济医院教学楼302 卢双龙(1400456) 星期三3-4节 [7] 同济医院教学楼302
MED441603,儿科学,3,,"赵宇华,龚春华,刘江勤,刘芳","1400086,1400091,1400450,1400680","null,,,",专业必修课,中文,沪西校区,"2023(临床医学(5+3一体化) 14002),2023(临床医学 14004),2023(临床医学(贯通培养) 14058)",0,1,11,刘芳(1400680) 星期一3-4节 [1 8-10] 临沂一村132（原大丰港湾）104教室 赵宇华(1400086) 星期一3-4节 [5-7 11] 临沂一村132（原大丰港湾）104教室 刘江勤(1400450) 星期一3-4节 [2-3] 临沂一村132（原大丰港湾）104教室 龚春华(1400091) 星期三1-2节 [6] 临沂一村132（原大丰港湾）104教室 赵宇华(1400086) 星期三1-2节 [5-7单 10] 临沂一村132（原大丰港湾）104教室 刘江勤(1400450) 星期三1-2节 [2-4] 临沂一村132（原大丰港湾）104教室 刘芳(1400680) 星期三1-2节 [1 8-9] 临沂一村132（原大丰港湾）104教室
MED441604,儿科学,3,,张季红,1701858,,专业必修课,中文,沪西校区,"2023(临床医学(5+3一体化) 14002),2023(临床医学 14004),2023(临床医学(贯通培养) 14058)",0,1,11,张季红(1701858) 星期一1-2节 [1-11] 腾越路450号，知道楼203教室 张季红(1701858) 星期三3-4节 [1-10] 腾越路450号，知道楼203教室
MED441605,儿科学,3,,"赵宇华,龚春华,刘江勤,刘芳","1400086,1400091,1400450,1400680","null,,,",专业必修课,中文,沪西校区,2023(临床医学中德实验班 14057),0,1,11,赵宇华(1400086) 星期一1-2节 [5-6 10-11] 临沂一村132（原大丰港湾）102教室 刘芳(1400680) 星期一1-2节 [1 8-9] 临沂一村132（原大丰港湾）102教室 刘江勤(1400450) 星期一1-2节 [2-3] 临沂一村132（原大丰港湾）102教室 龚春华(1400091) 星期一1-2节 [7] 临沂一村132（原大丰港湾）102教室 龚春华(1400091) 星期三3-4节 [6] 临沂一村132（原大丰港湾）102教室 刘江勤(1400450) 星期三3-4节 [2-4] 临沂一村132（原大丰港湾）102教室 刘芳(1400680) 星期三3-4节 [1 8-9] 临沂一村132（原大丰港湾）102教室 赵宇华(1400086) 星期三3-4节 [5-7单 10] 临沂一村132（原大丰港湾）102教室
MED560701,临床技能学2,4,,"贾鑫明,闻静","09035,1400331",",null",实践环节课程,中文,沪西校区,"2022(临床医学(5+3一体化) 14002),2022(临床医学 14004),2022(临床医学(贯通培养) 14058)",0,1,16,"贾鑫明(09035),闻静(1400331) 星期一5-8节 [1-16] 十院"
MED560702,临床技能学2,4,,"李颖,杨长青","01814,05802",",",实践环节课程,中文,沪西校区,"2022(临床医学(5+3一体化) 14002),2022(临床医学 14004),2022(临床医学(贯通培养) 14058)",0,1,16,"李颖(01814),杨长青(05802) 星期一5-8节 [1-16] 同济医院"
MED560703,临床技能学2,4,,罗轶玮,1600067,,实践环节课程,中文,沪西校区,"2022(临床医学(5+3一体化) 14002),2022(临床医学 14004),2022(临床医学中德实验班 14057),2022(临床医学(贯通培养) 14058)",0,1,16,罗轶玮(1600067) 星期一5-8节 [1-16] 东方
MED560704,临床技能学2,4,,冯雪芳,1500044,,实践环节课程,中文,沪西校区,"2022(临床医学(5+3一体化) 14002),2022(临床医学 14004),2022(临床医学(贯通培养) 14058)",0,1,16,冯雪芳(1500044) 星期一5-8节 [1-16] 杨浦
MED132401,人体解剖学,4,,"袁琼兰,黄良,张磊,关娜,孙红斌,张凯","07117,09130,10050,17529,91789,96756",",,,长聘副教授,,",专业基础课,中文,四平路校区,"2025(口腔医学 14025),2025(口腔医学“5+3”一体化拔尖创新实验班 14201)",0,1,16,"关娜(17529) 星期二1-4节 [11-13] 南120 黄良(09130),孙红斌(91789) 星期二1-4节 [7] 医学楼1楼解剖实验室 张凯(96756) 星期二1-4节 [3] 南120 黄良(09130),张磊(10050) 星期二1-4节 [16] 医学楼1楼解剖实验室 黄良(09130) 星期二1-4节 [5] 医学楼1楼解剖实验室 袁琼兰(07117),黄良(09130) 星期二1-4节 [10] 医学楼1楼解剖实验室 袁琼兰(07117) 星期二1-4节 [8-9] 南120 张磊(10050) 星期二1-4节 [15] 南120 关娜(17529),张凯(96756) 星期二1-4节 [14] 医学楼1楼解剖实验室 孙红斌(91789),张凯(96756) 星期二1-4节 [4] 南120 黄良(09130) 星期二1-4节 [6] 南120 孙红斌(91789),张凯(96756) 星期二1-4节 [1-2] 医学楼1楼解剖实验室"
MED233401,生物化学,2,,"蔡振宇,罗剑","20035,21854",",",专业基础课,中文,沪西校区,2025(康复物理治疗 14056),0,1,15,蔡振宇(20035) 星期二1-2节 [4-15] 沪西二教215中教室 罗剑(21854) 星期二1-3节 [1-3单] 沪西二教215中教室 罗剑(21854) 星期二1-2节 [2] 沪西二教215中教室
MED232501,功能解剖学,4,,"黄良,孙红斌,张凯","09130,91789,96756",",,",专业基础课,中文,沪西校区,2025(康复物理治疗 14056),0,1,16,张凯(96756) 星期三5-8节 [11-16] 四平医学院楼1楼解剖实验室 黄良(09130) 星期三5-8节 [6-10] 四平医学院楼1楼解剖实验室 孙红斌(91789) 星期三5-8节 [1-5] 四平医学院楼1楼解剖实验室
MED001401,动物性食品安全,2,,"王兰芳,唐忠敏","03093,23515",",长聘副教授",科学探索与生命关怀,中文,四平路校区,,0,1,12,唐忠敏(23515) 星期三9-10节 [6] 北120 王兰芳(03093) 星期三9-10节 [1-5 7-12] 北120
MED001501,书法艺术与心身健康,2,,嵇承栋,1400602,,人文经典与审美素养,中文,四平路校区,,0,1,12,嵇承栋(1400602) 星期一7-8节 [1-12] 北219
MED001502,书法艺术与心身健康,2,,嵇承栋,1400602,,人文经典与审美素养,中文,四平路校区,,0,1,12,嵇承栋(1400602) 星期一9-10节 [1-12] 北219
MED001503,书法艺术与心身健康,2,,嵇承栋,1400602,,人文经典与审美素养,中文,四平路校区,,0,1,12,嵇承栋(1400602) 星期三9-10节 [1-12] 北220
MED001504,书法艺术与心身健康,2,,嵇承栋,1400602,,人文经典与审美素养,中文,四平路校区,,0,1,12,嵇承栋(1400602) 星期四9-10节 [1-12] 北220
MED552001,临床诊断思维培养,2,,"李颖,石炜祺,刘中砚,周宁,李冰","01814,05855,05868,1400453,1701660",",null,,,",专业选修课,中文,沪西校区,"2022(临床医学(5+3一体化) 14002),2022(临床医学 14004),2022(临床医学(贯通培养) 14058)",0,1,12,李颖(01814) 星期四9-11节 [1 4 7-9单 10-11] 同济医院模拟教学中心 周宁(1400453) 星期四9-11节 [8] 同济医院模拟教学中心 李冰(1701660) 星期四9-11节 [5] 同济医院模拟教学中心 李颖(01814) 星期四9-10节 [12] 同济医院模拟教学中心 石炜祺(05855) 星期四9-11节 [2] 同济医院模拟教学中心 刘中砚(05868) 星期四9-11节 [6] 同济医院模拟教学中心
MED001601,神经科学与神经精神疾病,2,,"袁琼兰,徐俊,范晓岑","07117,09091,23189",",,",科学探索与生命关怀,中文,四平路校区,,0,1,8,徐俊(09091) 星期三9-11节 [4] 南219 袁琼兰(07117) 星期三9-11节 [1-3 6-8] 南219 范晓岑(23189) 星期三9-11节 [5] 南219
MED001801,皮肤健康与美容,2,,史玉玲,96817,,科学探索与生命关怀,中文,四平路校区,,0,1,12,史玉玲(96817) 星期四7-8节 [1-12] 北220
MED002001,药物史上那些事儿,2,,"任天斌,李永勇,董海青,李艳","04083,09115,11502,18603",",,,",科学探索与生命关怀,中文,四平路校区,,0,1,12,任天斌(04083) 星期一7-8节 [2] 南212 李艳(18603) 星期一7-8节 [5-6 10-12] 南212 李永勇(09115) 星期一7-8节 [1 9] 南212 董海青(11502) 星期一7-8节 [3-4 7-8] 南212
MED002002,药物史上那些事儿,2,,"任天斌,李永勇,董海青,李艳","04083,09115,11502,18603",",,,",科学探索与生命关怀,中文,沪西校区,,0,1,12,李永勇(09115) 星期四5-6节 [1] 沪西二教219中教室 任天斌(04083) 星期四5-6节 [2 9] 沪西二教219中教室 李艳(18603) 星期四5-6节 [5-6 10-12] 沪西二教219中教室 董海青(11502) 星期四5-6节 [3-4 7-8] 沪西二教219中教室
MED002101,中医经典思维与文化赏析,2,,杨学,1805178,,科学探索与生命关怀,中文,四平路校区,,0,1,12,杨学(1805178) 星期一7-8节 [1-12] 北215
MED002201,性与健康,2,,王炎秋,1500049,,科学探索与生命关怀,中文,四平路校区,,0,1,12,王炎秋(1500049) 星期一9-10节 [1-12] 北214
MED002301,科学营养减重,2,,"沈通一,李伟,韩婷","1400034,1400753,2000902",",null,",科学探索与生命关怀,中文,四平路校区,,0,1,12,韩婷(2000902) 星期三9-10节 [1-5] 南214 李伟(1400753) 星期三9-10节 [10-12] 南214 沈通一(1400034) 星期三9-10节 [6-9] 南214
MED002401,公共卫生导论,2,,"邹莉玲,陈建军,张亚,纪岱宗","03105,14003,21042,23186",",,,",科学探索与生命关怀,中文,四平路校区,,0,1,12,"纪岱宗(23186) 星期一9-10节 [4-6双 9-10] 北220 邹莉玲(03105),张亚(21042) 星期一9-10节 [12] 北220 张亚(21042) 星期一9-10节 [2 5 11] 北220 陈建军(14003) 星期一9-10节 [1 7-8] 北220 邹莉玲(03105) 星期一9-10节 [3] 北220"
MED002402,公共卫生导论,2,,"邹莉玲,陈建军,张亚,纪岱宗","03105,14003,21042,23186",",,,",科学探索与生命关怀,中文,沪西校区,,0,1,12,"纪岱宗(23186) 星期四7-8节 [4-6双 9-10] 沪西二教221中教室 邹莉玲(03105) 星期四7-8节 [3] 沪西二教221中教室 邹莉玲(03105),张亚(21042) 星期四7-8节 [12] 沪西二教221中教室 陈建军(14003) 星期四7-8节 [1 7-8] 沪西二教221中教室 张亚(21042) 星期四7-8节 [2 5 11] 沪西二教221中教室"
MED002601,传染病与免疫,2,,"闫小丽,沈利,徐新东,贾佳","07019,07193,14171,25109",",,,",科学探索与生命关怀,中文,四平路校区,,0,1,12,贾佳(25109) 星期三9-10节 [4-5] 北218 沈利(07193) 星期三9-10节 [1-3 12] 北218 徐新东(14171) 星期三9-10节 [10-11] 北218 闫小丽(07019) 星期三9-10节 [6-9] 北218
MED002602,传染病与免疫,2,,"闫小丽,沈利,徐新东,贾佳","07019,07193,14171,25109",",,,",科学探索与生命关怀,中文,嘉定校区,,0,1,12,贾佳(25109) 星期一9-10节 [4-5] 博楼B111 徐新东(14171) 星期一9-10节 [10-11] 博楼B111 沈利(07193) 星期一9-10节 [1-3 12] 博楼B111 闫小丽(07019) 星期一9-10节 [6-9] 博楼B111
MED002701,生命教育课程,2,,"彭沪,邹俊,李微,傅国香","1400291,1600044,1701220,2105069",",,,",科学探索与生命关怀,中文,四平路校区,,0,1,12,邹俊(1600044) 星期一7-8节 [9] 南221 李微(1701220) 星期一7-8节 [10-12] 南221 傅国香(2105069) 星期一7-8节 [4-8] 南221 彭沪(1400291) 星期一7-8节 [1-3] 南221
MED002801,细胞生物学,2,,"邵志华,杨健,刘起东","05077,19605,21049",",,",科学探索与生命关怀,中文,四平路校区,,0,1,16,刘起东(21049) 星期四9-10节 [3-8] 北216 邵志华(05077) 星期四9-10节 [1-2 14-16] 北216 杨健(19605) 星期四9-10节 [9-13] 北216
MED002802,细胞生物学,2,,"刘海亮,尹贻蒙","11060,19510",",",科学探索与生命关怀,中文,嘉定校区,,0,1,16,刘海亮(11060) 星期四7-8节 [7-16] 博楼B215 尹贻蒙(19510) 星期四7-8节 [1-6] 博楼B215
MED003201,生活中的毒物,2,,姚峰,1701450,,科学探索与生命关怀,中文,四平路校区,,0,1,12,姚峰(1701450) 星期三9-10节 [1-12] 北214
MED004501,多彩材料与国民大健康,2,,"张兵波,邓翠君,杨维涛,吕诚","09040,18605,19616,20141",",,,",科学探索与生命关怀,中文,嘉定校区,,0,1,12,"邓翠君(18605),杨维涛(19616),吕诚(20141) 星期三9-10节 [10-12] 博楼B113 邓翠君(18605) 星期三9-10节 [6-9] 博楼B113 吕诚(20141) 星期三9-10节 [5] 博楼B113 张兵波(09040) 星期三9-10节 [1] 博楼B113 杨维涛(19616) 星期三9-10节 [2-4] 博楼B113"
MED004502,多彩材料与国民大健康,2,,"张兵波,邓翠君,杨维涛,吕诚","09040,18605,19616,20141",",,,",科学探索与生命关怀,中文,四平路校区,,0,1,12,"吕诚(20141) 星期五7-8节 [5] 北222 邓翠君(18605),杨维涛(19616),吕诚(20141) 星期五7-8节 [11-12] 北222 杨维涛(19616) 星期五7-8节 [2-4] 北222 邓翠君(18605) 星期五7-8节 [6-10] 北222 张兵波(09040) 星期五7-8节 [1] 北222"
MED004503,多彩材料与国民大健康,2,,"张兵波,邓翠君,杨维涛,吕诚","09040,18605,19616,20141",",,,",科学探索与生命关怀,中文,沪西校区,,0,1,12,"邓翠君(18605),杨维涛(19616),吕诚(20141) 星期五9-10节 [11-12] 沪西二教219中教室 吕诚(20141) 星期五9-10节 [5] 沪西二教219中教室 杨维涛(19616) 星期五9-10节 [2-4] 沪西二教219中教室 张兵波(09040) 星期五9-10节 [1] 沪西二教219中教室 邓翠君(18605) 星期五9-10节 [6-10] 沪西二教219中教室"
MED003001,生活中的药学——药妆与药膳,2,,武丹,1701021,,科学探索与生命关怀,中文,四平路校区,,0,1,12,武丹(1701021) 星期三7-8节 [1-12] 南214
MED003002,生活中的药学——药妆与药膳,2,,武丹,1701021,,科学探索与生命关怀,中文,嘉定校区,,0,1,12,武丹(1701021) 星期四5-6节 [1-12] 博楼B201
MED003003,生活中的药学——药妆与药膳,2,,武丹,1701021,,科学探索与生命关怀,中文,沪西校区,,0,1,12,武丹(1701021) 星期一7-8节 [1-12] 沪西二教219中教室
MED003101,微生物与人类健康,2,,李艳娜,96761,,科学探索与生命关怀,中文,嘉定校区,,0,1,12,李艳娜(96761) 星期四5-6节 [1-12] 博楼B203
MED003102,微生物与人类健康,2,,李艳娜,96761,,科学探索与生命关怀,中文,嘉定校区,,0,1,12,李艳娜(96761) 星期四7-8节 [1-12] 博楼B204
MED451701,老年医学,2,,"彭沪,李微,傅国香","1400291,1701220,2105069",",,",专业选修课,中文,沪西校区,"2023(临床医学(5+3一体化) 14002),2023(临床医学 14004),2023(临床医学(贯通培养) 14058)",0,1,13,李微(1701220) 星期三9-10节 [11-12] 骊山路201号122室 彭沪(1400291) 星期三9-10节 [13] 骊山路201号122室 傅国香(2105069) 星期三9-10节 [1-9] 骊山路201号122室 傅国香(2105069) 星期四1-2节 [10] 骊山路201号122室
MED560801,临床实习1,24,,"贾鑫明,闻静","09035,1400331",",null",实践环节课程,中文,沪西校区,"2022(临床医学(5+3一体化) 14002),2022(临床医学 14004),2022(临床医学(贯通培养) 14058)",0,1,16,"贾鑫明(09035),闻静(1400331) 星期一1-2节 [1-16] 十院"
MED560802,临床实习1,24,,"李颖,杨长青","01814,05802",",",实践环节课程,中文,沪西校区,"2022(临床医学(5+3一体化) 14002),2022(临床医学 14004),2022(临床医学(贯通培养) 14058)",0,1,16,"李颖(01814),杨长青(05802) 星期一1-2节 [1-16] 同济医院"
MED560803,临床实习1,24,,罗轶玮,1600067,,实践环节课程,中文,沪西校区,"2022(临床医学(5+3一体化) 14002),2022(临床医学 14004),2022(临床医学中德实验班 14057),2022(临床医学(贯通培养) 14058)",0,1,16,罗轶玮(1600067) 星期一1-2节 [1-16] 东方
MED560804,临床实习1,24,,"李桢,郑翠侠","1500974,1700033",",",实践环节课程,中文,沪西校区,"2022(临床医学(5+3一体化) 14002),2022(临床医学 14004),2022(临床医学(贯通培养) 14058)",0,1,16,"李桢(1500974),郑翠侠(1700033) 星期一1-2节 [1-16] 杨浦"
MED230401,患者服务与医学素养I,2,,"史靖宇,齐薪蕊,王艳波","12217,14185,99747",",,",专业基础课,中文,沪西校区,"2025(临床医学(5+3一体化) 14002),2025(临床医学 14004)",0,1,16,"史靖宇(12217) 星期四1-2节 [1 4-6 10-12] 沪西二教135阶梯教室 史靖宇(12217),齐薪蕊(14185),王艳波(99747) 星期四1-2节 [16] 沪西二教135阶梯教室 王艳波(99747) 星期四1-2节 [2 7-9 13-15] 沪西二教135阶梯教室 齐薪蕊(14185) 星期四1-2节 [3] 沪西二教135阶梯教室"
MED230402,患者服务与医学素养I,2,,"史靖宇,齐薪蕊,王艳波","12217,14185,99747",",,",专业基础课,中文,沪西校区,"2025(临床医学(5+3一体化) 14002),2025(临床医学 14004)",0,1,16,"史靖宇(12217),齐薪蕊(14185),王艳波(99747) 星期一5-6节 [16] 沪西二教325阶梯教室 王艳波(99747) 星期一5-6节 [3 7-9 13-15] 沪西二教325阶梯教室 史靖宇(12217) 星期一5-6节 [1 4-6 10-12] 沪西二教325阶梯教室 齐薪蕊(14185) 星期一5-6节 [2] 沪西二教325阶梯教室"
MED230403,患者服务与医学素养I,2,,"史靖宇,齐薪蕊,王艳波","12217,14185,99747",",,",专业基础课,中文,沪西校区,2025(临床医学(中德实验班) 14061),0,1,16,"齐薪蕊(14185) 星期四3-4节 [2] 沪西二教129小教室 史靖宇(12217),齐薪蕊(14185),王艳波(99747) 星期四3-4节 [16] 沪西二教129小教室 史靖宇(12217) 星期四3-4节 [1 4-6 10-12] 沪西二教129小教室 王艳波(99747) 星期四3-4节 [3 7-9 13-15] 沪西二教129小教室"
MED340501,患者服务与医学素养III,1,,"黄蕾,史靖宇,王艳波","06818,12217,99747",",,",专业必修课,中文,沪西校区,"2024(临床医学(5+3一体化) 14002),2024(临床医学 14004),2024(临床医学(领军人才培养) 14065)",0,1,10,史靖宇(12217) 星期二1-2节 [9-10] 沪西二教122大教室 黄蕾(06818) 星期五3-4节 [8] 沪西二教223阶梯教室 王艳波(99747) 星期五3-4节 [4-5] 沪西二教223阶梯教室 史靖宇(12217) 星期五3-4节 [1 6-7] 沪西二教223阶梯教室
MED340502,患者服务与医学素养III,1,,"黄蕾,史靖宇,王艳波","06818,12217,99747",",,",专业必修课,中文,沪西校区,"2024(临床医学(5+3一体化) 14002),2024(临床医学 14004),2024(临床医学(中德实验班) 14061),2024(临床医学(领军人才培养) 14065)",0,1,10,史靖宇(12217) 星期三1-2节 [9-10] 沪西二教122大教室 史靖宇(12217) 星期五1-2节 [1 6] 沪西二教212大教室 黄蕾(06818) 星期五1-2节 [8] 沪西二教212大教室 王艳波(99747) 星期五1-2节 [4-5 7] 沪西二教212大教室
MED230701,生物化学与分子生物学,5,,"李姣,高芙蓉","07085,10017",",",专业基础课,中英,沪西校区,"2025(临床医学(5+3一体化) 14002),2025(临床医学 14004)",0,1,15,"高芙蓉(10017) 星期一1-2节 [2-3] 沪西二教135阶梯教室 李姣(07085) 星期一1-2节 [5-14] 沪西二教135阶梯教室 李姣(07085),高芙蓉(10017) 星期一1-2节 [15] 沪西二教135阶梯教室 高芙蓉(10017) 星期一1-1节 [1] 沪西二教135阶梯教室 李姣(07085) 星期三3-4节 [5-14] 沪西二教135阶梯教室 高芙蓉(10017) 星期三3-4节 [1-3] 沪西二教135阶梯教室 李姣(07085),高芙蓉(10017) 星期三3-4节 [15] 沪西二教135阶梯教室 高芙蓉(10017) 星期三3-3节 [4] 沪西二教135阶梯教室 李姣(07085) 星期五1-2节 [5-14] 沪西二教135阶梯教室 高芙蓉(10017) 星期五1-2节 [1 4] 沪西二教135阶梯教室"
MED230702,生物化学与分子生物学,5,,"史秀娟,李思光,翟琳辉","09174,10093,24099",",,",专业基础课,中英,沪西校区,"2025(临床医学(5+3一体化) 14002),2025(临床医学 14004)",0,1,15,"史秀娟(09174),李思光(10093),翟琳辉(24099) 星期一3-4节 [15] 沪西二教135阶梯教室 史秀娟(09174) 星期一3-4节 [5-9] 沪西二教135阶梯教室 李思光(10093) 星期一3-4节 [10-14] 沪西二教135阶梯教室 翟琳辉(24099) 星期一3-3节 [1] 沪西二教135阶梯教室 翟琳辉(24099) 星期一3-4节 [2-3] 沪西二教135阶梯教室 翟琳辉(24099) 星期三1-2节 [1-3] 沪西二教135阶梯教室 史秀娟(09174) 星期三1-2节 [5-9] 沪西二教135阶梯教室 李思光(10093) 星期三1-2节 [10-14] 沪西二教135阶梯教室 翟琳辉(24099) 星期三1-1节 [4] 沪西二教135阶梯教室 史秀娟(09174),李思光(10093),翟琳辉(24099) 星期三1-2节 [15] 沪西二教135阶梯教室 李思光(10093) 星期五3-4节 [9-14] 沪西二教135阶梯教室 翟琳辉(24099) 星期五3-4节 [1 4] 沪西二教135阶梯教室 史秀娟(09174) 星期五3-4节 [5-8] 沪西二教135阶梯教室"
MED230703,生物化学与分子生物学,5,,"高芙蓉,金彩霞,徐磊","10017,12060,96758",",,",专业基础课,中英,沪西校区,"2025(医学试验班(国豪精英班) 09007),2025(基础医学 14060),2025(临床医学(中德实验班) 14061),2025(临床医学(领军人才培养) 14065)",0,1,15,"高芙蓉(10017) 星期一3-4节 [5-9] 沪西二教212大教室 金彩霞(12060) 星期一3-4节 [10-14] 沪西二教212大教室 高芙蓉(10017),金彩霞(12060),徐磊(96758) 星期一3-4节 [15] 沪西二教212大教室 徐磊(96758) 星期一3-3节 [1] 沪西二教212大教室 徐磊(96758) 星期一3-4节 [2-4] 沪西二教212大教室 金彩霞(12060) 星期二3-4节 [9-14] 沪西二教212大教室 徐磊(96758) 星期二3-3节 [3] 沪西二教212大教室 徐磊(96758) 星期二3-4节 [1-2 4] 沪西二教212大教室 高芙蓉(10017) 星期二3-4节 [5-8] 沪西二教212大教室 徐磊(96758) 星期四1-2节 [1-2] 沪西二教212大教室 高芙蓉(10017),金彩霞(12060),徐磊(96758) 星期四1-2节 [14] 沪西二教212大教室 高芙蓉(10017) 星期四1-2节 [4-8] 沪西二教212大教室 金彩霞(12060) 星期四1-2节 [9-13] 沪西二教212大教室"
MED230704,生物化学与分子生物学,5,,"杨红,徐磊,吕立夏","09110,96758,98738",",,",专业基础课,中英,沪西校区,2025(临床医学（福大班） 14066),0,1,15,"杨红(09110),徐磊(96758),吕立夏(98738) 星期一1-2节 [15] 沪西二教323智慧教室(中) 杨红(09110) 星期一1-2节 [5-9] 沪西二教323智慧教室(中) 吕立夏(98738) 星期一1-2节 [10-14] 沪西二教323智慧教室(中) 徐磊(96758) 星期一1-1节 [1] 沪西二教323智慧教室(中) 徐磊(96758) 星期一1-2节 [2-4] 沪西二教323智慧教室(中) 杨红(09110) 星期二1-2节 [5-9] 沪西二教323智慧教室(中) 徐磊(96758) 星期二1-1节 [4] 沪西二教323智慧教室(中) 杨红(09110),徐磊(96758),吕立夏(98738) 星期二1-2节 [15] 沪西二教323智慧教室(中) 吕立夏(98738) 星期二1-2节 [10-14] 沪西二教323智慧教室(中) 徐磊(96758) 星期二1-2节 [1-3] 沪西二教323智慧教室(中) 吕立夏(98738) 星期五3-4节 [5-7 9-14] 沪西二教323智慧教室(中) 杨红(09110) 星期五3-4节 [8] 沪西二教323智慧教室(中) 徐磊(96758) 星期五3-4节 [1 4] 沪西二教323智慧教室(中)"
MED230705,生物化学与分子生物学,5,,"杨红,金彩霞,郑礼涛","09110,12060,22145",",,",专业基础课,中英,四平路校区,"2025(口腔医学 14025),2025(口腔医学“5+3”一体化拔尖创新实验班 14201)",0,1,15,"杨红(09110),郑礼涛(22145) 星期一3-4节 [14-15] 南216 杨红(09110) 星期三5-6节 [7] 南216 金彩霞(12060) 星期三5-6节 [4] 南216 郑礼涛(22145) 星期三5-8节 [8] 南216 金彩霞(12060) 星期三5-8节 [2 5-6] 南216 金彩霞(12060) 星期三5-7节 [1-3单] 南216 杨红(09110) 星期三7-8节 [4] 南216 郑礼涛(22145) 星期四1-4节 [10-14] 南216 郑礼涛(22145) 星期五1-4节 [8-9] 南216 金彩霞(12060) 星期五1-4节 [1] 南216 杨红(09110) 星期五1-4节 [4-7] 南216"
MED350101,药理学前沿与综合实验,3,,"张介平,田海滨,安毛毛,韩华,姜远英,张石群,欧庆健,苏丹","00778,12218,13144,13170,19851,21525,22212,97760",",,,,null,,,",专业选修课,中英,沪西校区,"2024(临床医学(5+3一体化) 14002),2024(临床医学 14004),2024(临床医学(领军人才培养) 14065)",0,1,13,田海滨(12218) 星期四3-4节 [10] 沪西二教223阶梯教室 苏丹(97760) 星期四3-4节 [12] 沪西二教223阶梯教室 安毛毛(13144) 星期四3-4节 [8] 沪西二教223阶梯教室 欧庆健(22212) 星期四3-4节 [4 13] 沪西二教223阶梯教室 安毛毛(13144) 星期四3-8节 [2 5-9单] 二教4楼实验室(沪西校区) 韩华(13170) 星期四3-4节 [6] 沪西二教223阶梯教室 张介平(00778) 星期四3-4节 [11] 沪西二教223阶梯教室 姜远英(19851) 星期四3-4节 [1] 沪西二教223阶梯教室 安毛毛(13144) 星期四5-8节 [10-11] 二教4楼实验室(沪西校区)
MED350102,药理学前沿与综合实验,3,,"张介平,田海滨,安毛毛,韩华,姜远英,张石群,欧庆健,苏丹","00778,12218,13144,13170,19851,21525,22212,97760",",,,,null,,,讲师",专业选修课,中英,沪西校区,"2024(临床医学(5+3一体化) 14002),2024(临床医学 14004),2024(临床医学(中德实验班) 14061),2024(临床医学(领军人才培养) 14065)",0,1,13,韩华(13170) 星期一3-4节 [6] 沪西二教325阶梯教室 安毛毛(13144) 星期一3-8节 [2 5-9单] 二教4楼实验室(沪西校区) 张介平(00778) 星期一3-4节 [11] 沪西二教325阶梯教室 姜远英(19851) 星期一3-4节 [1] 沪西二教325阶梯教室 张石群(21525) 星期一3-4节 [13] 沪西二教325阶梯教室 苏丹(97760) 星期一3-4节 [12] 沪西二教325阶梯教室 安毛毛(13144) 星期一3-4节 [8] 沪西二教325阶梯教室 欧庆健(22212) 星期一3-4节 [3] 沪西二教325阶梯教室 田海滨(12218) 星期一3-4节 [10] 沪西二教325阶梯教室 安毛毛(13144) 星期一5-8节 [10-11] 二教4楼实验室(沪西校区)
MED210301,汉语3,6,,"李姣,王娟,金彩霞,吕立夏","07085,10014,12060,98738",",,,",通识必修课,中文,沪西校区,2025(临床医学(MBBS) 14001),0,1,16,吕立夏(98738) 星期二1-4节 [12-13] 沪西二教417小教室 王娟(10014) 星期二1-4节 [1-2 4] 沪西二教417小教室 李姣(07085) 星期二1-4节 [9-11] 沪西二教417小教室 金彩霞(12060) 星期二1-4节 [5-8] 沪西二教417小教室 王娟(10014) 星期二1-3节 [3] 沪西二教417小教室 王娟(10014) 星期四1-4节 [1-2 4] 沪西二教417小教室 金彩霞(12060) 星期四1-4节 [5-7单] 沪西二教417小教室 李姣(07085) 星期四1-4节 [8-11] 沪西二教417小教室 吕立夏(98738) 星期四1-4节 [12] 沪西二教417小教室 吕立夏(98738) 星期四1-2节 [13] 沪西二教417小教室 金彩霞(12060) 星期四1-3节 [6] 沪西二教417小教室
MED130201,人体解剖学1,4,,"袁琼兰,黄良,张磊,张晓明,张凯","07117,09130,10050,23074,96756",",,,,",专业基础课,中英,沪西校区,"2025(临床医学(中德实验班) 14061),2025(临床医学(领军人才培养) 14065)",0,1,8,"黄良(09130),张晓明(23074) 星期一5-8节 [2-6] 四平医学楼1楼解剖实验室 张磊(10050),张凯(96756) 星期一5-8节 [7-8] 四平医学楼1楼解剖实验室 袁琼兰(07117) 星期一5-8节 [1] 沪西二教122大教室 黄良(09130),张晓明(23074) 星期四5-8节 [2-5] 四平医学楼1楼解剖实验室 袁琼兰(07117) 星期四5-8节 [1] 沪西二教122大教室 张磊(10050),张凯(96756) 星期四5-8节 [6-8] 四平医学楼1楼解剖实验室"
MED130202,人体解剖学1,4,,"袁琼兰,孙红斌","07117,91789",",",专业基础课,中英,沪西校区,2025(临床医学（福大班） 14066),0,1,8,袁琼兰(07117) 星期三5-8节 [1] 沪西二教323智慧教室(中) 孙红斌(91789) 星期三5-8节 [7-8] 四平医学楼1楼解剖实验室 袁琼兰(07117) 星期三5-8节 [2-6] 四平医学楼1楼解剖实验室 袁琼兰(07117) 星期五5-8节 [1] 沪西二教323智慧教室(中) 孙红斌(91789) 星期五5-8节 [6-8] 四平医学楼1楼解剖实验室 袁琼兰(07117) 星期五5-8节 [2-5] 四平医学楼1楼解剖实验室
MED130301,人体解剖学2,4,,"袁琼兰,黄良,张磊,关娜,张晓明,孙红斌,张凯","07117,09130,10050,17529,23074,91789,96756",",,,,,,",专业基础课,中英,沪西校区,"2025(临床医学(中德实验班) 14061),2025(临床医学(领军人才培养) 14065)",0,9,16,"黄良(09130) 星期一5-8节 [15] 沪西二教122大教室 关娜(17529) 星期一5-8节 [14] 沪西二教122大教室 孙红斌(91789),张凯(96756) 星期一5-8节 [10-13] 四平医学楼1楼解剖实验室 黄良(09130),张磊(10050) 星期一5-8节 [9] 四平医学楼1楼解剖实验室 袁琼兰(07117) 星期一5-8节 [16] 沪西二教122大教室 袁琼兰(07117),张晓明(23074) 星期四5-8节 [16] 四平医学楼1楼解剖实验室 关娜(17529),孙红斌(91789) 星期四5-8节 [14] 四平医学楼1楼解剖实验室 张磊(10050),孙红斌(91789),张凯(96756) 星期四5-8节 [9] 四平医学楼1楼解剖实验室 关娜(17529) 星期四5-8节 [13] 沪西二教122大教室 黄良(09130) 星期四5-8节 [15] 沪西二教122大教室 孙红斌(91789),张凯(96756) 星期四5-8节 [10-12] 四平医学楼1楼解剖实验室"
MED130302,人体解剖学2,4,,"袁琼兰,黄良,张磊,关娜,孙红斌","07117,09130,10050,17529,91789",",,,,",专业基础课,中英,沪西校区,2025(临床医学（福大班） 14066),0,9,16,"关娜(17529) 星期三5-8节 [14] 沪西二教323智慧教室(中) 黄良(09130) 星期三5-8节 [10-13] 四平医学楼1楼解剖实验室 孙红斌(91789) 星期三5-8节 [9] 四平医学楼1楼解剖实验室 袁琼兰(07117) 星期三5-8节 [16] 沪西二教323智慧教室(中) 黄良(09130) 星期三5-8节 [15] 沪西二教323智慧教室(中) 关娜(17529) 星期五5-8节 [14] 四平医学楼1楼解剖实验室 黄良(09130) 星期五5-8节 [10-12] 四平医学楼1楼解剖实验室 黄良(09130),孙红斌(91789) 星期五5-8节 [9] 四平医学楼1楼解剖实验室 关娜(17529) 星期五5-8节 [13] 沪西二教323智慧教室(中) 黄良(09130) 星期五5-8节 [15] 沪西二教323智慧教室(中) 袁琼兰(07117),张磊(10050) 星期五5-8节 [16] 四平医学楼1楼解剖实验室"
MED230601,人体结构与功能基础,3,,"李育娴,周爽,陈凌,朱睿,夏骁寰","05186,09171,11062,14031,19643",",,,,",专业基础课,中文,沪西校区,"2025(临床医学(5+3一体化) 14002),2025(临床医学 14004)",0,1,12,李育娴(05186) 星期二3-4节 [8-11] 沪西二教135阶梯教室 陈凌(11062) 星期二3-4节 [6-7] 沪西二教135阶梯教室 周爽(09171) 星期二3-4节 [1 4-5] 沪西二教135阶梯教室 夏骁寰(19643) 星期二3-4节 [3] 沪西二教135阶梯教室 朱睿(14031) 星期二3-4节 [2] 沪西二教135阶梯教室 陈凌(11062) 星期四3-4节 [6] 沪西二教135阶梯教室 朱睿(14031) 星期四3-4节 [2] 沪西二教135阶梯教室 周爽(09171) 星期四3-4节 [1 4-5 7] 沪西二教135阶梯教室 李育娴(05186) 星期四3-4节 [8-11] 沪西二教135阶梯教室 周爽(09171) 星期四5-7节 [11-12] 二教2楼实验室(沪西校区)
MED230602,人体结构与功能基础,3,,"秦瑶,周爽,陈凌,董海青,朱睿,夏骁寰","09042,09171,11062,11502,14031,19643",",,,,,",专业基础课,中文,沪西校区,"2025(临床医学(5+3一体化) 14002),2025(临床医学 14004)",0,1,12,陈凌(11062) 星期二1-2节 [6-7] 沪西二教325阶梯教室 秦瑶(09042) 星期二1-2节 [10-11] 沪西二教325阶梯教室 董海青(11502) 星期二1-2节 [8-9] 沪西二教325阶梯教室 周爽(09171) 星期二1-2节 [1 4-5] 沪西二教325阶梯教室 夏骁寰(19643) 星期二1-2节 [3] 沪西二教325阶梯教室 朱睿(14031) 星期二1-2节 [2] 沪西二教325阶梯教室 秦瑶(09042) 星期四1-2节 [10-11] 沪西二教325阶梯教室 周爽(09171) 星期四1-2节 [1 4-5 7] 沪西二教325阶梯教室 朱睿(14031) 星期四1-2节 [2] 沪西二教325阶梯教室 陈凌(11062) 星期四1-2节 [6] 沪西二教325阶梯教室 董海青(11502) 星期四1-2节 [8-9] 沪西二教325阶梯教室 周爽(09171) 星期五5-7节 [11-12] 二教2楼实验室(沪西校区)
MED230603,人体结构与功能基础,3,,"秦颖,秦瑶,周爽,陈凌,朱睿,夏骁寰","08002,09042,09171,11062,14031,19643",",副研究员（自然科学）,,,,",专业基础课,中文,沪西校区,"2025(临床医学(中德实验班) 14061),2025(临床医学(领军人才培养) 14065)",0,1,12,朱睿(14031) 星期一1-2节 [2-3] 沪西二教212大教室 秦颖(08002) 星期一1-1节 [13] 沪西二教212大教室 秦颖(08002) 星期一1-2节 [9-12] 沪西二教212大教室 周爽(09171) 星期一1-2节 [1 5-6] 沪西二教212大教室 陈凌(11062) 星期一1-2节 [7-8] 沪西二教212大教室 周爽(09171) 星期三5-7节 [9-10] 二教2楼实验室(沪西校区) 夏骁寰(19643) 星期五5-6节 [4] 沪西二教212大教室 周爽(09171) 星期五5-6节 [1 5-6 8] 沪西二教212大教室 秦颖(08002) 星期五5-5节 [11] 沪西二教212大教室 秦瑶(09042) 星期五5-6节 [9] 沪西二教212大教室 秦颖(08002) 星期五5-6节 [10-12双] 沪西二教212大教室 陈凌(11062) 星期五5-6节 [7] 沪西二教212大教室
MED230604,人体结构与功能基础,3,,"秦瑶,周爽,陈凌,董海青,朱睿,黄莺,夏骁寰","09042,09171,11062,11502,14031,16028,19643","副研究员（自然科学）,,,副研究员（自然科学）,,,",专业基础课,中文,沪西校区,2025(临床医学（福大班） 14066),0,1,13,周爽(09171) 星期一5-7节 [12-13] 二教2楼实验室 董海青(11502) 星期三1-2节 [9-10] 沪西二教323智慧教室(中) 陈凌(11062) 星期三1-2节 [7-8] 沪西二教323智慧教室(中) 夏骁寰(19643) 星期三1-2节 [4] 沪西二教323智慧教室(中) 周爽(09171) 星期三1-2节 [1 5-6] 沪西二教323智慧教室(中) 朱睿(14031) 星期三1-2节 [2-3] 沪西二教323智慧教室(中) 秦瑶(09042) 星期三1-2节 [11-12] 沪西二教323智慧教室(中) 周爽(09171) 星期五1-2节 [1 4-5] 沪西二教323智慧教室(中) 秦瑶(09042) 星期五1-2节 [10-11] 沪西二教323智慧教室(中) 陈凌(11062) 星期五1-2节 [6-7] 沪西二教323智慧教室(中) 董海青(11502) 星期五1-2节 [8-9] 沪西二教323智慧教室(中)
MED230501,全球健康与大健康,1,,"徐金富,郑加麟,靳令经,熊利泽,孙小婷,陈义汉","1100064,11850,1300222,19860,22213,96791",",,,,,",专业基础课,中文,沪西校区,"2025(临床医学(5+3一体化) 14002),2025(临床医学 14004),2025(临床医学(中德实验班) 14061),2025(临床医学(领军人才培养) 14065),2025(临床医学（福大班） 14066)",0,4,11,郑加麟(11850) 星期四9-10节 [4] 沪西小礼堂 孙小婷(22213) 星期四9-10节 [6-10双] 沪西小礼堂 靳令经(1300222) 星期四9-10节 [11] 沪西小礼堂 徐金富(1100064) 星期四9-10节 [7] 沪西小礼堂 熊利泽(19860) 星期四9-10节 [9] 沪西小礼堂 陈义汉(96791) 星期四9-10节 [5] 沪西小礼堂
MED351301,肿瘤学前沿,1,,"张兵波,周爽,周彩存,王平,施裕丰,袁健,蔡振宇","09040,09171,1100066,17015,19065,20020,20035",",,,,,,",专业选修课,中文,沪西校区,"2024(临床医学(5+3一体化) 14002),2024(临床医学 14004),2024(临床医学(中德实验班) 14061),2024(临床医学(领军人才培养) 14065)",0,1,8,蔡振宇(20035) 星期二9-10节 [4] 沪西二教223阶梯教室 袁健(20020) 星期二9-10节 [3] 沪西二教223阶梯教室 施裕丰(19065) 星期二9-10节 [2] 沪西二教223阶梯教室 王平(17015) 星期二9-10节 [1 5] 沪西二教223阶梯教室 周爽(09171) 星期二9-10节 [8] 沪西二教223阶梯教室 周彩存(1100066) 星期二9-10节 [7] 沪西二教223阶梯教室 张兵波(09040) 星期二9-10节 [6] 沪西二教223阶梯教室
,临床问题分析辩识训练2,1,,"邵志华,李思光,苏娜,刘起东,王一云,吕波","05077,10093,15139,21049,23102,23118","讲师,,,,,",专业选修课,中文,沪西校区,"2024(临床医学(5+3一体化) 14002),2024(临床医学 14004),2024(临床医学(领军人才培养) 14065)",0,1,6,"邵志华(05077) 星期二1-4节 [2 5] 沪西二教122大教室 李思光(10093),苏娜(15139),刘起东(21049),王一云(23102),吕波(23118) 星期二1-2节 [1-3单 4-6双] 沪西二教122大教室"
,临床问题分析辩识训练2,1,,"邵志华,尹岚,杨红,高山峨,安毛毛,张明,杨健","05077,05158,09110,09165,13144,18524,19605",",,,,,,",专业选修课,中文,沪西校区,"2024(临床医学(5+3一体化) 14002),2024(临床医学 14004),2024(临床医学(中德实验班) 14061),2024(临床医学(领军人才培养) 14065)",0,11,16,"尹岚(05158),杨红(09110),高山峨(09165),安毛毛(13144),张明(18524),杨健(19605) 星期三1-2节 [11-13单 14-16双] 沪西二教122大教室 邵志华(05077) 星期三1-4节 [12 15] 沪西二教122大教室"
MED441201,诊断学综合III,2,,梅爱红,1400301,,专业必修课,中文,沪西校区,"2023(临床医学(5+3一体化) 14002),2023(临床医学 14004),2023(临床医学(贯通培养) 14058)",0,1,11,梅爱红(1400301) 星期一3-4节 [1-3 5-11] 骊山路201号122室
MED441202,诊断学综合III,2,,"李颖,王培军","01814,05810","讲师,教授",专业必修课,中英,沪西校区,"2023(临床医学(5+3一体化) 14002),2023(临床医学 14004),2023(临床医学(贯通培养) 14058)",0,1,11,李颖(01814) 星期一3-4节 [1 4-11] 同济医院教学楼302 王培军(05810) 星期一3-4节 [2-3] 同济医院教学楼302
MED441203,诊断学综合III,2,,"吴文娟,丁媛媛,安荷娣","1200117,1400101,1400145",",,",专业必修课,中文,沪西校区,"2023(临床医学(5+3一体化) 14002),2023(临床医学 14004),2023(临床医学(贯通培养) 14058)",0,1,11,安荷娣(1400145) 星期一1-2节 [1-3] 临沂一村132（原大丰港湾）104教室 吴文娟(1200117) 星期一1-2节 [5-6] 临沂一村132（原大丰港湾）104教室 丁媛媛(1400101) 星期一1-2节 [7-11] 临沂一村132（原大丰港湾）104教室
MED441204,诊断学综合III,2,,"蔡玉婵,赵旭鸿","1600055,1600056",",",专业必修课,中英,沪西校区,"2023(临床医学(5+3一体化) 14002),2023(临床医学 14004),2023(临床医学(贯通培养) 14058)",0,1,11,赵旭鸿(1600056) 星期一3-4节 [6 10] 腾越路450号，知道楼203教室 蔡玉婵(1600055) 星期一3-4节 [1-2 4-5 7-9 11] 腾越路450号，知道楼203教室
MED441205,诊断学综合III,2,,"吴文娟,丁媛媛,安荷娣","1200117,1400101,1400145",",,",专业必修课,中文,沪西校区,2023(临床医学中德实验班 14057),0,1,11,吴文娟(1200117) 星期一3-4节 [5-6] 临沂一村132（原大丰港湾）102教室 安荷娣(1400145) 星期一3-4节 [1-3] 临沂一村132（原大丰港湾）102教室 丁媛媛(1400101) 星期一3-4节 [7-11] 临沂一村132（原大丰港湾）102教室
MED441501,运动与骨关节病学,3,,"蔡明,吴兴,刘欣颖,张春林","1100098,1200046,1400323,1400842",",,null,",专业必修课,中英,沪西校区,"2023(临床医学(5+3一体化) 14002),2023(临床医学 14004),2023(临床医学(贯通培养) 14058)",0,1,8,吴兴(1200046) 星期二3-4节 [6] 骊山路201号122室 蔡明(1100098) 星期二3-4节 [2-5] 骊山路201号122室 刘欣颖(1400323) 星期二3-4节 [7-8] 骊山路201号122室 张春林(1400842) 星期二3-4节 [1] 骊山路201号122室 吴兴(1200046) 星期四1-2节 [6] 骊山路201号122室 刘欣颖(1400323) 星期四1-2节 [7-8] 骊山路201号122室 张春林(1400842) 星期四1-2节 [1] 骊山路201号122室 蔡明(1100098) 星期四1-2节 [2-4双 5] 骊山路201号122室 吴兴(1200046) 星期五1-2节 [5] 骊山路201号122室 蔡明(1100098) 星期五1-2节 [2-4双] 骊山路201号122室 张春林(1400842) 星期五1-2节 [1 6] 骊山路201号122室 刘欣颖(1400323) 星期五1-2节 [7-8] 骊山路201号122室
MED441502,运动与骨关节病学,3,,"程黎明,李海丰,宋利格,麻彬","00865,01815,1300106,1400229",",,,",专业必修课,中英,沪西校区,"2023(临床医学(5+3一体化) 14002),2023(临床医学 14004),2023(临床医学(贯通培养) 14058)",0,1,8,李海丰(01815) 星期二3-4节 [5-8] 同济医院教学楼302 程黎明(00865) 星期二3-4节 [1] 同济医院教学楼302 麻彬(1400229) 星期二3-4节 [2-4] 同济医院教学楼302 李海丰(01815) 星期四1-2节 [6-8] 同济医院教学楼302 麻彬(1400229) 星期四1-2节 [2-4双 5] 同济医院教学楼302 宋利格(1300106) 星期四1-2节 [1] 同济医院教学楼302 李海丰(01815) 星期五1-2节 [5-8] 同济医院教学楼302 麻彬(1400229) 星期五1-2节 [1 4] 同济医院教学楼302
MED441503,运动与骨关节病学,3,,"李立钧,王善金,吴德升,马敏,沈彬,亓东铎,蔡俊丰,罗树林,邵钦","1100039,1200115,1300116,1400129,1400226,1400236,1400237,1400241,1600109",",,,,,,,,",专业必修课,中英,沪西校区,"2023(临床医学(5+3一体化) 14002),2023(临床医学 14004),2023(临床医学(贯通培养) 14058)",0,1,8,李立钧(1100039) 星期二1-2节 [4] 临沂一村132（原大丰港湾）104教室 马敏(1400129) 星期二1-2节 [1] 临沂一村132（原大丰港湾）104教室 罗树林(1400241) 星期二1-2节 [8] 临沂一村132（原大丰港湾）104教室 蔡俊丰(1400237) 星期二1-2节 [5] 临沂一村132（原大丰港湾）104教室 沈彬(1400226) 星期二1-2节 [6] 临沂一村132（原大丰港湾）104教室 王善金(1200115) 星期二1-2节 [2-3] 临沂一村132（原大丰港湾）104教室 亓东铎(1400236) 星期二1-2节 [7] 临沂一村132（原大丰港湾）104教室 蔡俊丰(1400237) 星期四3-4节 [5] 临沂一村132（原大丰港湾）104教室 亓东铎(1400236) 星期四3-4节 [6] 临沂一村132（原大丰港湾）104教室 吴德升(1300116) 星期四3-4节 [4] 临沂一村132（原大丰港湾）104教室 邵钦(1600109) 星期四3-4节 [2] 临沂一村132（原大丰港湾）104教室 马敏(1400129) 星期四3-4节 [1] 临沂一村132（原大丰港湾）104教室 罗树林(1400241) 星期四3-4节 [7-8] 临沂一村132（原大丰港湾）104教室 沈彬(1400226) 星期五3-4节 [5] 临沂一村132（原大丰港湾）104教室 罗树林(1400241) 星期五3-4节 [6-8双] 临沂一村132（原大丰港湾）104教室 吴德升(1300116) 星期五3-4节 [4] 临沂一村132（原大丰港湾）104教室 王善金(1200115) 星期五3-4节 [1] 临沂一村132（原大丰港湾）104教室 亓东铎(1400236) 星期五3-4节 [7] 临沂一村132（原大丰港湾）104教室
MED441504,运动与骨关节病学,3,,"张立智,张世民,宋利格,胡孙君,刘晓东","04815,1200131,1300106,1500007,1500143",",,,,",专业必修课,中英,沪西校区,"2023(临床医学(5+3一体化) 14002),2023(临床医学 14004),2023(临床医学(贯通培养) 14058)",0,1,8,刘晓东(1500143) 星期二3-4节 [3-5单] 腾越路450号，知道楼203教室 胡孙君(1500007) 星期二3-4节 [2] 腾越路450号，知道楼203教室 张立智(04815) 星期二3-4节 [4-6双 7-8] 腾越路450号，知道楼203教室 张世民(1200131) 星期二3-4节 [1] 腾越路450号，知道楼203教室 张立智(04815) 星期四1-2节 [5-8] 腾越路450号，知道楼203教室 宋利格(1300106) 星期四1-2节 [1] 腾越路450号，知道楼203教室 刘晓东(1500143) 星期四1-2节 [4] 腾越路450号，知道楼203教室 胡孙君(1500007) 星期四1-2节 [2] 腾越路450号，知道楼203教室 刘晓东(1500143) 星期五1-2节 [4] 腾越路450号，知道楼203教室 张世民(1200131) 星期五1-2节 [1] 腾越路450号，知道楼203教室 张立智(04815) 星期五1-2节 [5-8] 腾越路450号，知道楼203教室
MED441505,运动与骨关节病学,3,,"李立钧,王善金,吴德升,马敏,沈彬,亓东铎,蔡俊丰,罗树林,邵钦","1100039,1200115,1300116,1400129,1400226,1400236,1400237,1400241,1600109",",,,,,,,,",专业必修课,中英,沪西校区,2023(临床医学中德实验班 14057),0,1,8,亓东铎(1400236) 星期二3-4节 [7] 临沂一村132（原大丰港湾）102教室 李立钧(1100039) 星期二3-4节 [4] 临沂一村132（原大丰港湾）102教室 罗树林(1400241) 星期二3-4节 [8] 临沂一村132（原大丰港湾）102教室 邵钦(1600109) 星期二3-4节 [3] 临沂一村132（原大丰港湾）102教室 蔡俊丰(1400237) 星期二3-4节 [5] 临沂一村132（原大丰港湾）102教室 马敏(1400129) 星期二3-4节 [1-2] 临沂一村132（原大丰港湾）102教室 沈彬(1400226) 星期二3-4节 [6] 临沂一村132（原大丰港湾）102教室 亓东铎(1400236) 星期四1-2节 [6] 临沂一村132（原大丰港湾）102教室 吴德升(1300116) 星期四1-2节 [4] 临沂一村132（原大丰港湾）102教室 马敏(1400129) 星期四1-2节 [1] 临沂一村132（原大丰港湾）102教室 蔡俊丰(1400237) 星期四1-2节 [5] 临沂一村132（原大丰港湾）102教室 邵钦(1600109) 星期四1-2节 [2] 临沂一村132（原大丰港湾）102教室 罗树林(1400241) 星期四1-2节 [7-8] 临沂一村132（原大丰港湾）102教室 沈彬(1400226) 星期五1-2节 [5] 临沂一村132（原大丰港湾）102教室 马敏(1400129) 星期五1-2节 [1] 临沂一村132（原大丰港湾）102教室 吴德升(1300116) 星期五1-2节 [4] 临沂一村132（原大丰港湾）102教室 亓东铎(1400236) 星期五1-2节 [7] 临沂一村132（原大丰港湾）102教室 罗树林(1400241) 星期五1-2节 [6-8双] 临沂一村132（原大丰港湾）102教室
MED441301,血液系统与疾病,3,,"李育娴,董海青,赵燕,魏蓉","05186,11502,90801,93832",",,实验师,",专业必修课,中文,沪西校区,"2023(临床医学(5+3一体化) 14002),2023(临床医学 14004),2023(临床医学(贯通培养) 14058)",0,9,14,赵燕(90801) 星期一5-6节 [13] 沪西二教219中教室 赵燕(90801) 星期一7-8节 [13] 二教2楼实验室(沪西校区) 魏蓉(93832) 星期二3-4节 [9-14] 骊山路201号122室 李育娴(05186) 星期三9-10节 [10] 骊山路201号122室 魏蓉(93832) 星期四1-2节 [9-11单 12-13] 骊山路201号122室 魏蓉(93832) 星期五1-2节 [9-11单 12-13] 骊山路201号122室 董海青(11502) 星期五1-2节 [10] 骊山路201号122室
MED441302,血液系统与疾病,3,,"修冰,傅建非,黄莺,李冰,欧庆健,赵燕","02823,07815,16028,1701660,22212,90801",",,,,,实验师",专业必修课,中英,沪西校区,"2023(临床医学(5+3一体化) 14002),2023(临床医学 14004),2023(临床医学(贯通培养) 14058)",0,9,14,傅建非(07815) 星期二3-4节 [9-12] 同济医院教学楼302 修冰(02823) 星期二3-4节 [13-14] 同济医院教学楼302 修冰(02823) 星期三5-6节 [13] 沪西二教221中教室 赵燕(90801) 星期三7-8节 [13] 二教2楼实验室(沪西校区) 李冰(1701660) 星期四1-2节 [12] 同济医院教学楼302 修冰(02823) 星期四1-2节 [13] 同济医院教学楼302 傅建非(07815) 星期四1-2节 [9-11单] 同济医院教学楼302 黄莺(16028) 星期四1-2节 [10] 同济医院教学楼302 修冰(02823) 星期五1-2节 [13] 同济医院教学楼302 傅建非(07815) 星期五1-2节 [9-11单] 同济医院教学楼302 欧庆健(22212) 星期五1-2节 [10] 同济医院教学楼302 李冰(1701660) 星期五1-2节 [12] 同济医院教学楼302
MED441303,血液系统与疾病,3,,"施菊妹,贾新颜,李艳,范晓岑","1200021,1600094,18603,23189",",,副研究员（自然科学）,助理教授（长聘体系）",专业必修课,中文,沪西校区,"2023(临床医学(5+3一体化) 14002),2023(临床医学 14004),2023(临床医学(贯通培养) 14058)",0,9,14,贾新颜(1600094) 星期二1-2节 [10-14] 临沂一村132（原大丰港湾）104教室 施菊妹(1200021) 星期二1-2节 [9] 临沂一村132（原大丰港湾）104教室 施菊妹(1200021) 星期四3-4节 [9] 临沂一村132（原大丰港湾）104教室 贾新颜(1600094) 星期四3-4节 [11-13] 临沂一村132（原大丰港湾）104教室 范晓岑(23189) 星期四3-4节 [10] 临沂一村132（原大丰港湾）104教室 李艳(18603) 星期五3-4节 [10] 临沂一村132（原大丰港湾）104教室 贾新颜(1600094) 星期五3-4节 [9-11单 12-13] 临沂一村132（原大丰港湾）104教室
MED441304,血液系统与疾病,3,,"秦颖,顾俊,王静,赵燕,苏丹","08002,1701294,1701912,90801,97760",",,,实验师,",专业必修课,中文,沪西校区,"2023(临床医学(5+3一体化) 14002),2023(临床医学 14004),2023(临床医学(贯通培养) 14058)",0,9,14,王静(1701912) 星期二3-4节 [9 13-14] 腾越路450号，知道楼203教室 顾俊(1701294) 星期二3-4节 [10-12] 腾越路450号，知道楼203教室 赵燕(90801) 星期三5-6节 [12] 沪西二教321智慧教室(中) 赵燕(90801) 星期三7-8节 [12] 二教2楼实验室(沪西校区) 秦颖(08002) 星期四1-2节 [10] 腾越路450号，知道楼203教室 王静(1701912) 星期四1-2节 [9 12-13] 腾越路450号，知道楼203教室 顾俊(1701294) 星期四1-2节 [11] 腾越路450号，知道楼203教室 顾俊(1701294) 星期五1-2节 [9-11单] 腾越路450号，知道楼203教室 王静(1701912) 星期五1-2节 [12-13] 腾越路450号，知道楼203教室 苏丹(97760) 星期五1-2节 [10] 腾越路450号，知道楼203教室
MED441305,血液系统与疾病,3,,"张玲,施菊妹,贾新颜,李艳","11504,1200021,1600094,18603","教授,,,副研究员（自然科学）",专业必修课,中文,沪西校区,2023(临床医学中德实验班 14057),0,9,14,施菊妹(1200021) 星期二3-4节 [9] 临沂一村132（原大丰港湾）102教室 贾新颜(1600094) 星期二3-4节 [10-14] 临沂一村132（原大丰港湾）102教室 施菊妹(1200021) 星期四1-2节 [9] 临沂一村132（原大丰港湾）102教室 张玲(11504) 星期四1-2节 [10] 临沂一村132（原大丰港湾）102教室 贾新颜(1600094) 星期四1-2节 [11-13] 临沂一村132（原大丰港湾）102教室 李艳(18603) 星期五1-2节 [10] 临沂一村132（原大丰港湾）102教室 贾新颜(1600094) 星期五1-2节 [9-11单 12-13] 临沂一村132（原大丰港湾）102教室
,骨骼肌肉系统物理治疗实习1,0,,"林建华,林宇峰","1400508,2405703",",",实践环节课程,中文,沪西校区,2023(康复物理治疗 14056),0,1,16,"林建华(1400508),林宇峰(2405703) 星期一1-2节 [1-16] 阳光康复"
,骨骼肌肉系统物理治疗实习2,0,,"林建华,林宇峰","1400508,2405703",",",实践环节课程,中文,沪西校区,2023(康复物理治疗 14056),0,1,16,"林建华(1400508),林宇峰(2405703) 星期二1-2节 [1-16] 阳光康复"
MED462101,神经系统物理治疗实习1,0,,"沈霞,赵卿","18003,2105452",",",实践环节课程,中文,沪西校区,2023(康复物理治疗 14056),0,1,16,"沈霞(18003),赵卿(2105452) 星期三1-2节 [1-16] 阳光康复"
MED462201,神经系统物理治疗实习2,0,,"沈霞,赵卿","18003,2105452",",",实践环节课程,中文,沪西校区,2023(康复物理治疗 14056),0,1,16,"沈霞(18003),赵卿(2105452) 星期四1-2节 [1-16] 阳光康复"
MED462301,心肺系统物理治疗实习,0,,胡佳,1400719,,实践环节课程,中文,沪西校区,2023(康复物理治疗 14056),0,1,16,胡佳(1400719) 星期五1-2节 [1-16] 阳光康复
MED462401,儿童物理治疗实习,0,,"张蓓华,陶然","1500027,2305538",",",实践环节课程,中文,沪西校区,2023(康复物理治疗 14056),0,1,16,"张蓓华(1500027),陶然(2305538) 星期一3-4节 [1-16] 阳光康复"
MED232601,人体生理学,4,,"李育娴,秦颖,秦瑶,黄莺,范晓岑","05186,08002,09042,16028,23189",",,,,",专业基础课,中文,沪西校区,2025(康复物理治疗 14056),0,1,15,"范晓岑(23189) 星期一3-4节 [10-12] 沪西二教215中教室 李育娴(05186) 星期一3-4节 [3-5单 6] 沪西二教215中教室 秦瑶(09042),范晓岑(23189) 星期一3-8节 [13-14] 二教4楼实验室 秦颖(08002) 星期一3-4节 [7-9] 沪西二教215中教室 黄莺(16028) 星期一3-4节 [1-2] 沪西二教215中教室 秦瑶(09042),范晓岑(23189) 星期一5-8节 [15] 二教4楼实验室 秦瑶(09042) 星期三3-4节 [12-13] 沪西二教215中教室 范晓岑(23189) 星期三3-4节 [10-11] 沪西二教215中教室 李育娴(05186) 星期三3-4节 [3-6] 沪西二教215中教室 秦颖(08002) 星期三3-4节 [7-9] 沪西二教215中教室 黄莺(16028) 星期三3-4节 [1-2] 沪西二教215中教室"
MED462901,护理学实习1,0,,朱晓萍,1500118,,实践环节课程,中文,沪西校区,2023(护理学 14044),0,1,16,朱晓萍(1500118) 星期二1-2节 [1-16] 十院
MED462701,科研训练I,2,,曾莉,1600239,,实践环节课程,中文,沪西校区,2023(护理学 14044),0,1,9,曾莉(1600239) 星期一5-8节 [1-9] 沪西二教120小教室
MED342201,病理学,6,,"徐晶莹,徐晓娟,杜彬,吴齐辉,高歌","09037,11038,1905229,21506,22138",",,,null,",专业必修课,中英,沪西校区,"2024(医学试验班(国豪精英班) 09007),2024(基础医学 14060)",0,1,14,高歌(22138) 星期一1-2节 [2-3 8 13] 沪西二教321智慧教室(中) 吴齐辉(21506) 星期一1-2节 [12] 沪西二教321智慧教室(中) 徐晶莹(09037) 星期一1-2节 [1 9-10] 沪西二教321智慧教室(中) 杜彬(1905229) 星期一1-2节 [11] 沪西二教321智慧教室(中) 徐晓娟(11038) 星期一1-2节 [5-7] 沪西二教321智慧教室(中) 高歌(22138) 星期一5-8节 [5] 二教2楼实验室(沪西校区) 高歌(22138) 星期一5-7节 [10] 二教2楼实验室(沪西校区) 徐晶莹(09037) 星期一5-7节 [2] 二教2楼实验室(沪西校区) 徐晓娟(11038) 星期一5-7节 [8 12] 二教2楼实验室(沪西校区) 高歌(22138) 星期一5-6节 [14] 二教2楼实验室(沪西校区) 徐晓娟(11038) 星期一5-8节 [3 6-7] 二教2楼实验室(沪西校区) 徐晓娟(11038) 星期三3-4节 [5-7 11] 沪西二教321智慧教室(中) 高歌(22138) 星期三3-4节 [2-4 8 12] 沪西二教321智慧教室(中) 徐晶莹(09037) 星期三3-4节 [1 9-10] 沪西二教321智慧教室(中) 高歌(22138) 星期三3-3节 [13] 沪西二教321智慧教室(中) 徐晶莹(09037) 星期五3-4节 [1] 沪西二教321智慧教室(中) 杜彬(1905229) 星期五3-4节 [10] 沪西二教321智慧教室(中) 高歌(22138) 星期五3-4节 [8] 沪西二教321智慧教室(中) 徐晓娟(11038) 星期五3-4节 [4-7 11] 沪西二教321智慧教室(中) 徐晶莹(09037) 星期五3-3节 [9] 沪西二教321智慧教室(中)
MED342301,病理生理学,4,,"何晶,蒋晓燕,刘玲,姚丽君,房玉江","06071,07058,11501,15175,20134",",,,,",专业必修课,中文,沪西校区,"2024(医学试验班(国豪精英班) 09007),2024(基础医学 14060)",0,1,15,何晶(06071) 星期二3-4节 [2-4 6] 沪西二教321智慧教室(中) 房玉江(20134) 星期二3-4节 [7] 沪西二教321智慧教室(中) 刘玲(11501) 星期二3-4节 [1 8-10] 沪西二教321智慧教室(中) 蒋晓燕(07058) 星期二3-4节 [5 11-13] 沪西二教321智慧教室(中) 房玉江(20134) 星期四3-8节 [13] 二教4楼实验室 何晶(06071) 星期四3-8节 [12] 二教4楼实验室 蒋晓燕(07058) 星期四3-4节 [5 11] 沪西二教321智慧教室(中) 何晶(06071) 星期四3-4节 [1-2 6] 沪西二教321智慧教室(中) 刘玲(11501) 星期四3-4节 [7-10] 沪西二教321智慧教室(中) 姚丽君(15175) 星期四3-8节 [14] 二教4楼实验室 姚丽君(15175) 星期四3-4节 [4] 沪西二教321智慧教室(中)
MED442601,诊断学综合,5,,"刘琦,王培军,李冬,姚义安,倪炯,潘玲玲","00844,05810,1200056,1400721,1400791,1701826",",,,,,",专业必修课,中英,沪西校区,"2023(医学试验班(国豪精英班) 09007),2023(基础医学 14060)",0,1,5,姚义安(1400721) 星期一1-4节 [2] 沪西二教131小教室 倪炯(1400791) 星期一1-4节 [3] 沪西二教131小教室 刘琦(00844) 星期一1-2节 [1] 沪西二教131小教室 潘玲玲(1701826) 星期一3-6节 [1] 沪西二教131小教室 潘玲玲(1701826) 星期一5-6节 [5] 同济医院 潘玲玲(1701826) 星期一5-7节 [2] 同济医院 姚义安(1400721) 星期二1-4节 [2] 沪西二教131小教室 王培军(05810) 星期二1-4节 [3] 沪西二教131小教室 潘玲玲(1701826) 星期二1-4节 [1] 沪西二教131小教室 李冬(1200056) 星期二1-4节 [4] 沪西二教131小教室 姚义安(1400721) 星期三1-4节 [1] 沪西二教131小教室 王培军(05810) 星期三1-2节 [3] 沪西二教131小教室 李冬(1200056) 星期三1-4节 [4] 沪西二教131小教室 姚义安(1400721) 星期三1-2节 [2] 沪西二教131小教室 潘玲玲(1701826) 星期三5-7节 [2-4双] 同济医院 李冬(1200056) 星期三5-8节 [3] 沪西二教131小教室 王培军(05810) 星期四1-4节 [2] 沪西二教131小教室 李冬(1200056) 星期四1-4节 [4] 沪西二教131小教室 姚义安(1400721) 星期四1-4节 [1] 沪西二教131小教室 潘玲玲(1701826) 星期四5-7节 [2] 同济医院 潘玲玲(1701826) 星期四5-6节 [4] 同济医院 李冬(1200056) 星期五1-2节 [4] 沪西二教131小教室 姚义安(1400721) 星期五1-4节 [1] 沪西二教131小教室
MED442701,临床思维原理与实践,1,,"李颖,石炜祺,刘中砚,李冰","01814,05855,05868,1701660",",null,,",专业必修课,中文,沪西校区,"2023(医学试验班(国豪精英班) 09007),2023(基础医学 14060)",0,10,15,石炜祺(05855) 星期一5-7节 [11] 同济医院临床技能中心 李冰(1701660) 星期一5-7节 [12] 同济医院临床技能中心 刘中砚(05868) 星期一5-7节 [13] 同济医院临床技能中心 李颖(01814) 星期一5-7节 [10 14-15] 同济医院临床技能中心
MED442801,临床医学综合1,9,,"张旭,修冰,潘丽珍,常义忠,李江涛,刘瑞麟,梁四维,洪岩,周琳,黄蕾,管强,傅建非,余晨,陈越,李羚,傅燚,刘光辉,王岚,姚义安,姜元喜,姚莉雯,左洪鹏,韩峻峰,夏璐,姚军,宋献文,余莉,陈玉辉,申远","00867,02823,02831,02835,02856,02890,03830,05850,05875,06818,06837,07815,1100048,1300006,1400061,1400270,1400271,1400493,1400721,1400789,1400792,1500035,2305049,2305171,94804,94845,96778,97780,99758",",,,,,,,,,,,,,,,,,,,,,,,,,,,,",专业必修课,中文,沪西校区,"2023(医学试验班(国豪精英班) 09007),2023(基础医学 14060)",0,5,10,陈玉辉(97780) 星期一1-4节 [9] 沪西二教131小教室 李羚(1400061) 星期一1-3节 [7] 沪西二教131小教室 王岚(1400493) 星期一1-4节 [6] 沪西二教131小教室 张旭(00867) 星期一1-4节 [8] 沪西二教131小教室 周琳(05875) 星期一1-4节 [5] 沪西二教131小教室 洪岩(05850) 星期一1-4节 [10] 沪西二教131小教室 刘光辉(1400271) 星期一5-6节 [7] 沪西二教131小教室 夏璐(2305171) 星期一5-7节 [6] 沪西二教131小教室 修冰(02823) 星期二1-4节 [8] 沪西二教131小教室 周琳(05875) 星期二1-4节 [5] 沪西二教131小教室 申远(99758) 星期二1-1节 [10] 沪西二教131小教室 余晨(1100048) 星期二1-1节 [7] 沪西二教131小教室 夏璐(2305171) 星期二1-4节 [6] 沪西二教131小教室 陈玉辉(97780) 星期二1-2节 [9] 沪西二教131小教室 张旭(00867) 星期二2-4节 [10] 沪西二教131小教室 陈越(1300006) 星期二2-4节 [7] 沪西二教131小教室 左洪鹏(1500035) 星期二3-4节 [9] 沪西二教131小教室 左洪鹏(1500035) 星期三1-2节 [9] 沪西二教131小教室 潘丽珍(02831) 星期三1-4节 [8] 沪西二教131小教室 李江涛(02856) 星期三1-4节 [7] 沪西二教131小教室 姚义安(1400721) 星期三1-4节 [5] 沪西二教131小教室 张旭(00867) 星期三1-4节 [10] 沪西二教131小教室 姜元喜(1400789) 星期三1-4节 [6] 沪西二教131小教室 宋献文(94845) 星期三3-4节 [9] 沪西二教131小教室 王岚(1400493) 星期三5-7节 [6] 同济医院 修冰(02823) 星期三5-7节 [8] 同济医院 姚义安(1400721) 星期三5-7节 [5] 同济医院 陈玉辉(97780) 星期三5-7节 [9] 同济医院 陈越(1300006) 星期三5-7节 [7] 同济医院 傅建非(07815) 星期四1-4节 [7] 沪西二教131小教室 刘瑞麟(02890) 星期四1-2节 [5] 沪西二教131小教室 张旭(00867) 星期四1-2节 [10] 沪西二教131小教室 宋献文(94845) 星期四1-4节 [9] 沪西二教131小教室 潘丽珍(02831) 星期四1-4节 [8] 沪西二教131小教室 姜元喜(1400789) 星期四2-2节 [6] 沪西二教131小教室 傅燚(1400270) 星期四3-4节 [10] 沪西二教131小教室 韩峻峰(2305049) 星期四3-4节 [6] 沪西二教131小教室 余莉(96778) 星期四3-4节 [5] 沪西二教131小教室 夏璐(2305171) 星期四5-7节 [6] 同济医院 修冰(02823) 星期四5-7节 [8] 同济医院 陈越(1300006) 星期四5-7节 [7] 同济医院 管强(06837) 星期五1-4节 [8] 沪西二教131小教室 洪岩(05850) 星期五1-4节 [9] 沪西二教131小教室 修冰(02823) 星期五1-4节 [7] 沪西二教131小教室 李羚(1400061) 星期五1-3节 [6] 沪西二教131小教室 梁四维(03830) 星期五1-4节 [5] 沪西二教131小教室 傅燚(1400270) 星期五1-2节 [10] 沪西二教131小教室
MED343101,科研训练2,2,,"李姣,孙毅,章小清,成昱,栾冰,宋建人,王平,姜远英,袁健,吕立夏","07085,09998,10139,14130,15028,16530,17015,19851,20020,98738",",,,,,,,null,,",专业必修课,中文,沪西校区,"2024(医学试验班(国豪精英班) 09007),2024(基础医学 14060)",0,5,14,"章小清(10139) 星期四9-10节 [5 13] 沪西二教321智慧教室(中) 姜远英(19851) 星期四9-10节 [10] 沪西二教321智慧教室(中) 栾冰(15028) 星期四9-10节 [7] 沪西二教321智慧教室(中) 袁健(20020) 星期四9-10节 [6] 沪西二教321智慧教室(中) 成昱(14130) 星期四9-10节 [12] 沪西二教321智慧教室(中) 宋建人(16530) 星期四9-10节 [9] 沪西二教321智慧教室(中) 王平(17015) 星期四9-10节 [11] 沪西二教321智慧教室(中) 孙毅(09998) 星期四9-10节 [8] 沪西二教321智慧教室(中) 吕立夏(98738) 星期四9-10节 [14] 沪西二教321智慧教室(中) 李姣(07085),吕立夏(98738) 星期五5-8节 [11-13] 二教3楼实验室(沪西校区)"
MED461301,临床实习,0,,"李颖,杨长青,吴先正,陆峥","01814,05802,89749,93844",",,,",实践环节课程,中文,沪西校区,"2023(医学试验班(国豪精英班) 09007),2023(基础医学 14060)",0,11,16,"李颖(01814),杨长青(05802),吴先正(89749),陆峥(93844) 星期一1-8节 [11-16] 同济医院 李颖(01814),杨长青(05802),吴先正(89749),陆峥(93844) 星期二1-4节 [11-16] 同济医院 李颖(01814),杨长青(05802),吴先正(89749),陆峥(93844) 星期三1-8节 [11-16] 同济医院 李颖(01814),杨长青(05802),吴先正(89749),陆峥(93844) 星期四1-8节 [11-16] 同济医院 李颖(01814),杨长青(05802),吴先正(89749),陆峥(93844) 星期五1-8节 [11-16] 同济医院"
MED561501,毕业设计1,0,,"章小清,金彩霞,吕立夏","10139,12060,98738",",副教授,",实践环节课程,中文,沪西校区,"2022(医学试验班(国豪精英班) 09007),2022(基础医学 14060)",0,1,16,"章小清(10139),金彩霞(12060),吕立夏(98738) 星期一5-6节 [1-16] 医学院"
MED270101,实验动物学,2,,"费俭,张兵波,张陈,宋建人,王平,秦昭,奚桃芳,杨维涛,徐瑾","07014,09040,15013,16530,17015,17020,18118,19616,20082",",,,,,,,预聘副教授,",个性化课程,中文,沪西校区,"2025(临床医学(5+3一体化) 14002),2025(临床医学 14004)",0,1,14,"宋建人(16530) 星期一7-8节 [10] 沪西二教135阶梯教室 费俭(07014) 星期一7-8节 [7-8] 沪西二教135阶梯教室 杨维涛(19616) 星期一7-8节 [13] 沪西二教135阶梯教室 徐瑾(20082) 星期一7-8节 [6] 沪西二教135阶梯教室 奚桃芳(18118) 星期一7-8节 [5] 沪西二教135阶梯教室 张陈(15013) 星期一7-8节 [2-3] 沪西二教135阶梯教室 王平(17015) 星期一7-8节 [1 9] 沪西二教135阶梯教室 秦昭(17020) 星期一7-8节 [11] 沪西二教135阶梯教室 张兵波(09040) 星期一7-8节 [12] 沪西二教135阶梯教室 张陈(15013),奚桃芳(18118),徐瑾(20082) 星期四5-8节 [13-14] 二教4楼实验室(沪西校区)"
MED270102,实验动物学,2,,"费俭,张兵波,张陈,宋建人,王平,秦昭,奚桃芳,杨维涛,徐瑾","07014,09040,15013,16530,17015,17020,18118,19616,20082",",,,,,,,预聘副教授,",个性化课程,中文,沪西校区,"2025(临床医学(中德实验班) 14061),2025(临床医学(领军人才培养) 14065)",0,1,14,"张陈(15013),奚桃芳(18118),徐瑾(20082) 星期三5-8节 [13-14] 二教4楼实验室(沪西校区) 张兵波(09040) 星期五7-8节 [13] 沪西二教212大教室 王平(17015) 星期五7-8节 [1 10] 沪西二教212大教室 秦昭(17020) 星期五7-8节 [12] 沪西二教212大教室 徐瑾(20082) 星期五7-8节 [7] 沪西二教212大教室 奚桃芳(18118) 星期五7-8节 [6] 沪西二教212大教室 费俭(07014) 星期五7-8节 [8-9] 沪西二教212大教室 杨维涛(19616) 星期五7-8节 [14] 沪西二教212大教室 宋建人(16530) 星期五7-8节 [11] 沪西二教212大教室 张陈(15013) 星期五7-8节 [4-5] 沪西二教212大教室"
MED270103,实验动物学,2,,"费俭,张兵波,张陈,宋建人,王平,秦昭,奚桃芳,杨维涛,徐瑾","07014,09040,15013,16530,17015,17020,18118,19616,20082",",,,,,,,预聘副教授,",个性化课程,中文,沪西校区,2025(临床医学（福大班） 14066),0,1,15,"张陈(15013),奚桃芳(18118),徐瑾(20082) 星期一5-8节 [14-15] 二教4楼实验室 杨维涛(19616) 星期二3-4节 [12] 沪西二教323智慧教室(中) 王平(17015) 星期二3-4节 [1 8] 沪西二教323智慧教室(中) 宋建人(16530) 星期二3-4节 [9] 沪西二教323智慧教室(中) 费俭(07014) 星期二3-4节 [6-7] 沪西二教323智慧教室(中) 张陈(15013) 星期二3-4节 [2-3] 沪西二教323智慧教室(中) 张兵波(09040) 星期二3-4节 [11] 沪西二教323智慧教室(中) 秦昭(17020) 星期二3-4节 [10] 沪西二教323智慧教室(中) 徐瑾(20082) 星期二3-4节 [5] 沪西二教323智慧教室(中) 奚桃芳(18118) 星期二3-4节 [4] 沪西二教323智慧教室(中)"
MED370201,表观遗传学前沿与疾病,2,,"李丽,刘海亮,杨丹静","04232,11060,13560",",,",个性化课程,中文,沪西校区,"2024(临床医学(5+3一体化) 14002),2024(临床医学 14004),2024(临床医学(中德实验班) 14061),2024(临床医学(领军人才培养) 14065)",0,1,16,李丽(04232) 星期三9-10节 [1-3 8-16] 沪西二教325阶梯教室 刘海亮(11060) 星期三9-10节 [4-5] 沪西二教325阶梯教室 杨丹静(13560) 星期三9-10节 [6-7] 沪西二教325阶梯教室
MED441401,生殖系统与疾病,5,,"韩凌斐,应豪,艾星子·艾里,李昆明,郭晓青,邢峰,邵晓雯,包怡榕,刘洁,周健红,杜彬,夏骁寰","1100005,1100015,1300157,1300187,1400694,1400710,1400711,1500139,1500918,1600042,1905229,19643",",,,,,,,,,,,",专业必修课,中文,沪西校区,"2023(临床医学(5+3一体化) 14002),2023(临床医学 14004),2023(临床医学(贯通培养) 14058)",0,1,14,杜彬(1905229) 星期一5-6节 [12] 沪西二教219中教室 杜彬(1905229) 星期一7-7节 [12] 二教2楼实验室(沪西校区) 杜彬(1905229) 星期二1-2节 [9-10] 骊山路201号122室 邢峰(1400710) 星期二1-2节 [7] 骊山路201号122室 应豪(1100015) 星期二1-2节 [3] 骊山路201号122室 韩凌斐(1100005) 星期二1-2节 [14] 骊山路201号122室 邢峰(1400710) 星期二1-1节 [8] 骊山路201号122室 艾星子·艾里(1300157) 星期二1-2节 [13] 骊山路201号122室 刘洁(1500918) 星期二1-1节 [1] 骊山路201号122室 刘洁(1500918) 星期二1-2节 [2-4双 5] 骊山路201号122室 郭晓青(1400694) 星期二1-2节 [12] 骊山路201号122室 邵晓雯(1400711) 星期二1-2节 [11] 骊山路201号122室 包怡榕(1500139) 星期二1-2节 [6] 骊山路201号122室 李昆明(1300187) 星期三5-8节 [2] 骊山路201号122室 包怡榕(1500139) 星期三5-7节 [6] 骊山路201号122室 周健红(1600042) 星期三5-7节 [10] 骊山路201号122室 邢峰(1400710) 星期三5-7节 [7-8] 骊山路201号122室 夏骁寰(19643) 星期三5-8节 [1] 骊山路201号122室 郭晓青(1400694) 星期四3-4节 [12] 骊山路201号122室 周健红(1600042) 星期四3-4节 [10] 骊山路201号122室 邵晓雯(1400711) 星期四3-4节 [11] 骊山路201号122室 邢峰(1400710) 星期四3-4节 [7-8] 骊山路201号122室 邢峰(1400710) 星期四3-3节 [6] 骊山路201号122室 韩凌斐(1100005) 星期四3-4节 [13] 骊山路201号122室 刘洁(1500918) 星期四3-4节 [1 9] 骊山路201号122室 李昆明(1300187) 星期四3-4节 [2-4双 5] 骊山路201号122室
MED441402,生殖系统与疾病,5,,"应豪,万小平,陆雯,齐薪蕊,杜彬","1100015,1400693,1400804,14185,1905229",",,,,",专业必修课,中文,沪西校区,"2023(临床医学(5+3一体化) 14002),2023(临床医学 14004),2023(临床医学(贯通培养) 14058)",0,1,15,杜彬(1905229) 星期一5-6节 [13] 沪西二教221中教室 杜彬(1905229) 星期一7-7节 [13] 二教2楼实验室(沪西校区) 应豪(1100015) 星期二1-1节 [1] 同济医院教学楼302 万小平(1400693) 星期二1-2节 [13-15] 同济医院教学楼302 陆雯(1400804) 星期二1-2节 [9-12] 同济医院教学楼302 陆雯(1400804) 星期二1-1节 [8] 同济医院教学楼302 应豪(1100015) 星期二1-2节 [2-7] 同济医院教学楼302 应豪(1100015) 星期三5-8节 [1] 同济医院教学楼302 陆雯(1400804) 星期三5-7节 [6-7] 同济医院教学楼302 齐薪蕊(14185) 星期三5-8节 [2] 同济医院教学楼302 万小平(1400693) 星期四3-4节 [13-14] 同济医院教学楼302 应豪(1100015) 星期四3-4节 [1-2 4-5 7] 同济医院教学楼302 应豪(1100015) 星期四3-3节 [6] 同济医院教学楼302 陆雯(1400804) 星期四3-3节 [11] 同济医院教学楼302 杜彬(1905229) 星期四3-4节 [8-9] 同济医院教学楼302 陆雯(1400804) 星期四3-4节 [10-12双] 同济医院教学楼302 陆雯(1400804) 星期五5-7节 [8] 同济医院教学楼302
MED441403,生殖系统与疾病,5,,"周爽,鲍时华,应豪,孙静,李芳,刘铭,雷蕾,王国增,邹刚,程静新,强素凤,杜彬,王建军","09171,1100001,1100015,1300183,1300223,1400695,1400699,1400704,1500137,1500921,1500924,1905229,95852",",,,,,null,,,,,,,",专业必修课,中文,沪西校区,"2023(临床医学(5+3一体化) 14002),2023(临床医学 14004),2023(临床医学(贯通培养) 14058)",0,1,16,鲍时华(1100001) 星期一5-7节 [13] 临沂一村132（原大丰港湾）104教室 程静新(1500921) 星期二3-3节 [1] 临沂一村132（原大丰港湾）104教室 李芳(1300223) 星期二3-4节 [16] 临沂一村132（原大丰港湾）104教室 强素凤(1500924) 星期二3-4节 [13] 临沂一村132（原大丰港湾）104教室 雷蕾(1400699) 星期二3-4节 [7] 临沂一村132（原大丰港湾）104教室 孙静(1300183) 星期二3-4节 [15] 临沂一村132（原大丰港湾）104教室 刘铭(1400695) 星期二3-4节 [8-9] 临沂一村132（原大丰港湾）104教室 程静新(1500921) 星期二3-4节 [2-6 14] 临沂一村132（原大丰港湾）104教室 刘铭(1400695) 星期二3-3节 [10] 临沂一村132（原大丰港湾）104教室 邹刚(1500137) 星期二3-4节 [11] 临沂一村132（原大丰港湾）104教室 鲍时华(1100001) 星期二3-4节 [12] 临沂一村132（原大丰港湾）104教室 程静新(1500921) 星期四1-2节 [1-2 4-5] 临沂一村132（原大丰港湾）104教室 孙静(1300183) 星期四1-2节 [14-15] 临沂一村132（原大丰港湾）104教室 鲍时华(1100001) 星期四1-2节 [12] 临沂一村132（原大丰港湾）104教室 杜彬(1905229) 星期四1-2节 [10-11] 临沂一村132（原大丰港湾）104教室 王建军(95852) 星期四1-2节 [13] 临沂一村132（原大丰港湾）104教室 刘铭(1400695) 星期四1-2节 [9] 临沂一村132（原大丰港湾）104教室 王国增(1400704) 星期四2-2节 [7] 临沂一村132（原大丰港湾）104教室 应豪(1100015) 星期四2-2节 [6] 临沂一村132（原大丰港湾）104教室 刘铭(1400695) 星期四2-2节 [8] 临沂一村132（原大丰港湾）104教室 邹刚(1500137) 星期四5-7节 [10] 临沂一村132（原大丰港湾）104教室 杜彬(1905229) 星期五5-6节 [13] 沪西二教122大教室 杜彬(1905229) 星期五7-7节 [13] 二教2楼实验室(沪西校区)
MED441404,生殖系统与疾病,5,,"段涛,陈凌,杜巧玲,唐传玲,包怡榕,瞿晓燕,朱敏,康乐,马丽山,刘茗敏,柯小平,赵燕","1100003,11062,1400483,1400833,1500139,1500928,1500929,1500930,1500931,1500939,1600063,90801",",讲师,,,,,null,,,null,,实验师",专业必修课,中文,沪西校区,"2023(临床医学(5+3一体化) 14002),2023(临床医学 14004),2023(临床医学(贯通培养) 14058)",0,1,14,唐传玲(1400833) 星期二1-2节 [2] 腾越路450号，知道楼203教室 刘茗敏(1500939) 星期二1-2节 [11] 腾越路450号，知道楼203教室 包怡榕(1500139) 星期二1-2节 [5] 腾越路450号，知道楼203教室 马丽山(1500931) 星期二1-1节 [8] 腾越路450号，知道楼203教室 杜巧玲(1400483) 星期二1-2节 [3-4] 腾越路450号，知道楼203教室 刘茗敏(1500939) 星期二1-1节 [14] 腾越路450号，知道楼203教室 康乐(1500930) 星期二1-2节 [6-7] 腾越路450号，知道楼203教室 段涛(1100003) 星期二1-1节 [1] 腾越路450号，知道楼203教室 朱敏(1500929) 星期二1-1节 [10] 腾越路450号，知道楼203教室 柯小平(1600063) 星期二1-2节 [9] 腾越路450号，知道楼203教室 瞿晓燕(1500928) 星期二1-2节 [12-13] 腾越路450号，知道楼203教室 柯小平(1600063) 星期二2-2节 [14] 腾越路450号，知道楼203教室 唐传玲(1400833) 星期三5-7节 [2] 腾越路450号，知道楼203教室 马丽山(1500931) 星期三5-7节 [8] 腾越路450号，知道楼203教室 瞿晓燕(1500928) 星期三5-6节 [11] 沪西二教321智慧教室(中) 康乐(1500930) 星期三5-5节 [7] 腾越路450号，知道楼203教室 陈凌(11062) 星期三5-8节 [1] 腾越路450号，知道楼203教室 康乐(1500930) 星期三5-7节 [6] 腾越路450号，知道楼203教室 杜巧玲(1400483) 星期三6-7节 [7] 腾越路450号，知道楼203教室 赵燕(90801) 星期三7-7节 [11] 二教2楼实验室(沪西校区) 柯小平(1600063) 星期三8-8节 [2] 腾越路450号，知道楼203教室 瞿晓燕(1500928) 星期四3-3节 [6] 腾越路450号，知道楼203教室 朱敏(1500929) 星期四3-4节 [2 9-10] 腾越路450号，知道楼203教室 包怡榕(1500139) 星期四3-4节 [4-5] 腾越路450号，知道楼203教室 唐传玲(1400833) 星期四3-4节 [1] 腾越路450号，知道楼203教室 康乐(1500930) 星期四3-4节 [7] 腾越路450号，知道楼203教室 马丽山(1500931) 星期四3-4节 [8] 腾越路450号，知道楼203教室 瞿晓燕(1500928) 星期四3-4节 [11-13] 腾越路450号，知道楼203教室
MED441405,生殖系统与疾病,5,,"周爽,鲍时华,应豪,孙静,李芳,刘铭,雷蕾,王国增,邹刚,程静新,强素凤,杜彬,王建军","09171,1100001,1100015,1300183,1300223,1400695,1400699,1400704,1500137,1500921,1500924,1905229,95852",",,,,,null,,,,,,,",专业必修课,中文,沪西校区,2023(临床医学中德实验班 14057),0,1,16,李芳(1300223) 星期二1-2节 [16] 临沂一村132（原大丰港湾）102教室 强素凤(1500924) 星期二1-2节 [13] 临沂一村132（原大丰港湾）102教室 雷蕾(1400699) 星期二1-2节 [7] 临沂一村132（原大丰港湾）102教室 孙静(1300183) 星期二1-2节 [15] 临沂一村132（原大丰港湾）102教室 刘铭(1400695) 星期二1-2节 [8-9] 临沂一村132（原大丰港湾）102教室 程静新(1500921) 星期二1-2节 [2-6 14] 临沂一村132（原大丰港湾）102教室 鲍时华(1100001) 星期二1-2节 [12] 临沂一村132（原大丰港湾）102教室 邹刚(1500137) 星期二1-2节 [11] 临沂一村132（原大丰港湾）102教室 程静新(1500921) 星期二2-2节 [1] 临沂一村132（原大丰港湾）102教室 邹刚(1500137) 星期二2-2节 [10] 临沂一村132（原大丰港湾）102教室 周爽(09171) 星期三5-8节 [1] 临沂一村132（原大丰港湾）102教室 程静新(1500921) 星期三5-8节 [2] 临沂一村132（原大丰港湾）102教室 鲍时华(1100001) 星期三5-7节 [12] 临沂一村132（原大丰港湾）102教室 邹刚(1500137) 星期三5-7节 [10] 临沂一村132（原大丰港湾）102教室 孙静(1300183) 星期四3-4节 [15] 临沂一村132（原大丰港湾）102教室 程静新(1500921) 星期四3-4节 [1-2 4-5 14] 临沂一村132（原大丰港湾）102教室 刘铭(1400695) 星期四3-4节 [9] 临沂一村132（原大丰港湾）102教室 王国增(1400704) 星期四3-3节 [7] 临沂一村132（原大丰港湾）102教室 应豪(1100015) 星期四3-3节 [6] 临沂一村132（原大丰港湾）102教室 鲍时华(1100001) 星期四3-4节 [12] 临沂一村132（原大丰港湾）102教室 杜彬(1905229) 星期四3-4节 [10-11] 临沂一村132（原大丰港湾）102教室 刘铭(1400695) 星期四3-3节 [8] 临沂一村132（原大丰港湾）102教室 王建军(95852) 星期四3-4节 [13] 临沂一村132（原大丰港湾）102教室 杜彬(1905229) 星期五5-6节 [13] 沪西二教122大教室 杜彬(1905229) 星期五7-7节 [13] 二教2楼实验室(沪西校区)
MED340101,病原与感染性疾病,4,,"王飞,沈利,葛艳,徐晶莹,张占卿,徐新东","00776,07193,08006,09037,1300192,14171",",,,,null,",专业必修课,中文,沪西校区,"2024(临床医学(5+3一体化) 14002),2024(临床医学 14004),2024(临床医学(领军人才培养) 14065)",0,1,16,"沈利(07193),葛艳(08006) 星期一1-2节 [10-15] 沪西二教325阶梯教室 徐晶莹(09037) 星期一1-2节 [16] 沪西二教325阶梯教室 徐新东(14171) 星期一1-2节 [6-9] 沪西二教325阶梯教室 葛艳(08006) 星期一1-2节 [1-3 5] 沪西二教325阶梯教室 王飞(00776) 星期一5-6节 [5-6] 二教5楼实验室(沪西校区) 王飞(00776) 星期一5-7节 [7] 二教5楼实验室(沪西校区) 王飞(00776) 星期一5-8节 [1-2] 二教5楼实验室(沪西校区) 张占卿(1300192) 星期五5-8节 [10] 沪西二教325阶梯教室 张占卿(1300192) 星期五5-7节 [11-14] 沪西二教325阶梯教室"
MED340102,病原与感染性疾病,4,,"王飞,沈利,葛艳,徐晶莹,张占卿,徐新东","00776,07193,08006,09037,1300192,14171",",,,,null,",专业必修课,中文,沪西校区,"2024(临床医学(5+3一体化) 14002),2024(临床医学 14004),2024(临床医学(中德实验班) 14061),2024(临床医学(领军人才培养) 14065)",0,1,16,"王飞(00776) 星期三5-8节 [2-4双] 二教5楼实验室(沪西校区) 张占卿(1300192) 星期三5-7节 [11-13单 14-15] 沪西二教223阶梯教室 张占卿(1300192) 星期三5-8节 [10] 沪西二教223阶梯教室 王飞(00776) 星期三5-7节 [8] 二教5楼实验室(沪西校区) 王飞(00776) 星期三5-6节 [6-7] 二教5楼实验室(沪西校区) 沈利(07193),葛艳(08006) 星期四1-2节 [10-15] 沪西二教223阶梯教室 徐新东(14171) 星期四1-2节 [6-9] 沪西二教223阶梯教室 葛艳(08006) 星期四1-2节 [1-2 4-5] 沪西二教223阶梯教室 徐晶莹(09037) 星期四1-2节 [16] 沪西二教223阶梯教室"
MED352701,肿瘤康复学,2,,胡佳,1400719,,专业选修课,中文,沪西校区,2024(康复物理治疗 14056),0,9,16,胡佳(1400719) 星期三1-4节 [9-16] 阳光康复2206
MED334901,智能康复辅助器具概论,2,,"朱睿,牛文鑫,张蓓华","14031,14208,1500027",",,",专业选修课,中文,沪西校区,2024(康复物理治疗 14056),0,1,11,朱睿(14031) 星期五1-4节 [1 4-5 7-8 11] 阳光康复2206 牛文鑫(14208) 星期五1-4节 [9] 阳光康复2206 张蓓华(1500027) 星期五1-4节 [6] 阳光康复2206
MED003301,奇妙的微观世界与人类健康,2,,"邓翠君,吕诚","18605,20141",",",科学探索与生命关怀,中文,四平路校区,,0,1,12,"邓翠君(18605),吕诚(20141) 星期一9-10节 [11-12] 北221 邓翠君(18605) 星期一9-10节 [7-9] 北221 吕诚(20141) 星期一9-10节 [1-6 10] 北221"
MED003302,奇妙的微观世界与人类健康,2,,"邓翠君,吕诚","18605,20141",",",科学探索与生命关怀,中文,沪西校区,,0,1,12,"邓翠君(18605),吕诚(20141) 星期四7-8节 [11-12] 沪西二教219中教室 邓翠君(18605) 星期四7-8节 [7-9] 沪西二教219中教室 吕诚(20141) 星期四7-8节 [1-6 10] 沪西二教219中教室"
MED370401,干细胞与再生转化,2,,"徐俊,薛志刚,孙毅,刘海亮,崔磊,左为","09091,09162,09998,11060,14209,15506",",,,,,",个性化课程,中文,沪西校区,"2024(医学试验班(国豪精英班) 09007),2024(基础医学 14060)",0,1,12,崔磊(14209) 星期三1-2节 [8-9] 沪西二教321智慧教室(中) 徐俊(09091) 星期三1-2节 [2-5] 沪西二教321智慧教室(中) 刘海亮(11060) 星期三1-2节 [10-12双] 沪西二教321智慧教室(中) 薛志刚(09162) 星期三1-2节 [6-7] 沪西二教321智慧教室(中) 左为(15506) 星期六3-8节 [11] 企业参观 孙毅(09998) 星期六3-8节 [1] 企业参观
MED370501,生物材料与组织工程,2,,"王祎龙,童建华,邓翠君,逯向雨,王国敏","09041,14163,18605,21162,22184",",,,,",个性化课程,中文,沪西校区,"2024(医学试验班(国豪精英班) 09007),2024(基础医学 14060)",0,1,15,王国敏(22184) 星期五1-4节 [14] 沪西二教321智慧教室(中) 邓翠君(18605) 星期五1-2节 [4-6 13] 沪西二教321智慧教室(中) 童建华(14163) 星期五1-2节 [11] 沪西二教321智慧教室(中) 王国敏(22184) 星期五1-2节 [10] 沪西二教321智慧教室(中) 逯向雨(21162) 星期五1-2节 [7-9] 沪西二教321智慧教室(中) 王祎龙(09041) 星期五1-4节 [12] 沪西二教321智慧教室(中) 王祎龙(09041) 星期五1-2节 [1 15] 沪西二教321智慧教室(中) 逯向雨(21162) 星期五3-4节 [13] 沪西二教321智慧教室(中)
MED352301,仪器原理与分析,1,,"许洁,翟琳辉","14097,24099",",",专业选修课,中文,沪西校区,"2024(医学试验班(国豪精英班) 09007),2024(基础医学 14060)",0,5,8,许洁(14097) 星期四1-2节 [7] 沪西二教321智慧教室(中) 翟琳辉(24099) 星期四1-2节 [5] 沪西二教321智慧教室(中) 许洁(14097) 星期四5-7节 [7-8] 二教3楼实验室 翟琳辉(24099) 星期四5-7节 [5-6] 二教3楼实验室
MED003802,数字时代的视觉健康,2,,徐蔚,97778,,科学探索与生命关怀,中文,沪西校区,,0,1,12,徐蔚(97778) 星期一9-10节 [1-12] 沪西二教219中教室
MED003801,数字时代的视觉健康,2,,徐蔚,97778,,科学探索与生命关怀,中文,四平路校区,,0,1,12,徐蔚(97778) 星期四9-10节 [1-12] 北211
MED004101,肿瘤学医工交叉研究前沿发展与概论,2,,"张兵波,刘琦,刘海鹏,余飞,范琳,成昱,何雅億,戴洁","09040,09149,1300013,1300067,1400836,14130,1500136,1805186",",,,,,,,讲师",科学探索与生命关怀,中文,四平路校区,,0,1,12,成昱(14130) 星期三9-10节 [7] 北215 刘海鹏(1300013) 星期三9-10节 [12] 北215 何雅億(1500136) 星期三9-10节 [1-3 9-10] 北215 戴洁(1805186) 星期三9-10节 [8] 北215 余飞(1300067) 星期三9-10节 [6] 北215 刘琦(09149) 星期三9-10节 [5] 北215 张兵波(09040) 星期三9-10节 [4] 北215 范琳(1400836) 星期三9-10节 [11] 北215
MED233801,物理治疗基础Ⅰ,4,,"王岳,齐燕,徐燕,沈玉芹","1801064,2000685,2106049,92814",",,,",专业必修课,中文,沪西校区,2025(康复物理治疗 14056),0,1,12,徐燕(2106049) 星期一5-8节 [1-3 5] 二教5楼康复实训室 王岳(1801064) 星期一5-8节 [6-7] 二教5楼康复实训室 沈玉芹(92814) 星期一5-8节 [8] 二教5楼康复实训室 齐燕(2000685) 星期一5-8节 [9-12] 二教5楼康复实训室 王岳(1801064) 星期四5-8节 [6] 二教5楼康复实训室 徐燕(2106049) 星期四5-8节 [1-2 4-5] 二教5楼康复实训室
MED341101,物理治疗基础Ⅲ,4,,"沈霞,余斌","18003,91813",",",专业必修课,中文,沪西校区,2024(康复物理治疗 14056),0,1,10,余斌(91813) 星期一1-4节 [2 6] 阳光康复2206 沈霞(18003) 星期一1-4节 [8-10] 阳光康复2206 余斌(91813) 星期一1-2节 [3] 阳光康复2206 沈霞(18003) 星期一1-2节 [7] 阳光康复2206 余斌(91813) 星期一1-3节 [1 5] 阳光康复2206 余斌(91813) 星期四1-2节 [6] 阳光康复2206 沈霞(18003) 星期四1-4节 [7-10] 阳光康复2206 余斌(91813) 星期四1-4节 [1-2 4-5] 阳光康复2206
MED370601,生物信息学和数据分析上机实践,2,,陈放,24087,,个性化课程,中文,沪西校区,"2024(医学试验班(国豪精英班) 09007),2024(基础医学 14060)",0,1,16,陈放(24087) 星期六1-2节 [1-16] 不排教室
MED370701,先进微纳制造技术,2,,吴广付,24035,,专业选修课,中文,沪西校区,"2023(医学试验班(国豪精英班) 09007),2023(基础医学 14060),2024(医学试验班(国豪精英班) 09007),2024(基础医学 14060)",0,1,10,吴广付(24035) 星期五5-8节 [1 4-7] 沪西二教219中教室 吴广付(24035) 星期五5-8节 [8-10] 沪北校区汇峰楼一楼111洁净室
MED004301,人工智能赋能医学,2,,"刘琦,王启刚,汤奇荣,田莉,赵佳琦","09149,11040,14184,2100010,2205779",",,,教授,",科学探索与生命关怀,中文,四平路校区,,0,1,12,赵佳琦(2205779) 星期三9-10节 [7] 南215 田莉(2100010) 星期三9-10节 [1-2 6-8双 9-10] 南215 王启刚(11040) 星期三9-10节 [5] 南215 汤奇荣(14184) 星期三9-10节 [11-12] 南215 刘琦(09149) 星期三9-10节 [3-4] 南215
MED004401,医学交叉与转化研究,2,,"李成,吴广付","1600264,24035","教授,",科学探索与生命关怀,中文,四平路校区,,0,1,12,吴广付(24035) 星期四9-10节 [1] 北214 李成(1600264) 星期四9-10节 [2-12] 北214
外国语学院,,,,,,,,,,,,,,
,,,,,,,,,,,,,,
SFS000201,德国概况,2,,玄理,23016,,社会发展与国际视野,中文,四平路校区,,0,1,16,玄理(23016) 星期四7-8节 [1-16] 南314
SFS000202,德国概况,2,,吴梦徽,21159,,社会发展与国际视野,中文,四平路校区,,0,1,16,吴梦徽(21159) 星期三7-8节 [1-16] 南307
SFS000301,俄语二外(上),4,,吉玫,90079,,社会发展与国际视野,双语(其他),四平路校区,,0,1,16,吉玫(90079) 星期一9-10节 [1-16] 南311 吉玫(90079) 星期四7-8节 [1-16] 南311
SFS000302,俄语二外(上),4,,吉玫,90079,,社会发展与国际视野,双语(其他),四平路校区,,0,1,16,吉玫(90079) 星期三7-10节 [1-16] 南311
SFS000401,德语二外,4,,丁敏,00049,,社会发展与国际视野,双语(其他),四平路校区,,0,1,16,丁敏(00049) 星期一7-8节 [1-16] 南316 丁敏(00049) 星期三7-8节 [1-16] 南316
SFS320301,大学英语(A)3,2,,匡骁,13174,,公共基础课,中文,四平路校区,"2025(表演 44014),2025(音乐表演 48014)",0,1,16,匡骁(13174) 星期一7-8节 [1-16] 北205
SFS320304,大学英语(A)3,2,,匡骁,13174,,公共基础课,中文,四平路校区,"2025(运动训练 00802),2025(运动训练 32001)",0,1,16,匡骁(13174) 星期一9-10节 [1-16] 北205
SFS320305,大学英语(A)3,2,,匡骁,13174,,公共基础课,中文,四平路校区,2025(运动训练 00802),0,1,16,匡骁(13174) 星期二3-4节 [1-16] 北205
SFS120501,大学英语四级,2,,张轶,99083,,公共基础课,中文,嘉定校区,"2024(汽车服务工程 51024),2024(建筑电气与智能化 51034)",0,1,16,张轶(99083) 星期四1-2节 [1-16] 诚楼C412
SFS120502,大学英语四级,2,,张轶,99083,,公共基础课,中文,嘉定校区,2024(机械电子工程 51014),0,1,16,张轶(99083) 星期四3-4节 [1-16] 诚楼C410B
SFS120503,大学英语四级,2,,孙丹,00795,,公共基础课,中文,嘉定校区,"2024(汽车服务工程 51024),2024(建筑电气与智能化 51034)",0,1,16,孙丹(00795) 星期四1-2节 [1-16] 诚楼C413
SFS120504,大学英语四级,2,,孙丹,00795,,公共基础课,中文,嘉定校区,2024(机械电子工程 51014),0,1,16,孙丹(00795) 星期四3-4节 [1-16] 安楼A108
SFS120505,大学英语四级,2,,孙丹,00795,,公共基础课,中文,嘉定校区,2024(机械电子工程 51014),0,1,16,孙丹(00795) 星期四5-6节 [1-16] 安楼A108
SFS120506,大学英语四级,2,,张轶,99083,,公共基础课,中文,嘉定校区,2024(机械电子工程 51014),0,1,16,张轶(99083) 星期四5-6节 [1-16] 诚楼C410B
SFS321301,学术英语（文科类）,2,,于珏,14012,,公共基础课,中文,四平路校区,,0,1,16,于珏(14012) 星期三3-4节 [1-16] 北314
SFS321303,学术英语（文科类）,2,,于珏,14012,,公共基础课,中文,嘉定校区,,0,1,16,于珏(14012) 星期一3-4节 [1-16] 安楼A108
SFS321304,学术英语（文科类）,2,,于珏,14012,,公共基础课,中文,嘉定校区,,0,1,16,于珏(14012) 星期一5-6节 [1-16] 安楼A108
SFS321305,学术英语（文科类）,2,,于珏,14012,,公共基础课,中文,嘉定校区,,0,1,16,于珏(14012) 星期一7-8节 [1-16] 安楼A108
SFS340101,德语语言学导论,2,,郭屹炜,99035,,专业必修课,双语(其他),四平路校区,"2024(德语 11014),2024(德语(政治学与行政学双学士学位) 11052),2024(德语(全球胜任力外语人才实验区) 11054),2024(德语(法学双学士学位) 11059),2025(德语(二学位) 11056),2025(数智人文拔尖班 11060)",0,1,16,郭屹炜(99035) 星期四1-2节 [1-16] 南211
SFS350401,商务德语,2,,Julian Alexander Conrad,2300021,null,专业选修课,德语,四平路校区,"2024(德语 11014),2024(德语(政治学与行政学双学士学位) 11052),2024(德语(全球胜任力外语人才实验区) 11054),2024(德语(法学双学士学位) 11059),2025(德语(二学位) 11056)",0,1,16,Julian Alexander Conrad(2300021) 星期四3-4节 [1-16] 南214
SFS001201,艺术、政治与社会——德国电影百年经典析鉴,2,,朱宇方,98087,,人文经典与审美素养,中文,四平路校区,,0,1,12,朱宇方(98087) 星期四7-8节 [1-12] 南410
SFS321404,学术英语（理工类）,2,,陈洁,19074,,公共基础课,中文,四平路校区,,0,1,16,陈洁(19074) 星期一5-6节 [1-16] 北305
SFS321405,学术英语（理工类）,2,,陈洁,19074,,公共基础课,中文,四平路校区,,0,1,16,陈洁(19074) 星期一7-8节 [1-16] 北305
SFS321406,学术英语（理工类）,2,,陈靖,04053,,公共基础课,中文,四平路校区,,0,1,16,陈靖(04053) 星期一7-8节 [1-16] 北316
SFS321407,学术英语（理工类）,2,,李娇,23018,,公共基础课,中文,四平路校区,,0,1,16,李娇(23018) 星期四5-6节 [1-16] 北315
SFS321408,学术英语（理工类）,2,,李娇,23018,,公共基础课,中文,四平路校区,"2025(工程力学(强基计划) 09001),2025(通信工程(精英班) 09017),2025(光电信息科学与工程(精英班) 09046),2025(车辆工程(汽车精英班) 09048)",0,1,16,李娇(23018) 星期四7-8节 [1-16] 北315
SFS321409,学术英语（理工类）,2,,李玉香,98037,,公共基础课,中文,嘉定校区,,0,1,16,李玉香(98037) 星期三1-2节 [1-16] 安楼A114
SFS321410,学术英语（理工类）,2,,李玉香,98037,,公共基础课,中文,嘉定校区,,0,1,16,李玉香(98037) 星期三3-4节 [1-16] 安楼A114
SFS321504,学术英语写作1,2,,盛云岚,95833,,公共基础课,中文,四平路校区,,0,1,16,盛云岚(95833) 星期一1-2节 [1-16] 北210
SFS321505,学术英语写作1,2,,盛云岚,95833,,公共基础课,中文,四平路校区,,0,1,16,盛云岚(95833) 星期一3-4节 [1-16] 北210
SFS321506,学术英语写作1,2,,禹昱,00034,,公共基础课,中文,四平路校区,,0,1,16,禹昱(00034) 星期三1-2节 [1-16] 北311
SFS321507,学术英语写作1,2,,禹昱,00034,,公共基础课,中文,四平路校区,,0,1,16,禹昱(00034) 星期三3-4节 [1-16] 北311
SFS321508,学术英语写作1,2,,陈夏南,97082,,公共基础课,中文,四平路校区,,0,1,16,陈夏南(97082) 星期五1-2节 [1-16] 北222
SFS321509,学术英语写作1,2,,陈夏南,97082,,公共基础课,中文,四平路校区,,0,1,16,陈夏南(97082) 星期五3-4节 [1-16] 北222
SFS321510,学术英语写作1,2,,杨晶晶,25180,null,公共基础课,中文,四平路校区,,0,1,16,杨晶晶(25180) 星期二3-4节 [1-16] 北214
SFS321511,学术英语写作1,2,,吴宗会,04124,,公共基础课,中文,四平路校区,,0,1,16,吴宗会(04124) 星期二1-2节 [1-16] 北209
SFS321512,学术英语写作1,2,,吴宗会,04124,,公共基础课,中文,四平路校区,,0,1,16,吴宗会(04124) 星期二3-4节 [1-16] 北209
SFS321513,学术英语写作1,2,,吴宗会,04124,,公共基础课,中文,嘉定校区,,0,1,16,吴宗会(04124) 星期三3-4节 [1-16] 博楼B304
SFS321514,学术英语写作1,2,,汪翠珍,96708,,公共基础课,中文,嘉定校区,2025(中德机械工程与机器人(创新实验区) 04004),0,1,16,汪翠珍(96708) 星期二1-2节 [1-16] 安楼A106
SFS321515,学术英语写作1,2,,汪翠珍,96708,,公共基础课,中文,嘉定校区,,0,1,16,汪翠珍(96708) 星期二3-4节 [1-16] 安楼A106
SFS321516,学术英语写作1,2,,汪翠珍,96708,,公共基础课,中文,嘉定校区,2025(通信工程 10054),0,1,16,汪翠珍(96708) 星期三1-2节 [1-16] 安楼A108
SFS321517,学术英语写作1,2,,汪翠珍,96708,,公共基础课,中文,嘉定校区,,0,1,16,汪翠珍(96708) 星期三3-4节 [1-16] 安楼A108
SFS321518,学术英语写作1,2,,姚小蒙,96404,,公共基础课,中文,嘉定校区,,0,1,16,姚小蒙(96404) 星期一5-6节 [1-16] 安楼A205
SFS321519,学术英语写作1,2,,姚小蒙,96404,,公共基础课,中文,嘉定校区,,0,1,16,姚小蒙(96404) 星期一7-8节 [1-16] 安楼A205
SFS321520,学术英语写作1,2,,姚小蒙,96404,,公共基础课,中文,嘉定校区,,0,1,16,姚小蒙(96404) 星期四5-6节 [1-16] 安楼A205
SFS321521,学术英语写作1,2,,姚小蒙,96404,,公共基础课,中文,嘉定校区,,0,1,16,姚小蒙(96404) 星期四7-8节 [1-16] 安楼A205
SFS321522,学术英语写作1,2,,姚小蒙,96404,,公共基础课,中文,嘉定校区,,0,1,16,姚小蒙(96404) 星期五1-2节 [1-16] 安楼A205
SFS321523,学术英语写作1,2,,姚小蒙,96404,,公共基础课,中文,嘉定校区,,0,1,16,姚小蒙(96404) 星期五3-4节 [1-16] 安楼A205
SFS321604,国际交流英语视听说1,2,,李兴文,02126,,公共基础课,中文,四平路校区,"2025(智能建造 03005),2025(地质工程 03034),2025(土木工程(数学与应用数学双学士学位) 03065),2025(土木工程(法学双学士学位) 03067),2025(地质工程(应用物理学双学士学位) 03077),2025(地质工程(精英班) 09043)",0,1,16,李兴文(02126) 星期四1-2节 [1-16] 北216
SFS321605,国际交流英语视听说1,2,,李兴文,02126,,公共基础课,中文,四平路校区,2025(土木工程 03014),0,1,16,李兴文(02126) 星期四3-4节 [1-16] 北216
SFS321606,国际交流英语视听说1,2,,叶格华,94091,,公共基础课,中文,四平路校区,"2025(智能建造 03005),2025(地质工程 03034),2025(土木工程(数学与应用数学双学士学位) 03065),2025(土木工程(法学双学士学位) 03067),2025(地质工程(应用物理学双学士学位) 03077),2025(地质工程(精英班) 09043)",0,1,16,叶格华(94091) 星期四1-2节 [1-16] 北219
SFS321607,国际交流英语视听说1,2,,叶格华,94091,,公共基础课,中文,四平路校区,2025(土木工程 03014),0,1,16,叶格华(94091) 星期四3-4节 [1-16] 北219
SFS321608,国际交流英语视听说1,2,,叶格华,94091,,公共基础课,中文,四平路校区,"2025(基础学科拔尖基地(化学) 00402),2025(哲学 07094),2025(信息安全(精英班) 09012),2025(自动化(精英班) 09016),2025(应用化学 12344)",0,1,16,叶格华(94091) 星期四5-6节 [1-16] 北219
SFS321609,国际交流英语视听说1,2,,叶格华,94091,,公共基础课,中文,四平路校区,"2025(金融学 01084),2025(应用化学(强基计划) 09002),2025(电气工程及其自动化(精英班) 09015),2025(工业设计(精英班) 09039),2025(光电信息科学与工程 12474),2025(创新设计人才培养实验区 55003),2025(艺术设计学 55099)",0,1,16,叶格华(94091) 星期一1-2节 [1-16] 北219
SFS321610,国际交流英语视听说1,2,,叶格华,94091,,公共基础课,中文,四平路校区,"2025(经济管理类(数据科学与智能决策实验区) 01098),2025(测绘工程 03044),2025(环境工程 05014),2025(环境科学 05034),2025(应用物理学(强基计划) 09005),2025(人工智能(精英班) 09018),2025(历史建筑保护工程(精英班) 09032)",0,1,16,叶格华(94091) 星期一3-4节 [1-16] 北219
SFS321611,国际交流英语视听说1,2,,叶格华,94091,,公共基础课,中文,四平路校区,"2025(金融学(数学与应用数学双学士学位) 01095),2025(给排水科学与工程 05024),2025(领军人才班(数智环境) 05041),2025(应用物理学 12464),2025(生物信息学 17024),2025(政治学与行政学 53014),2025(基础学科拔尖基地(物理学) 58004)",0,1,16,叶格华(94091) 星期一5-6节 [1-16] 北219
SFS321612,国际交流英语视听说1,2,,汪洁,00750,,公共基础课,中文,四平路校区,"2025(工程管理 01014),2025(建筑环境与能源应用工程 02011),2025(环境科学(会计学双学士学位) 05036),2025(生物技术(强基计划) 09003),2025(新能源材料与器件(精英班) 09008),2025(材料科学与工程(精英班) 09009),2025(测绘工程(精英班) 09010),2025(建筑学(精英班) 09031),2025(城乡规划(精英班) 09033),2025(软件工程(精英班) 09038),2025(基础学科拔尖基地(生命科学) 17025),2025(工业设计 55024)",0,1,16,汪洁(00750) 星期二1-2节 [1-16] 北211
SFS321613,国际交流英语视听说1,2,,汪洁,00750,,公共基础课,中文,四平路校区,"2025(城市设计 02003),2025(建筑学 02015),2025(风景园林 02094),2025(计算机科学与技术(精英班) 09011),2025(德语(全球胜任力外语人才实验区) 11054),2025(应用物理学(严济慈物理学英才班) 58014)",0,1,16,汪洁(00750) 星期二3-4节 [1-16] 北211
SFS321614,国际交流英语视听说1,2,,高海燕,97795,,公共基础课,中文,四平路校区,"2025(经济管理类(数据科学与智能决策实验区) 01098),2025(测绘工程 03044),2025(环境工程 05014),2025(环境科学 05034),2025(应用物理学(强基计划) 09005),2025(人工智能(精英班) 09018)",0,1,16,高海燕(97795) 星期一3-4节 [1-16] 北217
SFS321615,国际交流英语视听说1,2,,高海燕,97795,,公共基础课,中文,四平路校区,"2025(金融学(数学与应用数学双学士学位) 01095),2025(给排水科学与工程 05024),2025(领军人才班(数智环境) 05041),2025(应用物理学 12464),2025(生物信息学 17024),2025(政治学与行政学 53014),2025(基础学科拔尖基地(物理学) 58004)",0,1,16,高海燕(97795) 星期一5-6节 [1-16] 北217
SFS321616,国际交流英语视听说1,2,,高海燕,97795,,公共基础课,中文,四平路校区,"2025(基础学科拔尖基地(数学) 00304),2025(数学与应用数学(华罗庚班) 00305),2025(领军人才班(智能规划与再生建筑) 02014),2025(城乡规划 02036),2025(环境工程(数学与应用数学双学士学位) 05035),2025(文化产业管理 07914),2025(环境工程(精英班) 09024),2025(风景园林(精英班) 09034)",0,1,16,高海燕(97795) 星期一7-8节 [1-16] 北217
SFS321617,国际交流英语视听说1,2,,刘宇翔,00794,,公共基础课,中文,四平路校区,"2025(数学类 00301),2025(信息管理与信息系统 01024),2025(历史建筑保护工程 02084),2025(飞行器制造工程(精英班) 09021),2025(海洋科学与技术(强基计划) 09057),2025(德语 11014),2025(日语(全球胜任力外语人才实验区) 11053),2025(测绘工程(应用物理学双学士学位) 57001),2025(光电信息科学与工程(应用物理学双学士学位) 58006)",0,1,16,刘宇翔(00794) 星期三1-2节 [1-16] 北309
SFS321618,国际交流英语视听说1,2,,刘宇翔,00794,,公共基础课,中文,四平路校区,"2025(汉语言文学 07004),2025(口腔医学 14025),2025(口腔医学“5+3”一体化拔尖创新实验班 14201),2025(法学 52014),2025(政治学与行政学(PPE创新实验区) 53015),2025(马克思主义理论 54001)",0,1,16,刘宇翔(00794) 星期三3-4节 [1-16] 北309
SFS321619,国际交流英语视听说1,2,,刘宇翔,00794,,公共基础课,中文,四平路校区,"2025(给排水科学与工程(精英班) 09025),2025(城市设计(精英班) 09035),2025(土木工程(精英班) 09042),2025(地球物理学 31024),2025(海洋科学与技术 31027)",0,1,16,刘宇翔(00794) 星期四1-2节 [1-16] 北309
SFS321620,国际交流英语视听说1,2,,刘宇翔,00794,,公共基础课,中文,四平路校区,"2025(基础学科拔尖班(环境) 05003),2025(数据科学与大数据技术(精英班) 09013),2025(机械设计制造及其自动化(精英班) 09026),2025(智能制造工程(精英班) 09028),2025(能源与动力工程(精英班) 09029),2025(建筑环境与能源应用工程(精英班) 09030)",0,1,16,刘宇翔(00794) 星期四3-4节 [1-16] 北309
SFS321621,国际交流英语视听说1,2,,李夷,24022,,公共基础课,中文,四平路校区,"2025(金融学 01084),2025(应用化学(强基计划) 09002),2025(工业设计(精英班) 09039),2025(光电信息科学与工程 12474),2025(创新设计人才培养实验区 55003),2025(艺术设计学 55099)",0,1,16,李夷(24022) 星期一1-2节 [1-16] 北208
SFS321622,国际交流英语视听说1,2,,李夷,24022,,公共基础课,中文,四平路校区,"2025(经济管理类(数据科学与智能决策实验区) 01098),2025(测绘工程 03044),2025(环境工程 05014),2025(环境科学 05034),2025(应用物理学(强基计划) 09005),2025(人工智能(精英班) 09018)",0,1,16,李夷(24022) 星期一3-4节 [1-16] 北208
SFS321623,国际交流英语视听说1,2,,李夷,24022,,公共基础课,中文,四平路校区,"2025(金融学(数学与应用数学双学士学位) 01095),2025(给排水科学与工程 05024),2025(领军人才班(数智环境) 05041),2025(应用物理学 12464),2025(生物信息学 17024),2025(政治学与行政学 53014),2025(基础学科拔尖基地(物理学) 58004)",0,1,16,李夷(24022) 星期一5-6节 [1-16] 北208
SFS321624,国际交流英语视听说1,2,,陈亚萍,00791,,公共基础课,中文,四平路校区,"2025(会计学 01074),2025(城乡规划(法学双学士学位) 02017),2025(数学与应用数学(强基计划) 09004),2025(微电子科学与工程(精英班) 09019),2025(工程力学(精英班) 09022),2025(交通工程(精英班) 09036),2025(交通运输(精英班) 09037),2025(车辆工程(精英班) 09040),2025(数学与应用数学(智能科学)(强基计划) 09056),2025(日语 11034)",0,1,16,陈亚萍(00791) 星期五1-2节 [1-16] 北215
SFS321625,国际交流英语视听说1,2,,陈亚萍,00791,,公共基础课,中文,四平路校区,"2025(工商管理(中法班) 01414),2025(智能建造(精英班) 09044),2025(德语(政治学与行政学双学士学位) 11052),2025(德语(法学双学士学位) 11059),2025(生物技术 17014),2025(艺术设计学(人工智能双学士学位) 55094)",0,1,16,陈亚萍(00791) 星期五3-4节 [1-16] 北215
SFS321626,国际交流英语视听说1,2,,夏丽娜,01037,,公共基础课,中文,四平路校区,"2025(工程管理 01014),2025(建筑环境与能源应用工程 02011),2025(环境科学(会计学双学士学位) 05036),2025(生物技术(强基计划) 09003),2025(软件工程(精英班) 09038),2025(基础学科拔尖基地(生命科学) 17025),2025(工业设计 55024)",0,1,16,夏丽娜(01037) 星期二1-2节 [1-16] 北220
SFS321627,国际交流英语视听说1,2,,夏丽娜,01037,,公共基础课,中文,四平路校区,"2025(城市设计 02003),2025(建筑学 02015),2025(风景园林 02094),2025(计算机科学与技术(精英班) 09011),2025(德语(全球胜任力外语人才实验区) 11054),2025(应用物理学(严济慈物理学英才班) 58014)",0,1,16,夏丽娜(01037) 星期二3-4节 [1-16] 北220
SFS321628,国际交流英语视听说1,2,,高海燕,97795,,公共基础课,中文,嘉定校区,2025(交通工程 15014),0,1,16,高海燕(97795) 星期三3-4节 [1-16] 安楼A207
SFS321629,国际交流英语视听说1,2,,高海燕,97795,,公共基础课,中文,嘉定校区,"2025(数据科学与大数据技术 10005),2025(计算机科学与技术 10014)",0,1,16,高海燕(97795) 星期三5-6节 [1-16] 安楼A207
SFS321630,国际交流英语视听说1,2,,高海燕,97795,,公共基础课,中文,嘉定校区,"2025(能源与动力工程 04024),2025(自动化 10024),2025(人工智能(拔尖班) 10082)",0,1,16,高海燕(97795) 星期三7-8节 [1-16] 安楼A207
SFS321631,国际交流英语视听说1,2,,刘宇翔,00794,,公共基础课,中文,嘉定校区,"2025(机械设计制造及其自动化 04034),2025(新能源材料与器件 08003)",0,1,16,刘宇翔(00794) 星期二1-2节 [1-16] 安楼A205
SFS321632,国际交流英语视听说1,2,,刘宇翔,00794,,公共基础课,中文,嘉定校区,2025(软件工程 42014),0,1,16,刘宇翔(00794) 星期二3-4节 [1-16] 安楼A205
SFS321633,国际交流英语视听说1,2,,林雨萌,25182,null,公共基础课,中文,嘉定校区,"2025(材料科学与工程 08014),2025(材料科学与工程(先进材料蕴元班) 08016),2025(信息安全 10064),2025(广播电视编导 18024),2025(基础学科拔尖基地(力学) 45092)",0,1,16,林雨萌(25182) 星期一3-4节 [1-16] 安楼A207
SFS321634,国际交流英语视听说1,2,,林雨萌,25182,null,公共基础课,中文,嘉定校区,"2025(智能制造工程 04009),2025(计算机科学与技术(图灵班) 10065),2025(微电子科学与工程(应用物理学双学士学位) 10078),2025(动画 18044),2025(传播学 60001)",0,1,16,林雨萌(25182) 星期一5-6节 [1-16] 安楼A207
SFS321635,国际交流英语视听说1,2,,林雨萌,25182,null,公共基础课,中文,嘉定校区,"2025(微电子科学与工程 10007),2025(电气工程及其自动化 10044),2025(交通工程(数学与应用数学双学士学位) 15025)",0,1,16,林雨萌(25182) 星期一7-8节 [1-16] 安楼A207
SFS321636,国际交流英语视听说1,2,,夏丽娜,01037,,公共基础课,中文,嘉定校区,"2025(人工智能 10008),2025(车辆工程(汽车) 19027)",0,1,16,夏丽娜(01037) 星期四5-6节 [1-16] 安楼A209
SFS321637,国际交流英语视听说1,2,,夏丽娜,01037,,公共基础课,中文,嘉定校区,"2025(车辆工程(汽车) 19027),2025(车辆工程 43002)",0,1,16,夏丽娜(01037) 星期四7-8节 [1-16] 安楼A209
SFS321638,国际交流英语视听说1,2,,夏丽娜,01037,,公共基础课,中文,嘉定校区,"2025(能源与动力工程(应用化学双学士学位) 04065),2025(商用大飞机校企联合人才培养创新模式实验班 45003),2025(工程力学 45014),2025(飞行器制造工程 45024)",0,1,16,夏丽娜(01037) 星期五1-2节 [1-16] 安楼A209
SFS321639,国际交流英语视听说1,2,,夏丽娜,01037,,公共基础课,中文,嘉定校区,"2025(交通运输 15024),2025(数据科学与大数据技术(数据科学与智能决策实验区) 81001)",0,1,16,夏丽娜(01037) 星期五3-4节 [1-16] 安楼A209
SFS321640,国际交流英语视听说1,2,,张兴旺,98064,,公共基础课,中文,嘉定校区,"2025(材料科学与工程 08014),2025(材料科学与工程(先进材料蕴元班) 08016),2025(信息安全 10064),2025(广播电视编导 18024),2025(基础学科拔尖基地(力学) 45092)",0,1,16,张兴旺(98064) 星期一3-4节 [1-16] 安楼A205
SFS321641,国际交流英语视听说1,2,,张兴旺,98064,,公共基础课,中文,嘉定校区,"2025(智能制造工程 04009),2025(计算机科学与技术(图灵班) 10065),2025(微电子科学与工程(应用物理学双学士学位) 10078),2025(动画 18044),2025(传播学 60001)",0,1,16,张兴旺(98064) 星期一5-6节 [1-16] 安楼A209
SFS321642,国际交流英语视听说1,2,,张兴旺,98064,,公共基础课,中文,嘉定校区,"2025(微电子科学与工程 10007),2025(电气工程及其自动化 10044),2025(交通工程(数学与应用数学双学士学位) 15025)",0,1,16,张兴旺(98064) 星期一7-8节 [1-16] 安楼A209
SFS321643,国际交流英语视听说1,2,,张兴旺,98064,,公共基础课,中文,嘉定校区,2025(人工智能(拔尖班) 10082),0,1,16,张兴旺(98064) 星期四3-4节 [1-16] 安楼A207
SFS321644,国际交流英语视听说1,2,,张兴旺,98064,,公共基础课,中文,嘉定校区,"2025(人工智能 10008),2025(车辆工程(汽车) 19027)",0,1,16,张兴旺(98064) 星期四5-6节 [1-16] 安楼A207
SFS321645,国际交流英语视听说1,2,,张兴旺,98064,,公共基础课,中文,嘉定校区,"2025(车辆工程(汽车) 19027),2025(车辆工程 43002)",0,1,16,张兴旺(98064) 星期四7-8节 [1-16] 安楼A207
SFS321646,国际交流英语视听说1,2,,孙丹,00795,,公共基础课,中文,嘉定校区,"2025(机械设计制造及其自动化 04034),2025(新能源材料与器件 08003)",0,1,16,孙丹(00795) 星期二1-2节 [1-16] 安楼A207
SFS321647,国际交流英语视听说1,2,,孙丹,00795,,公共基础课,中文,嘉定校区,2025(软件工程 42014),0,1,16,孙丹(00795) 星期二3-4节 [1-16] 安楼A207
SFS321648,国际交流英语视听说1,2,,郭海燕,88144,,公共基础课,中文,嘉定校区,2025(交通工程 15014),0,1,16,郭海燕(88144) 星期三3-4节 [1-16] 安楼A209
SFS321649,国际交流英语视听说1,2,,郭海燕,88144,,公共基础课,中文,嘉定校区,"2025(数据科学与大数据技术 10005),2025(计算机科学与技术 10014)",0,1,16,郭海燕(88144) 星期三5-6节 [1-16] 安楼A209
SFS321650,国际交流英语视听说1,2,,郭海燕,88144,,公共基础课,中文,嘉定校区,"2025(能源与动力工程 04024),2025(自动化 10024),2025(人工智能(拔尖班) 10082)",0,1,16,郭海燕(88144) 星期三7-8节 [1-16] 安楼A209
SFS321704,学术英语（经管类）,2,,瞿桃,23017,,公共基础课,中文,四平路校区,,0,1,16,瞿桃(23017) 星期三1-2节 [1-16] 北310
SFS321705,学术英语（经管类）,2,,瞿桃,23017,,公共基础课,中文,四平路校区,,0,1,16,瞿桃(23017) 星期三3-4节 [1-16] 北310
SFS321706,学术英语（经管类）,2,,韦文皓,00757,,公共基础课,中文,嘉定校区,,0,1,16,韦文皓(00757) 星期三3-4节 [1-16] 安楼A205
SFS321707,学术英语（经管类）,2,,韦文皓,00757,,公共基础课,中文,嘉定校区,,0,1,16,韦文皓(00757) 星期三5-6节 [1-16] 安楼A205
SFS321708,学术英语（经管类）,2,,韦文皓,00757,,公共基础课,中文,嘉定校区,,0,1,16,韦文皓(00757) 星期三7-8节 [1-16] 安楼A205
SFS321709,学术英语（经管类）,2,,韦文皓,00757,,公共基础课,中文,嘉定校区,,0,1,16,韦文皓(00757) 星期四3-4节 [1-16] 安楼A106
SFS321710,学术英语（经管类）,2,,韦文皓,00757,,公共基础课,中文,嘉定校区,,0,1,16,韦文皓(00757) 星期四5-6节 [1-16] 安楼A106
SFS321711,学术英语（经管类）,2,,韦文皓,00757,,公共基础课,中文,嘉定校区,,0,1,16,韦文皓(00757) 星期四7-8节 [1-16] 安楼A106
SFS321804,学术英语（医学类）,2,,钱莉绚,04216,,公共基础课,中文,沪西校区,"2025(临床医学(5+3一体化) 14002),2025(临床医学 14004)",0,1,16,钱莉绚(04216) 星期一1-2节 [1-16] 沪西二教221中教室
SFS321805,学术英语（医学类）,2,,钱莉绚,04216,,公共基础课,中文,沪西校区,"2025(临床医学(5+3一体化) 14002),2025(临床医学 14004)",0,1,16,钱莉绚(04216) 星期一3-4节 [1-16] 沪西二教221中教室
SFS321806,学术英语（医学类）,2,,钱莉绚,04216,,公共基础课,中文,沪西校区,"2025(临床医学(5+3一体化) 14002),2025(临床医学 14004)",0,1,16,钱莉绚(04216) 星期三1-2节 [1-16] 沪西二教219中教室
SFS321807,学术英语（医学类）,2,,钱莉绚,04216,,公共基础课,中文,沪西校区,"2025(临床医学(5+3一体化) 14002),2025(临床医学 14004)",0,1,16,钱莉绚(04216) 星期三3-4节 [1-16] 沪西二教219中教室
SFS321808,学术英语（医学类）,2,,钱莉绚,04216,,公共基础课,中文,沪西校区,"2025(医学试验班(国豪精英班) 09007),2025(基础医学 14060),2025(临床医学(中德实验班) 14061),2025(临床医学(领军人才培养) 14065)",0,1,16,钱莉绚(04216) 星期五1-2节 [1-16] 沪西二教120小教室
SFS321809,学术英语（医学类）,2,,钱莉绚,04216,,公共基础课,中文,沪西校区,"2025(医学试验班(国豪精英班) 09007),2025(基础医学 14060),2025(临床医学(中德实验班) 14061),2025(临床医学(领军人才培养) 14065)",0,1,16,钱莉绚(04216) 星期五3-4节 [1-16] 沪西二教120小教室
SFS321810,学术英语（医学类）,2,,冯丽蕙,24026,,公共基础课,中文,沪西校区,"2025(医学试验班(国豪精英班) 09007),2025(基础医学 14060),2025(临床医学(中德实验班) 14061),2025(临床医学(领军人才培养) 14065)",0,1,16,冯丽蕙(24026) 星期五1-2节 [1-16] 沪西二教133小教室
SFS321811,学术英语（医学类）,2,,冯丽蕙,24026,,公共基础课,中文,沪西校区,"2025(医学试验班(国豪精英班) 09007),2025(基础医学 14060),2025(临床医学(中德实验班) 14061),2025(临床医学(领军人才培养) 14065)",0,1,16,冯丽蕙(24026) 星期五3-4节 [1-16] 沪西二教133小教室
SFS321812,学术英语（医学类）,2,,冯丽蕙,24026,,公共基础课,中文,沪西校区,"2025(护理学 14044),2025(康复物理治疗 14056),2025(临床医学（福大班） 14066)",0,1,16,冯丽蕙(24026) 星期四1-2节 [1-16] 沪西二教133小教室
SFS321813,学术英语（医学类）,2,,冯丽蕙,24026,,公共基础课,中文,沪西校区,"2025(护理学 14044),2025(康复物理治疗 14056),2025(临床医学（福大班） 14066)",0,1,16,冯丽蕙(24026) 星期四3-4节 [1-16] 沪西二教133小教室
SFS321814,学术英语（医学类）,2,,钱莉绚,04216,,公共基础课,中文,沪西校区,"2025(护理学 14044),2025(康复物理治疗 14056),2025(临床医学（福大班） 14066)",0,1,16,钱莉绚(04216) 星期四1-2节 [1-16] 沪西二教120小教室
SFS321815,学术英语（医学类）,2,,钱莉绚,04216,,公共基础课,中文,沪西校区,"2025(护理学 14044),2025(康复物理治疗 14056),2025(临床医学（福大班） 14066)",0,1,16,钱莉绚(04216) 星期四3-4节 [1-16] 沪西二教120小教室
SFS340301,日语语言学概论,2,,张照旭,15007,,专业必修课,中文,四平路校区,"2024(日语 11034),2024(日语(全球胜任力外语人才实验区) 11053),2025(日语(二学位) 11057)",0,1,16,张照旭(15007) 星期一7-8节 [1-16] 北312
SFS230101,英语思辨阅读（1）,4,,欧阳静慧,21099,,专业基础课,中英,四平路校区,2025(英语(数智人文) 11024),0,1,16,欧阳静慧(21099) 星期一1-2节 [1-16] 南411 欧阳静慧(21099) 星期三7-8节 [1-16] 南411
SFS240301,语言学引论,2,,"杨小虎,郭亚东","19026,21003",",",专业特色模块,中英,四平路校区,2025(数智人文拔尖班 11060),0,1,16,杨小虎(19026) 星期四5-6节 [9-16] 南414 郭亚东(21003) 星期四5-6节 [1-8] 南414
SFS250801,多元文化沟通与领导决策,2,,万晓蒙,21105,,专业选修课,中英,四平路校区,"2025(德语 11014),2025(英语(数智人文) 11024),2025(日语 11034),2025(德语(政治学与行政学双学士学位) 11052),2025(日语(全球胜任力外语人才实验区) 11053),2025(德语(全球胜任力外语人才实验区) 11054),2025(德语(法学双学士学位) 11059)",0,1,16,万晓蒙(21105) 星期三3-4节 [1-16] 南211
SFS450901,中华典籍海外传播,2,,葛中俊,94711,,专业选修课,中英,四平路校区,"2023(英语(数智人文) 11024),2023(法学(英语双学士学位) 52015),2025(英语(二学位) 11055)",0,1,16,葛中俊(94711) 星期一3-4节 [1-16] 北212
SFS230401,英语听说（1）,2,,周峰,01076,,专业基础课,英语,四平路校区,2025(英语(数智人文) 11024),0,1,16,周峰(01076) 星期一5-6节 [1-16] 汇文楼508
SFS230501,英语听说（2）,2,,郭靓靓,11121,,个性化课程,英语,四平路校区,2025(法学(英语双学士学位) 52015),0,1,16,郭靓靓(11121) 星期一3-4节 [1-16] 汇文楼511
SFS360101,人文社科研究方法概论,2,,"郭书谏,岳剑锋","20110,20111",",",实践环节课程,中英,四平路校区,"2024(英语(数智人文) 11024),2025(英语(二学位) 11055)",0,1,16,郭书谏(20110) 星期三3-4节 [9-16] 南216 岳剑锋(20111) 星期三3-4节 [1-8] 南216
SFS340401,第二外语(2),2,,朱震芸,05029,,专业必修课,双语(其他),四平路校区,"2024(英语(数智人文) 11024),2025(英语(二学位) 11055)",0,1,16,朱震芸(05029) 星期四7-8节 [1-16] 南415
SFS340402,第二外语(2),2,,龚艳,03042,讲师,专业必修课,双语(其他),四平路校区,"2024(英语(数智人文) 11024),2025(英语(二学位) 11055)",0,1,16,龚艳(03042) 星期四7-8节 [1-16] 南409
SFS340701,德语文学史,2,,"张焱,孟国锋,张克芸","11120,19019,99048",",,副教授",专业必修课,双语(其他),四平路校区,"2024(德语 11014),2024(德语(政治学与行政学双学士学位) 11052),2024(德语(全球胜任力外语人才实验区) 11054),2024(德语(法学双学士学位) 11059),2025(德语(二学位) 11056)",0,1,16,张克芸(99048) 星期三1-2节 [9-11] 南212 孟国锋(19019) 星期三1-2节 [1-8] 南212 张焱(11120) 星期三1-2节 [12-16] 南212
SFS231001,英语基础写作,2,,魏耀章,08111,,专业基础课,英语,四平路校区,2025(英语(数智人文) 11024),0,1,16,魏耀章(08111) 星期三5-6节 [1-16] 南411
SFS231101,英汉翻译,2,,董琇,04125,,专业基础课,中英,四平路校区,2025(英语(数智人文) 11024),0,1,16,董琇(04125) 星期二3-4节 [1-16] 南316
SFS231102,英汉翻译,2,,陆颖,05074,,个性化课程,中英,四平路校区,2025(法学(英语双学士学位) 52015),0,1,16,陆颖(05074) 星期二3-4节 [1-16] 南311
SFS350801,日本文化研究与体验,2,,高原葵,2300077,null,专业选修课,日语,四平路校区,"2024(日语 11034),2024(日语(全球胜任力外语人才实验区) 11053),2025(日语(二学位) 11057)",0,1,16,高原葵(2300077) 星期三1-2节 [1-16] 南210
SFS001801,老龄化与老年语言衰老引论,2,,黄立鹤,11114,,科学探索与生命关怀,中英,四平路校区,,0,1,12,黄立鹤(11114) 星期三7-8节 [1-12] 北316
SFS222501,特色英语2（荣）,2,,刘安,03028,,专业基础课,中文,四平路校区,"2023(基础学科拔尖班(海洋) 31005),2023(基础学科拔尖基地(物理学) 58004)",0,1,16,刘安(03028) 星期三1-2节 [1-16] 北308
SFS222502,特色英语2（荣）,2,,刘安,03028,,专业选修课,中文,四平路校区,"2023(生物技术(强基计划) 09003),2023(生物技术 17014)",0,1,16,刘安(03028) 星期三3-4节 [1-16] 北308
SFS222503,特色英语2（荣）,2,,刘安,03028,,专业基础课,中文,四平路校区,2023(应用物理学(强基计划) 09005),0,1,16,刘安(03028) 星期三5-6节 [1-16] 北308
SFS222504,特色英语2（荣）,2,,刘安,03028,,专业选修课,中文,四平路校区,2023(基础学科拔尖基地(生命科学) 17025),0,1,16,刘安(03028) 星期四7-8节 [1-16] 北308
SFS001901,科学家们的传奇人生,2,,"汪洁,张伟,尹学锋,周俊鹤,张鲁凝,肖敦辉,李夷,王蓓蕾","00750,05003,08153,08162,12047,21174,24022,95765","副教授,副教授,教授,教授,教授,教授,助理教授（长聘体系）,",科学探索与生命关怀,英语,四平路校区,,0,1,12,"王蓓蕾(95765) 星期四7-8节 [2 7 12] 南315 张伟(05003) 星期四7-8节 [10] 南315 肖敦辉(21174) 星期四7-8节 [4] 南315 汪洁(00750) 星期四7-8节 [5] 南315 尹学锋(08153) 星期四7-8节 [6] 南315 周俊鹤(08162) 星期四7-8节 [8] 南315 张鲁凝(12047) 星期四7-8节 [11] 南315 李夷(24022) 星期四7-8节 [9] 南315 汪洁(00750),王蓓蕾(95765) 星期四7-8节 [1] 南315"
SFS220301,德语（医学3）,2,,钱玲燕,16150,,公共基础课,双语(其他),沪西校区,2025(临床医学(中德实验班) 14061),0,1,16,钱玲燕(16150) 星期二1-2节 [1-16] 沪西二教127小教室
SFS320401,德语（医学5）,2,,钱玲燕,16150,,公共基础课,双语(其他),沪西校区,2024(临床医学(中德实验班) 14061),0,1,16,钱玲燕(16150) 星期二3-4节 [1-16] 沪西二教127小教室
SFS420101,德语（医学7）,2,,钱玲燕,16150,,公共基础课,双语(其他),沪西校区,2023(临床医学中德实验班 14057),0,1,16,钱玲燕(16150) 星期二9-10节 [1-16] 临沂一村132号102教室
SFS231401,德语（机械3),10,,"陶卓,张佳玲","02031,25181","讲师,null",专业基础课,双语(其他),嘉定校区,2025(中德机械工程与机器人(创新实验区) 04004),0,1,16,张佳玲(25181) 星期一1-4节 [1-16] 诚楼C401 陶卓(02031) 星期三1-6节 [1-16] 诚楼C401
SFS270101,德语二外1,2,,陶卓,02031,,个性化课程,双语(其他),四平路校区,2025(马克思主义理论 54001),0,1,16,陶卓(02031) 星期四5-6节 [1-16] 南318
SFS340601,中国特色话语翻译,2,,岳剑锋,20111,,专业必修课,中英,四平路校区,2024(英语(数智人文) 11024),0,1,16,岳剑锋(20111) 星期二3-4节 [1-16] 北310
SFS340602,中国特色话语翻译,2,,岳剑锋,20111,,个性化课程,中英,四平路校区,2024(法学(英语双学士学位) 52015),0,1,16,岳剑锋(20111) 星期二1-2节 [1-16] 北314
,中国文化外译,2,,顾忆青,24079,,专业选修课,中英,四平路校区,2023(英语(数智人文) 11024),0,1,16,顾忆青(24079) 星期一5-6节 [1-16] 南308
SFS451201,科技德语,2,,郭屹炜,99035,,专业选修课,双语(其他),四平路校区,"2023(德语 11014),2023(德语(全球胜任力外语人才实验区) 11054),2025(德语(二学位) 11056)",0,1,16,郭屹炜(99035) 星期四3-4节 [1-16] 北211
SFS460401,学术论文写作,2,,陈世华,26055,null,实践环节课程,中文,四平路校区,"2023(日语 11034),2023(日语(全球胜任力外语人才实验区) 11053)",0,1,16,陈世华(26055) 星期三5-6节 [1-16] 北316
SFS460402,学术论文写作,2,,"陶卓,饶贝蕾","02031,23084",",",实践环节课程,中文,四平路校区,"2023(德语 11014),2023(德语(政治学与行政学双学士学位) 11052),2023(德语(全球胜任力外语人才实验区) 11054)",0,1,16,饶贝蕾(23084) 星期四1-2节 [5-16] 北314 陶卓(02031) 星期四1-2节 [1-4] 北314
SFS002001,西班牙语二外（一）,4,,俞吉恩,17079,null,社会发展与国际视野,双语(其他),四平路校区,,0,1,16,俞吉恩(17079) 星期四7-10节 [1-16] 运筹楼407
SFS002202,意大利语二外（上）,4,,周滢,11147,,社会发展与国际视野,双语(其他),嘉定校区,,0,1,16,周滢(11147) 星期四5-8节 [1-16] 安楼A302
SFS002301,意大利语二外（下）,4,,周滢,11147,,社会发展与国际视野,双语(其他),四平路校区,,0,1,16,周滢(11147) 星期一7-8节 [1-16] 南314 周滢(11147) 星期三7-8节 [1-16] 南314
SFS340801,高级德语1,4,,"施显松,Julian Alexander Conrad","01012,2300021",",null",专业必修课,德语,四平路校区,"2024(德语 11014),2024(德语(政治学与行政学双学士学位) 11052),2024(德语(全球胜任力外语人才实验区) 11054),2024(德语(法学双学士学位) 11059)",0,1,16,Julian Alexander Conrad(2300021) 星期一1-4节 [9-16] 南211 施显松(01012) 星期一1-4节 [1-8] 南211
SFS441001,高级德语3,4,,KONSTANTIN HANACK,2500360,null,专业必修课,德语,四平路校区,"2023(德语 11014),2023(德语(政治学与行政学双学士学位) 11052),2023(德语(全球胜任力外语人才实验区) 11054)",0,1,16,KONSTANTIN HANACK(2500360) 星期三1-4节 [1-16] 南311
SFS451301,法律德语,2,,焦海龙,03088,,专业必修课,德语,四平路校区,"2023(德语 11014),2023(德语(政治学与行政学双学士学位) 11052),2023(德语(全球胜任力外语人才实验区) 11054),2024(德语(法学双学士学位) 11059),2025(德语(二学位) 11056)",0,1,16,焦海龙(03088) 星期三7-8节 [1-16] 南211
,中德国别话语研究专题,2,,李莎莎,18029,,专业选修课,双语(其他),四平路校区,2024(德语 11014),0,1,16,李莎莎(18029) 星期一5-6节 [1-16] 南309
SFS231701,基础日语1,6,,"胡琪,孙萌","15054,24030",",",专业基础课,双语(其他),四平路校区,2025(日语 11034),0,1,16,胡琪(15054) 星期二1-4节 [1-16] 南417 孙萌(24030) 星期四3-4节 [1-16] 南417
SFS231901,中级日语1,6,,时晓阳,06070,,专业基础课,日语,四平路校区,"2025(日语(全球胜任力外语人才实验区) 11053),2025(日语(二学位) 11057)",0,1,16,时晓阳(06070) 星期二1-4节 [1-16] 南411 时晓阳(06070) 星期四3-4节 [1-16] 南411
SFS341101,日本文学概论,2,,陈世华,26055,null,专业必修课,中文,四平路校区,"2024(日语 11034),2024(日语(全球胜任力外语人才实验区) 11053),2025(日语(二学位) 11057)",0,1,16,陈世华(26055) 星期三3-4节 [1-16] 南210
SFS332101,英语泛读与评论（上）,2,,王军,93105,,专业基础课,中英,四平路校区,"2024(英语(数智人文) 11024),2024(法学(英语双学士学位) 52015)",0,1,16,王军(93105) 星期三1-2节 [1-16] 南216
SFS241201,英美文学史,2,,吕佩爱,99732,,专业必修课,中英,四平路校区,2025(英语(数智人文) 11024),0,1,16,吕佩爱(99732) 星期二1-2节 [1-16] 南316
SFS350901,语音与听觉,2,,于珏,14012,,专业选修课,中英,四平路校区,"2024(英语(数智人文) 11024),2025(英语(二学位) 11055)",0,1,16,于珏(14012) 星期二1-2节 [1-16] 北310
SFS351001,语言与社会,2,,郭书谏,20110,,专业选修课,中英,四平路校区,"2024(英语(数智人文) 11024),2025(英语(二学位) 11055)",0,1,16,郭书谏(20110) 星期三9-10节 [1-16] 南308
SFS451501,西方经典文论,2,,野口研,2300078,null,专业选修课,中文,四平路校区,"2023(英语(数智人文) 11024),2025(英语(二学位) 11055)",0,1,16,野口研(2300078) 星期日7-8节 [1-16] 不排教室
SFS351802,英语经典小说,2,,高卫泉,20109,,专业选修课,中英,四平路校区,"2024(英语(数智人文) 11024),2024(法学(英语双学士学位) 52015),2025(英语(二学位) 11055),2025(数智人文拔尖班 11060)",0,1,16,高卫泉(20109) 星期四5-6节 [1-16] 南208
SFS351901,中外文学文化交流史,2,,高卫泉,20109,预聘副教授,专业必修课,中英,四平路校区,"2024(德语 11014),2024(英语(数智人文) 11024),2024(日语 11034),2024(德语(政治学与行政学双学士学位) 11052),2024(日语(全球胜任力外语人才实验区) 11053),2024(德语(全球胜任力外语人才实验区) 11054),2024(德语(法学双学士学位) 11059)",0,1,16,高卫泉(20109) 星期四3-4节 [1-16] 北316
SFS252001,英语媒介素养,2,,周峰,01076,,个性化课程,英语,四平路校区,2025(法学(英语双学士学位) 52015),0,1,16,周峰(01076) 星期一1-2节 [1-16] 南418
SFS252002,英语媒介素养,2,,周峰,01076,,专业选修课,英语,四平路校区,2025(英语(数智人文) 11024),0,1,16,周峰(01076) 星期一3-4节 [1-16] 南409
SFS351101,基础口译,2,,Riccardo Moratto,25007,,专业选修课,中英,四平路校区,"2024(英语(数智人文) 11024),2025(英语(二学位) 11055)",0,1,16,Riccardo Moratto(25007) 星期三5-6节 [1-16] 汇文楼511
SFS351102,基础口译,2,,Riccardo Moratto,25007,,专业选修课,中英,四平路校区,"2024(英语(数智人文) 11024),2025(英语(二学位) 11055)",0,1,16,Riccardo Moratto(25007) 星期三7-8节 [1-16] 汇文楼511
SFS460501,论文选题与学术写作,2,,魏耀章,08111,,实践环节课程,中英,四平路校区,"2023(英语(数智人文) 11024),2025(英语(二学位) 11055)",0,1,16,魏耀章(08111) 星期三1-2节 [1-16] 南111
SFS341501,高级日语1,6,,沈彩虹,04056,,专业基础课,日语,四平路校区,2024(日语 11034),0,1,16,沈彩虹(04056) 星期二1-4节 [1-16] 南414 沈彩虹(04056) 星期四3-4节 [1-16] 南414
SFS341502,高级日语1,6,,"Kazuyuki Tsuchiya,李宇玲","2100026,96013","null,",专业必修课,日语,四平路校区,2024(日语(全球胜任力外语人才实验区) 11053),0,1,16,李宇玲(96013) 星期二1-4节 [1-16] 南412 Kazuyuki Tsuchiya(2100026) 星期四3-4节 [1-16] 南412
SFS441701,高级日语3,4,,Kazuyuki Tsuchiya,2100026,null,专业基础课,日语,四平路校区,"2023(日语 11034),2023(日语(全球胜任力外语人才实验区) 11053)",0,1,16,Kazuyuki Tsuchiya(2100026) 星期三1-4节 [1-16] 南314
SFS002401,当代外国文学多维鉴赏,2,,万晓蒙,21105,,人文经典与审美素养,中英,四平路校区,,0,1,12,万晓蒙(21105) 星期三7-8节 [1-12] 北314
SFS352301,第三外国语2,2,,吴盛博,22173,,专业选修课,双语(其他),四平路校区,"2024(日语(全球胜任力外语人才实验区) 11053),2024(德语(全球胜任力外语人才实验区) 11054)",0,1,16,吴盛博(22173) 星期四7-8节 [1-16] 南418
SFS352302,第三外国语2,2,,丁敏,00049,,专业选修课,双语(其他),四平路校区,"2024(日语(全球胜任力外语人才实验区) 11053),2024(德语(全球胜任力外语人才实验区) 11054)",0,1,16,丁敏(00049) 星期一5-6节 [1-16] 北316
SFS232701,中级德语1,6,,"陈宇,李莎莎","03117,18029",",",专业基础课,双语(其他),四平路校区,"2025(德语 11014),2025(德语(政治学与行政学双学士学位) 11052),2025(德语(全球胜任力外语人才实验区) 11054),2025(德语(二学位) 11056),2025(德语(法学双学士学位) 11059)",0,1,16,李莎莎(18029) 星期一1-4节 [1-16] 南414 陈宇(03117) 星期三3-4节 [1-16] 南414
SFS232702,中级德语1,6,,"陈慧,张克芸","01010,99048",",",专业基础课,双语(其他),四平路校区,"2025(德语 11014),2025(德语(政治学与行政学双学士学位) 11052),2025(德语(全球胜任力外语人才实验区) 11054),2025(德语(二学位) 11056),2025(德语(法学双学士学位) 11059)",0,1,16,张克芸(99048) 星期一1-4节 [1-16] 南415 陈慧(01010) 星期三3-4节 [1-16] 南415
SFS352401,德国政治与外交（高阶）,2,,郑春荣,90049,,专业选修课,中文,四平路校区,2024(德语(全球胜任力外语人才实验区) 11054),0,1,16,郑春荣(90049) 星期三3-4节 [1-16] 南215
SFS452501,欧洲联盟导论（高阶）,2,,伍慧萍,97027,,专业选修课,中文,四平路校区,2023(德语(全球胜任力外语人才实验区) 11054),0,1,16,伍慧萍(97027) 星期一5-6节 [1-16] 南208
SFS352601,德国经济导论（高阶）,2,,朱宇方,98087,,专业选修课,中文,四平路校区,"2024(德语(政治学与行政学双学士学位) 11052),2024(德语(全球胜任力外语人才实验区) 11054),2024(德语(法学双学士学位) 11059)",0,1,16,朱宇方(98087) 星期四5-6节 [1-16] 南412
SFS352901,当代中国跨文化阐释与传播（德语方向）,1,,赵亘,07032,,专业选修课,双语(其他),四平路校区,"2024(德语 11014),2024(德语(政治学与行政学双学士学位) 11052),2024(德语(全球胜任力外语人才实验区) 11054),2024(德语(法学双学士学位) 11059),2025(德语(二学位) 11056)",0,1,16,赵亘(07032) 星期二1-2节 [2-16双] 南214
SFS153001,跨文化交际德语口语1,2,,KONSTANTIN HANACK,2500360,null,专业选修课,德语,四平路校区,2025(德语 11014),0,1,16,KONSTANTIN HANACK(2500360) 星期五3-4节 [1-16] 南411
SFS253201,跨文化交际德语口语3,2,,陈宇,03117,,专业选修课,德语,四平路校区,"2024(德语 11014),2025(德语(政治学与行政学双学士学位) 11052),2025(德语(全球胜任力外语人才实验区) 11054),2025(德语(法学双学士学位) 11059)",0,1,16,陈宇(03117) 星期三5-6节 [1-16] 南414
SFS253202,跨文化交际德语口语3,2,,陈宇,03117,,专业选修课,德语,四平路校区,2025(德语(法学双学士学位) 11059),0,1,16,陈宇(03117) 星期三7-8节 [1-16] 南414
SFS460601,德语时政新闻视听,2,,施显松,01012,,实践环节课程,德语,四平路校区,"2023(德语 11014),2023(德语(政治学与行政学双学士学位) 11052),2023(德语(全球胜任力外语人才实验区) 11054)",0,1,16,施显松(01012) 星期三5-6节 [1-16] 南210
SFS360201,汉德笔译理论与实践,2,,赵亘,07032,,实践环节课程,德语,四平路校区,"2024(德语 11014),2024(德语(政治学与行政学双学士学位) 11052),2024(德语(全球胜任力外语人才实验区) 11054),2024(德语(法学双学士学位) 11059),2025(德语(二学位) 11056)",0,1,16,赵亘(07032) 星期二3-4节 [1-16] 南111
,国际交流德语视听说3,2,,董菁,17135,,实践环节课程,中文,四平路校区,2024(德语 11014),0,1,16,董菁(17135) 星期日7-8节 [1-16] 不排教室
SFS260701,德语思辨阅读与写作1,2,,Julian Alexander Conrad,2300021,null,实践环节课程,德语,四平路校区,"2025(德语 11014),2025(德语(政治学与行政学双学士学位) 11052),2025(德语(全球胜任力外语人才实验区) 11054),2025(德语(二学位) 11056),2025(德语(法学双学士学位) 11059)",0,1,16,Julian Alexander Conrad(2300021) 星期四7-8节 [1-16] 南411
SFS260702,德语思辨阅读与写作1,2,,Julian Alexander Conrad,2300021,null,实践环节课程,德语,四平路校区,"2025(德语 11014),2025(德语(政治学与行政学双学士学位) 11052),2025(德语(全球胜任力外语人才实验区) 11054),2025(德语(二学位) 11056),2025(德语(法学双学士学位) 11059)",0,1,16,Julian Alexander Conrad(2300021) 星期四5-6节 [1-16] 南411
SFS233101,基础日语演练1,4,,孙萌,24030,,专业基础课,双语(其他),四平路校区,2025(日语 11034),0,1,16,孙萌(24030) 星期三1-4节 [1-16] 南417
SFS233301,中级日语演练1,2,,时晓阳,06070,,专业基础课,日语,四平路校区,"2025(日语(全球胜任力外语人才实验区) 11053),2025(日语(二学位) 11057)",0,1,16,时晓阳(06070) 星期四5-6节 [1-16] 南417
SFS453401,国际会议口译,2,,HARUKA KANEMUNE,2500268,null,专业选修课,双语(其他),四平路校区,"2023(日语 11034),2023(日语(全球胜任力外语人才实验区) 11053)",0,1,16,HARUKA KANEMUNE(2500268) 星期五1-2节 [1-16] 汇文楼508
SFS253501,跨文化交际日语口语1,2,,HARUKA KANEMUNE,2500268,null,专业选修课,日语,四平路校区,2025(日语 11034),0,1,16,HARUKA KANEMUNE(2500268) 星期五3-4节 [1-16] 南414
SFS353701,跨文化交际日语口语3,2,,高原葵,2300077,null,专业必修课,日语,四平路校区,"2025(日语(全球胜任力外语人才实验区) 11053),2025(日语(二学位) 11057)",0,1,16,高原葵(2300077) 星期一3-4节 [1-16] 南411
SFS353702,跨文化交际日语口语3,2,,高原葵,2300077,null,专业选修课,日语,四平路校区,2024(日语 11034),0,1,16,高原葵(2300077) 星期一5-6节 [1-16] 北312
SFS353801,商务沟通与合作技巧,2,,Kazuyuki Tsuchiya,2100026,null,专业选修课,日语,四平路校区,"2024(日语 11034),2024(日语(全球胜任力外语人才实验区) 11053),2025(日语(二学位) 11057)",0,1,16,Kazuyuki Tsuchiya(2100026) 星期五1-2节 [1-16] 南314
SFS353901,日语媒体报道热点观察,2,,Tomoko Otawa,1805030,null,专业选修课,日语,四平路校区,2024(日语(全球胜任力外语人才实验区) 11053),0,1,16,Tomoko Otawa(1805030) 星期日7-8节 [1-16] 不排教室
SFS351201,当代中国跨文化阐释与传播（日语方向）,1,,野口研,2300078,null,专业选修课,日语,四平路校区,"2024(日语(全球胜任力外语人才实验区) 11053),2025(日语(二学位) 11057)",0,1,16,野口研(2300078) 星期日5-6节 [1-15单] 不排教室
SFS361001,日语时政新闻研读,2,,HARUKA KANEMUNE,2500268,null,实践环节课程,日语,四平路校区,"2024(日语 11034),2024(日语(全球胜任力外语人才实验区) 11053),2025(日语(二学位) 11057)",0,1,16,HARUKA KANEMUNE(2500268) 星期四1-2节 [1-16] 南414
,中日笔译理论与实践,2,,梁艳,13857,,实践环节课程,双语(其他),四平路校区,"2024(日语 11034),2024(日语(全球胜任力外语人才实验区) 11053)",0,1,16,梁艳(13857) 星期一3-4节 [1-16] 北310
SFS254001,国际交流日语视听说1,2,,沈彩虹,04056,,实践环节课程,双语(其他),四平路校区,2025(日语 11034),0,1,16,沈彩虹(04056) 星期四5-6节 [1-16] 汇文楼506
SFS354201,国际交流日语视听说3,2,,高原葵,2300077,null,实践环节课程,日语,四平路校区,"2024(日语 11034),2025(日语(全球胜任力外语人才实验区) 11053),2025(日语(二学位) 11057)",0,1,16,高原葵(2300077) 星期四7-8节 [1-16] 汇文楼508
SFS354302,日语思辨阅读与写作1,2,,Kazuyuki Tsuchiya,2100026,null,实践环节课程,日语,四平路校区,"2024(日语 11034),2025(日语(全球胜任力外语人才实验区) 11053),2025(日语(二学位) 11057)",0,1,16,Kazuyuki Tsuchiya(2100026) 星期三5-6节 [1-16] 南319
SFS254601,国际会议翻译（高阶）,2,,焦海龙,03088,,专业选修课,双语(其他),四平路校区,2025(德语(全球胜任力外语人才实验区) 11054),0,1,16,焦海龙(03088) 星期三5-6节 [1-16] 南417
SFS254701,普通语言学（高阶）,2,,野口研,2300078,null,专业选修课,中文,四平路校区,2025(日语(全球胜任力外语人才实验区) 11053),0,1,16,野口研(2300078) 星期日3-4节 [1-16] 不排教室
,古典语法与作品鉴赏（高阶）,2,,野口研,2300078,null,专业选修课,中文,四平路校区,2024(日语(全球胜任力外语人才实验区) 11053),0,1,16,野口研(2300078) 星期日9-10节 [1-16] 不排教室
SFS455001,东亚视野与经典研读,2,,陈毅立,11087,,专业选修课,双语(其他),四平路校区,"2023(日语 11034),2023(日语(全球胜任力外语人才实验区) 11053),2025(日语(二学位) 11057)",0,1,16,陈毅立(11087) 星期三7-8节 [1-16] 北222
SFS002501,大学英语六级,2,,陈靖,04053,,社会发展与国际视野,中文,四平路校区,,0,1,12,陈靖(04053) 星期三9-10节 [1-12] 南414
SFS002502,大学英语六级,2,,姚小蒙,96404,,社会发展与国际视野,中文,嘉定校区,,0,1,16,姚小蒙(96404) 星期四9-10节 [1-12] 安楼A202
SFS002601,批判性思维与道德推理,2,,魏耀章,08111,,人文经典与审美素养,中英,四平路校区,,0,1,12,魏耀章(08111) 星期三7-8节 [1-12] 南405
SFS002602,批判性思维与道德推理,2,,魏耀章,08111,,人文经典与审美素养,中英,嘉定校区,,0,1,12,魏耀章(08111) 星期一5-6节 [1-12] 安楼A302
SFS002701,学讲上海话,2,,郭婧,09052,,人文经典与审美素养,中文,四平路校区,,0,1,12,郭婧(09052) 星期四7-8节 [1-12] 南317
SFS002702,学讲上海话,2,,周滢,11147,,人文经典与审美素养,中文,嘉定校区,,0,1,12,周滢(11147) 星期四9-10节 [1-12] 安楼A302
SFS002901,科学素养与学术沟通,1,,"李兴文,刘安,成昱,林思劼,王婷,肖敦辉,康燕彬,盛云岚","02126,03028,14130,16006,16012,21174,23117,95833",",,,,,,长聘教授,",科学探索与生命关怀,英语,四平路校区,,0,1,9,刘安(03028) 星期四9-10节 [9] 北308 王婷(16012) 星期四9-10节 [2] 北308 成昱(14130) 星期四9-10节 [6] 北308 康燕彬(23117) 星期四9-10节 [4] 北308 李兴文(02126) 星期四9-10节 [1] 北308 盛云岚(95833) 星期四9-10节 [8] 北308 林思劼(16006) 星期四9-10节 [5] 北308 肖敦辉(21174) 星期四9-10节 [7] 北308
SFS355201,初阶德语 1(汽车),4,,张建欣,99034,,公共基础课,双语(其他),嘉定校区,2025(车辆工程(汽车) 19027),0,1,16,张建欣(99034) 星期一1-4节 [1-16] 诚楼C409
SFS355301,初阶德语 2(汽车),4,,张建欣,99034,,专业选修课,双语(其他),嘉定校区,2024(车辆工程(汽车) 19027),0,1,16,张建欣(99034) 星期三1-4节 [1-16] 安楼A107
SFS141901,中国文化对日阐释与传播,2,,"梁艳,胡琪,孙萌","13857,15054,24030",",,",专业必修课,双语(其他),四平路校区,"2025(日语 11034),2025(日语(全球胜任力外语人才实验区) 11053)",0,1,16,孙萌(24030) 星期一5-6节 [5-12] 南316 胡琪(15054) 星期一5-6节 [1-4] 南316 梁艳(13857) 星期一5-6节 [13-16] 南316
SFS242001,数字人文导论,2,,方昱,19057,,专业必修课,中英,四平路校区,2025(英语(数智人文) 11024),0,1,16,方昱(19057) 星期四5-6节 [1-16] 南415
SFS242101,R语言与语言大数据分析,2,,李夷,24022,,专业必修课,中英,四平路校区,2025(数智人文拔尖班 11060),0,1,16,李夷(24022) 星期三5-6节 [1-16] 南408
SFS261301,修辞与英语演说,2,,吴淑卿,22141,,个性化课程,英语,四平路校区,2025(法学(英语双学士学位) 52015),0,1,16,吴淑卿(22141) 星期三1-2节 [1-16] 南412
SFS261302,修辞与英语演说,2,,Riccardo Moratto,25007,,实践环节课程,英语,四平路校区,"2025(英语(数智人文) 11024),2025(英语(二学位) 11055)",0,1,16,Riccardo Moratto(25007) 星期四1-2节 [1-16] 南415
SFS261303,修辞与英语演说,2,,Riccardo Moratto,25007,,实践环节课程,英语,四平路校区,"2025(英语(数智人文) 11024),2025(英语(二学位) 11055)",0,1,16,Riccardo Moratto(25007) 星期四3-4节 [1-16] 南415
SFS161901,多模态德语听说训练1,2,,葛艳,95060,,实践环节课程,双语(其他),四平路校区,"2025(德语 11014),2025(数智人文拔尖班 11060)",0,1,16,葛艳(95060) 星期五1-2节 [1-16] 汇文楼506
SFS262101,多模态德语听说训练3,2,,董菁,17135,,实践环节课程,双语(其他),四平路校区,"2025(德语(政治学与行政学双学士学位) 11052),2025(德语(全球胜任力外语人才实验区) 11054),2025(德语(二学位) 11056),2025(德语(法学双学士学位) 11059)",0,1,16,董菁(17135) 星期一7-8节 [1-16] 汇文楼506
SFS262102,多模态德语听说训练3,2,,董菁,17135,,实践环节课程,双语(其他),四平路校区,2025(德语(法学双学士学位) 11059),0,1,16,董菁(17135) 星期一5-6节 [1-16] 汇文楼506
SFS242401,跨学科项目式探究1,2,,高原葵,2300077,null,专业必修课,双语(其他),四平路校区,2025(日语 11034),0,1,16,高原葵(2300077) 星期一7-8节 [1-16] 北314
SFS230601,德语进阶1,4,,陈忱,05057,,专业基础课,双语(其他),四平路校区,2025(数智人文拔尖班 11060),0,1,16,陈忱(05057) 星期二1-4节 [1-16] 南415
SFS240101,欧洲一体化与欧盟,2,,伍慧萍,97027,,专业必修课,中文,四平路校区,2025(数智人文拔尖班 11060),0,1,16,伍慧萍(97027) 星期一3-4节 [1-16] 南311
SFS240201,英语国家概况,2,,"玄理,李娇","23016,23018",",",专业必修课,中文,四平路校区,2025(数智人文拔尖班 11060),0,1,16,李娇(23018) 星期四1-2节 [11-14] 南411 玄理(23016) 星期四1-2节 [1-10 15-16] 南411
SFS220101,德语B1,4,,陈忱,05057,,公共基础课,双语(其他),嘉定校区,2025(中德智慧新能源车辆(创新实验区) 19033),0,1,16,陈忱(05057) 星期一1-4节 [1-16] 诚楼C412
SFS260401,中级德语能力拓展1,2,,陈慧,01010,,实践环节课程,双语(其他),四平路校区,"2025(德语 11014),2025(德语(政治学与行政学双学士学位) 11052),2025(德语(全球胜任力外语人才实验区) 11054),2025(德语(二学位) 11056),2025(德语(法学双学士学位) 11059)",0,1,16,陈慧(01010) 星期一5-6节 [1-16] 南315
SFS260402,中级德语能力拓展1,2,,陈慧,01010,,实践环节课程,双语(其他),四平路校区,"2025(德语 11014),2025(德语(政治学与行政学双学士学位) 11052),2025(德语(全球胜任力外语人才实验区) 11054),2025(德语(二学位) 11056),2025(德语(法学双学士学位) 11059)",0,1,16,陈慧(01010) 星期一7-8节 [1-16] 南315
SFS351501,世界语言国情导论,2,,沈骑,18071,,专业选修课,中英,四平路校区,2024(英语(数智人文) 11024),0,1,16,沈骑(18071) 星期一3-4节 [1-16] 北312
SFS003301,德国历史与文化,2,,邓白桦,01043,,社会发展与国际视野,中文,四平路校区,,0,1,12,邓白桦(01043) 星期一7-8节 [1-12] 北315
SFS003302,德国历史与文化,2,,"俞宙明,王思婕","01063,24146","讲师,",社会发展与国际视野,中文,嘉定校区,,0,1,12,俞宙明(01063) 星期四7-8节 [7] 安楼A110 王思婕(24146) 星期四7-8节 [1-6 8-12] 安楼A110
物理科学与工程学院,,,,,,,,,,,,,,
,,,,,,,,,,,,,,
PSE230101,光学,3,张锦龙(),张锦龙,11125,,专业基础课,中文,四平路校区,"2024(测绘工程(应用物理学双学士学位) 57001),2025(应用物理学(强基计划) 09005),2025(光电信息科学与工程(精英班) 09046),2025(应用物理学 12464),2025(光电信息科学与工程 12474),2025(基础学科拔尖基地(物理学) 58004),2025(光电信息科学与工程(应用物理学双学士学位) 58006),2025(应用物理学(严济慈物理学英才班) 58014)",0,1,16,张锦龙(11125) 星期一9-11节 [1-16] 南216
PSE230102,光学,3,王占山(),王占山,01048,,专业基础课,中文,四平路校区,"2024(测绘工程(应用物理学双学士学位) 57001),2025(应用物理学(强基计划) 09005),2025(光电信息科学与工程(精英班) 09046),2025(应用物理学 12464),2025(光电信息科学与工程 12474),2025(基础学科拔尖基地(物理学) 58004),2025(光电信息科学与工程(应用物理学双学士学位) 58006),2025(应用物理学(严济慈物理学英才班) 58014)",0,1,16,王占山(01048) 星期一9-11节 [1-16] 瑞安楼阶1
PSE340201,计算物理,3,,"程鑫彬,魏泽勇","08073,13110",",",专业选修课,中文,嘉定校区,2024(微电子科学与工程(应用物理学双学士学位) 10078),0,1,16,"程鑫彬(08073),魏泽勇(13110) 星期三9-11节 [1-16] 不排教室"
PSE340202,计算物理,3,程鑫彬(),"程鑫彬,魏泽勇","08073,13110",",",专业必修课,中文,四平路校区,"2024(应用物理学(强基计划) 09005),2024(应用物理学 12464),2024(基础学科拔尖基地(物理学) 58004),2024(光电信息科学与工程(应用物理学双学士学位) 58006),2025(应用物理学(二学位) 58005)",0,1,16,魏泽勇(13110) 星期一7-8节 [3-16] 瑞安楼阶3 程鑫彬(08073) 星期一7-8节 [1-2] 瑞安楼阶3 程鑫彬(08073) 星期五5-6节 [2] 瑞安楼阶3 魏泽勇(13110) 星期五5-6节 [4-16双] 瑞安楼阶3
PSE230301,数学物理方法,4,刘要稳(),刘要稳,04197,,专业基础课,中文,四平路校区,"2025(应用物理学(强基计划) 09005),2025(应用物理学 12464),2025(测绘工程(应用物理学双学士学位) 57001),2025(基础学科拔尖基地(物理学) 58004),2025(光电信息科学与工程(应用物理学双学士学位) 58006),2025(应用物理学(严济慈物理学英才班) 58014)",0,1,16,刘要稳(04197) 星期一1-2节 [1-16] 瑞安楼阶1 刘要稳(04197) 星期四3-4节 [1-16] 瑞安楼阶1
PSE230303,数学物理方法,4,贾晓玲(),贾晓玲,05033,,专业必修课,中文,嘉定校区,2025(微电子科学与工程(应用物理学双学士学位) 10078),0,1,16,贾晓玲(05033) 星期三7-8节 [1-16] 安楼A114 贾晓玲(05033) 星期五1-2节 [1-16] 安楼A114
PSE340101,量子力学,4,时钟(),时钟,10117,,专业必修课,中文,四平路校区,"2024(应用物理学(强基计划) 09005),2024(应用物理学 12464),2024(测绘工程(应用物理学双学士学位) 57001),2024(基础学科拔尖基地(物理学) 58004),2024(光电信息科学与工程(应用物理学双学士学位) 58006),2025(应用物理学(二学位) 58005)",0,1,16,时钟(10117) 星期一3-4节 [1-16] 衷和楼205 时钟(10117) 星期二1-2节 [1-16] 衷和楼205
PSE340102,量子力学,4,贾晓玲(),贾晓玲,05033,,专业必修课,中文,嘉定校区,2024(微电子科学与工程(应用物理学双学士学位) 10078),0,1,16,贾晓玲(05033) 星期三3-4节 [1-16] 安楼A105 贾晓玲(05033) 星期五7-8节 [1-16] 安楼A105
,发光材料,3,刘波(),刘波,06150,,专业选修课,中文,四平路校区,"2023(应用物理学(强基计划) 09005),2023(应用物理学 12464),2023(测绘工程(应用物理学双学士学位) 57001),2023(基础学科拔尖基地(物理学) 58004),2023(光电信息科学与工程(应用物理学双学士学位) 58006)",0,1,16,刘波(06150) 星期一1-2节 [1-16] 南210 刘波(06150) 星期四5-6节 [2-16双] 南210
PSE000101,物理现象探索,2,赵敏(),"丁涛,张增海,赵敏","11136,24666552,99106",",null,",科学探索与生命关怀,中文,四平路校区,,0,1,12,"赵敏(99106) 星期五7-8节 [1-4] 南216 丁涛(11136),张增海(24666552),赵敏(99106) 星期五7-8节 [5-12] 瑞安楼305-311室、407-411室"
PSE000102,物理现象探索,2,赵敏(),"丁涛,张增海,赵敏","11136,24666552,99106",",null,",科学探索与生命关怀,中文,嘉定校区,,0,1,12,"丁涛(11136),张增海(24666552),赵敏(99106) 星期四7-8节 [5-12] 博楼B217 赵敏(99106) 星期四7-8节 [1-4] 博楼B217"
PSE450301,固体物理实验方法,2,包志豪(教授),"张晓青,包志豪","05032,09065",",",专业选修课,中文,四平路校区,"2023(应用物理学(强基计划) 09005),2023(应用物理学 12464),2023(测绘工程(应用物理学双学士学位) 57001),2023(基础学科拔尖基地(物理学) 58004),2023(光电信息科学与工程(应用物理学双学士学位) 58006),2025(应用物理学(二学位) 58005)",0,1,16,包志豪(09065) 星期四9-10节 [1-8] 南313 张晓青(05032) 星期四9-10节 [9-16] 南313
PSE340701,现代光电探测技术,3,马彬(),"马彬,黄迪","11066,22521",",",专业必修课,中文,四平路校区,"2023(测绘工程(应用物理学双学士学位) 57001),2024(光电信息科学与工程(精英班) 09046),2024(光电信息科学与工程 12474),2024(光电信息科学与工程(应用物理学双学士学位) 58006)",0,1,16,马彬(11066) 星期四3-4节 [1-12] 北420 黄迪(22521) 星期四3-4节 [13-16] 北420 黄迪(22521) 星期五1-2节 [14-16双] 北420 马彬(11066) 星期五1-2节 [2-12双] 北420
PSE240102,理论力学,4,羊亚平(),羊亚平,94069,,专业必修课,中文,四平路校区,"2025(地质工程(应用物理学双学士学位) 03077),2025(应用物理学(强基计划) 09005),2025(应用物理学 12464),2025(测绘工程(应用物理学双学士学位) 57001),2025(基础学科拔尖基地(物理学) 58004),2025(光电信息科学与工程(应用物理学双学士学位) 58006),2025(应用物理学(严济慈物理学英才班) 58014)",0,1,16,羊亚平(94069) 星期二1-2节 [1-16] 瑞安楼阶1 羊亚平(94069) 星期四9-10节 [1-16] 瑞安楼阶1
PSE240103,理论力学,4,许静平(),许静平,09085,,专业必修课,中文,嘉定校区,2025(微电子科学与工程(应用物理学双学士学位) 10078),0,1,16,许静平(09085) 星期三9-10节 [1-16] 诚楼C401 许静平(09085) 星期四3-4节 [1-16] 诚楼C401
PSE450401,高等固体物理,3,江海涛(),江海涛,05138,,专业选修课,中文,四平路校区,"2023(应用物理学(强基计划) 09005),2023(应用物理学 12464),2023(测绘工程(应用物理学双学士学位) 57001),2023(基础学科拔尖基地(物理学) 58004),2023(光电信息科学与工程(应用物理学双学士学位) 58006),2025(应用物理学(二学位) 58005)",0,1,16,江海涛(05138) 星期二3-4节 [2-16双] 北121 江海涛(05138) 星期三7-8节 [1-16] 北121
PSE450201,材料物理,3,王晓栋(),王晓栋,14035,,专业选修课,中文,四平路校区,"2023(应用物理学(强基计划) 09005),2023(应用物理学 12464),2023(测绘工程(应用物理学双学士学位) 57001),2023(基础学科拔尖基地(物理学) 58004),2023(光电信息科学与工程(应用物理学双学士学位) 58006),2025(应用物理学(二学位) 58005)",0,1,16,王晓栋(14035) 星期三9-11节 [1-16] 北410
PSE450101,超声概论,3,程茜(),程茜,06108,,专业选修课,中文,四平路校区,"2023(应用物理学(强基计划) 09005),2023(应用物理学 12464),2023(基础学科拔尖班(海洋) 31005),2023(海洋科学 31006),2023(地球物理学 31024),2023(测绘工程(应用物理学双学士学位) 57001),2023(基础学科拔尖基地(物理学) 58004),2025(应用物理学(二学位) 58005)",0,1,16,程茜(06108) 星期三7-8节 [1-16] 北119 程茜(06108) 星期五1-2节 [1-15单] 北119
PSE450901,噪声控制概论,3,莫方朔(),莫方朔,04039,,专业选修课,中文,四平路校区,"2023(应用物理学(强基计划) 09005),2023(应用物理学 12464),2023(基础学科拔尖基地(物理学) 58004)",0,1,16,莫方朔(04039) 星期三9-11节 [1-16] 南216
PSE451001,电声技术,2,王旭(),王旭,13122,,专业选修课,中文,四平路校区,"2023(应用物理学(强基计划) 09005),2023(应用物理学 12464),2023(基础学科拔尖基地(物理学) 58004),2025(应用物理学(二学位) 58005)",0,1,16,王旭(13122) 星期三3-4节 [1-16] 北211
PSE000901,音响技术,2,刘海生(),刘海生,04051,,工程能力与创新思维,中文,四平路校区,,0,1,12,刘海生(04051) 星期四7-8节 [1-12] 北216
PSE000902,音响技术,2,,刘海生,04051,,工程能力与创新思维,中文,嘉定校区,,0,1,12,刘海生(04051) 星期六1-2节 [1-12] 不排教室
,汽车声学,2,李勇(),李勇,16533,,专业选修课,中文,四平路校区,"2023(应用物理学(强基计划) 09005),2023(应用物理学 12464),2023(基础学科拔尖基地(物理学) 58004)",0,1,16,李勇(16533) 星期四7-8节 [1-16] 北211
PSE350701,广义相对论与宇宙学,2,章颖理(),章颖理,20528,null,专业选修课,中文,四平路校区,2023(测绘工程(应用物理学双学士学位) 57001),0,1,16,章颖理(20528) 星期日7-8节 [1-16] 不排教室
PSE230401,工程图学,2,王昆(),王昆,07203,,专业基础课,中文,四平路校区,"2025(光电信息科学与工程(精英班) 09046),2025(光电信息科学与工程 12474)",0,1,16,王昆(07203) 星期一7-8节 [1-16] 南412
PSE340901,现代工程物理基础,4,黄迪(),"许静平,李文斌,黄迪","09085,09094,22521",",,",专业必修课,中文,四平路校区,"2024(光电信息科学与工程(精英班) 09046),2024(光电信息科学与工程 12474)",0,1,16,黄迪(22521) 星期一1-2节 [11-16] 南322 李文斌(09094) 星期一1-2节 [1-5] 南322 许静平(09085) 星期一1-2节 [6-10] 南322 黄迪(22521) 星期三3-4节 [11-16] 南322 李文斌(09094) 星期三3-4节 [1-5] 南322 许静平(09085) 星期三3-4节 [6-10] 南322
,微纳光学器件与应用,3,张卉(),张卉,24112,,专业选修课,中文,四平路校区,"2023(应用物理学(强基计划) 09005),2023(应用物理学 12464),2023(光电信息科学与工程 12474),2023(基础学科拔尖基地(物理学) 58004),2023(光电信息科学与工程(应用物理学双学士学位) 58006)",0,1,16,张卉(24112) 星期二3-4节 [1-15单] 北210 张卉(24112) 星期四1-2节 [1-16] 北210
PSE350201,Python光子学模拟,2,魏泽勇(),魏泽勇,13110,,专业选修课,中文,四平路校区,"2023(光电信息科学与工程 12474),2023(光电信息科学与工程(应用物理学双学士学位) 58006),2025(应用物理学(二学位) 58005),2025(光电信息科学与工程(二学位) 58007)",0,1,16,魏泽勇(13110) 星期三5-6节 [1-16] 北220
PSE350903,机器视觉与图像处理,2,穆宝忠(),"穆宝忠,王新","07126,13004",",",专业选修课,中文,四平路校区,"2024(应用物理学(强基计划) 09005),2024(光电信息科学与工程(精英班) 09046),2024(应用物理学 12464),2024(光电信息科学与工程 12474),2024(基础学科拔尖基地(物理学) 58004),2024(光电信息科学与工程(应用物理学双学士学位) 58006),2025(应用物理学(二学位) 58005),2025(光电信息科学与工程(二学位) 58007)",0,1,16,王新(13004) 星期五3-4节 [7-16] 北122 穆宝忠(07126) 星期五3-4节 [1-6] 北122
,计算光学仪器原理及技术,2,顿雄(),顿雄,19627,,专业选修课,中文,四平路校区,"2023(光电信息科学与工程 12474),2023(光电信息科学与工程(应用物理学双学士学位) 58006)",0,1,16,顿雄(19627) 星期四3-4节 [1-16] 北210
PSE451101,先进光学制造技术,2,沈正祥(),"沈正祥,余俊","08085,22188",",",专业必修课,中文,四平路校区,"2023(光电信息科学与工程 12474),2024(光电信息科学与工程(应用物理学双学士学位) 58006),2025(光电信息科学与工程(二学位) 58007)",0,1,16,沈正祥(08085) 星期一5-6节 [5-16] 北222 余俊(22188) 星期一5-6节 [1-4] 北222
,量值传递与误差理论,2,邓晓(),"丁涛,邓晓","11136,18135",",",专业选修课,中文,四平路校区,"2023(光电信息科学与工程 12474),2023(光电信息科学与工程(应用物理学双学士学位) 58006)",0,1,16,丁涛(11136) 星期二1-2节 [9-16] 北217 邓晓(18135) 星期二1-2节 [1-8] 北217
,物理学科研前沿与实践（二）（上）（课题类）,2,张建卫(),"赵晖,张建卫,郭志伟","08108,09135,21124",",,",实践环节课程,中文,四平路校区,"2024(应用物理学(强基计划) 09005),2024(应用物理学 12464),2024(光电信息科学与工程 12474),2024(基础学科拔尖基地(物理学) 58004),2024(光电信息科学与工程(应用物理学双学士学位) 58006)",0,1,16,赵晖(08108) 星期二3-4节 [9-16] 南229 郭志伟(21124) 星期二3-4节 [7-8] 南229 张建卫(09135) 星期二3-4节 [1-6] 南229
PSE230501,光学前沿专题,1,董思禹(),董思禹,23178,,专业基础课,中文,四平路校区,"2025(光电信息科学与工程(精英班) 09046),2025(光电信息科学与工程 12474)",0,1,16,董思禹(23178) 星期四1-2节 [2-16双] 南422
PSE460101,声学测量实验,2,刘海生(),"刘海生,王浩,俞悟周","04051,07135,97060",",,",实践环节课程,中文,四平路校区,"2023(应用物理学(强基计划) 09005),2023(应用物理学 12464),2023(基础学科拔尖基地(物理学) 58004),2025(应用物理学(二学位) 58005)",0,1,16,王浩(07135) 星期一5-6节 [10-16] 声学馆102 俞悟周(97060) 星期一5-6节 [2-3] 声学馆102 刘海生(04051) 星期一5-6节 [1 4-9] 声学馆102
PSE230601,概率论与数理统计,2,邱型泽(),"赵晖,邱型泽","08108,23035",",",专业基础课,中文,四平路校区,"2025(地质工程(应用物理学双学士学位) 03077),2025(应用物理学 12464),2025(光电信息科学与工程 12474)",0,1,16,赵晖(08108) 星期三7-8节 [7-14] 南308 邱型泽(23035) 星期三7-8节 [1-6 15-16] 南308
PSE000601,网络科学与复杂系统,2,张潇竹(),张潇竹,22031,,工程能力与创新思维,中文,四平路校区,,0,1,12,张潇竹(22031) 星期三7-8节 [1-12] 南205
PSE000602,网络科学与复杂系统,2,,张潇竹,22031,,工程能力与创新思维,中文,嘉定校区,,0,1,16,张潇竹(22031) 星期六1-2节 [1-12] 不排教室
PSE000301,科学探索之美,2,王占山(),王占山,01048,,科学探索与生命关怀,中文,四平路校区,,0,1,12,王占山(01048) 星期一7-8节 [1-12] 北214
PSE000302,科学探索之美,2,,王占山,01048,,科学探索与生命关怀,中文,嘉定校区,,0,1,12,王占山(01048) 星期六1-2节 [1-12] 不排教室
PSE001001,建筑物理实验,1,方恺(),"莫方朔,方恺,王风丽,于婷婷,倪晨","04039,04189,05106,18117,94773",",,,,",工程能力与创新思维,中文,四平路校区,,0,5,12,"倪晨(94773) 星期五5-6节 [6-7] 【5-9】物理馆212；【10-11】机械馆2楼实验室；【12】物理馆405、406 莫方朔(04039) 星期五5-6节 [8-9] 【5-9】物理馆212；【10-11】机械馆2楼实验室；【12】物理馆405、406 王风丽(05106) 星期五5-6节 [10-11] 【5-9】物理馆212；【10-11】机械馆2楼实验室；【12】物理馆405、406 方恺(04189) 星期五5-6节 [5] 【5-9】物理馆212；【10-11】机械馆2楼实验室；【12】物理馆405、406 方恺(04189),于婷婷(18117) 星期五5-6节 [12] 【5-9】物理馆212；【10-11】机械馆2楼实验室；【12】物理馆405、406"
PSE000201,仰观宇宙—银河系、类地行星、宇宙起源,2,张建卫(),"张建卫,樊维佳","09135,14211",",",科学探索与生命关怀,中文,四平路校区,,0,1,12,樊维佳(14211) 星期五7-8节 [7-12] 南214 张建卫(09135) 星期五7-8节 [1-6] 南214
PSE000202,仰观宇宙—银河系、类地行星、宇宙起源,2,,张建卫,09135,,科学探索与生命关怀,中文,嘉定校区,,0,1,12,张建卫(09135) 星期六1-2节 [1-12] 不排教室
PSE230701,AI Bond Sciences,2,张建卫(),"张建卫,李勇,顿雄,王策","09135,16533,19627,21153",",,,",专业基础课,中文,四平路校区,"2025(应用物理学(强基计划) 09005),2025(基础学科拔尖基地(物理学) 58004),2025(应用物理学(严济慈物理学英才班) 58014)",0,1,16,顿雄(19627) 星期四5-6节 [13-16] 北410 张建卫(09135) 星期四5-6节 [1-3 8-9] 北410 王策(21153) 星期四5-6节 [4-7] 北410 李勇(16533) 星期四5-6节 [10-12] 北410
PSE450501,集成电路计量测试技术,3,邓晓(),邓晓,18135,,专业选修课,中文,四平路校区,2025(光电信息科学与工程(二学位) 58007),0,1,16,邓晓(18135) 星期日9-11节 [1-16] 不排教室
PSE340602,数智光学（下）,3,顿雄(),顿雄,19627,,专业必修课,中文,四平路校区,"2024(光电信息科学与工程(精英班) 09046),2024(光电信息科学与工程 12474),2024(光电信息科学与工程(应用物理学双学士学位) 58006),2025(光电信息科学与工程(二学位) 58007)",0,1,16,顿雄(19627) 星期三1-2节 [1-16] 北420 顿雄(19627) 星期五1-2节 [1-15单] 北420
PSE261001,物理实验3,6,马艳(),"马艳,金佳,蒋涵文","06044,18116,25106",",,null",实践环节课程,中文,四平路校区,"2025(应用物理学(强基计划) 09005),2025(基础学科拔尖基地(物理学) 58004)",0,1,16,"马艳(06044),金佳(18116),蒋涵文(25106) 星期三1-4节 [1-16] 瑞安楼403、505、507，物理馆319、301、302 马艳(06044),金佳(18116),蒋涵文(25106) 星期日1-2节 [1-16] 瑞安楼403、505、507，物理馆319、301、302"
PSE261002,物理实验3,6,马艳(),"马艳,金佳,蒋涵文","06044,18116,25106",",,null",实践环节课程,中文,四平路校区,"2025(光电信息科学与工程(应用物理学双学士学位) 58006),2025(应用物理学(严济慈物理学英才班) 58014)",0,1,16,"马艳(06044),金佳(18116),蒋涵文(25106) 星期三5-8节 [1-16] 瑞安楼403、505、507，物理馆319、301、302 马艳(06044),金佳(18116),蒋涵文(25106) 星期日1-2节 [1-16] 瑞安楼403、505、507，物理馆319、301、302"
PSE450601,发光物理学,3,刘波(),刘波,06150,,专业选修课,中文,四平路校区,2025(应用物理学(二学位) 58005),0,1,16,刘波(06150) 星期日9-11节 [1-16] 不排教室
PSE450801,交通运载装备声学,2,李勇(),李勇,16533,,专业选修课,中文,四平路校区,2025(应用物理学(二学位) 58005),0,1,16,李勇(16533) 星期日7-8节 [1-16] 不排教室
PSE260301,科研前沿与实践(一)(上)(竞赛类),2,方恺(),"方恺,王风丽,马艳,张建卫,张宇钟,李云云,于婷婷,关佳,张增海,刘斐,蒋涵文,倪晨,赵敏","04189,05106,06044,09135,10121,13516,18117,24142,24666552,25105,25106,94773,99106",",,,,,,,工程师,null,,null,,高级工程师",实践环节课程,中文,四平路校区,"2025(测绘工程(应用物理学双学士学位) 57001),2025(基础学科拔尖基地(物理学) 58004),2025(光电信息科学与工程(应用物理学双学士学位) 58006)",0,1,16,"张宇钟(10121) 星期五1-2节 [2] 北313 方恺(04189),李云云(13516),于婷婷(18117),倪晨(94773),赵敏(99106) 星期五1-2节 [13] 北313 于婷婷(18117) 星期五1-2节 [12] 北313 方恺(04189),王风丽(05106),马艳(06044),刘斐(25105),蒋涵文(25106) 星期五1-2节 [14] 北313 马艳(06044) 星期五1-2节 [3] 北313 李云云(13516) 星期五1-2节 [6-8] 北313 赵敏(99106) 星期五1-2节 [9-11] 北313 张建卫(09135) 星期五1-2节 [4] 北313 方恺(04189),李云云(13516),关佳(24142),倪晨(94773),赵敏(99106) 星期五1-2节 [15] 北313 方恺(04189),马艳(06044) 星期五1-2节 [1] 北313 方恺(04189),王风丽(05106),马艳(06044),张增海(24666552),蒋涵文(25106) 星期五1-2节 [16] 北313 王风丽(05106),刘斐(25105) 星期五1-2节 [5] 北313"
PSE260302,科研前沿与实践(一)(上)(竞赛类),2,方恺(),"方恺,李俊,张增海","04189,13088,24666552",",,null",实践环节课程,中文,嘉定校区,2025(微电子科学与工程(应用物理学双学士学位) 10078),0,1,16,李俊(13088) 星期五3-4节 [1-9 12-16] 诚楼C402 张增海(24666552) 星期五3-4节 [11] 诚楼C402 方恺(04189) 星期五3-4节 [10] 诚楼C402
PSE260303,科研前沿与实践(一)(上)(竞赛类),2,方恺(),"方恺,王风丽,马艳,张建卫,张宇钟,李云云,于婷婷,关佳,张增海,刘斐,蒋涵文,倪晨,赵敏","04189,05106,06044,09135,10121,13516,18117,24142,24666552,25105,25106,94773,99106",",,,,,,,工程师,null,工程师,null,,",实践环节课程,中文,四平路校区,"2025(地质工程(应用物理学双学士学位) 03077),2025(应用物理学(强基计划) 09005),2025(应用物理学 12464),2025(光电信息科学与工程 12474),2025(应用物理学(严济慈物理学英才班) 58014)",0,1,16,"赵敏(99106) 星期五3-4节 [9-11] 北420 方恺(04189),王风丽(05106),马艳(06044),张增海(24666552),蒋涵文(25106) 星期五3-4节 [16] 北420 李云云(13516) 星期五3-4节 [6-8] 北420 马艳(06044) 星期五3-4节 [3] 北420 方恺(04189),李云云(13516),关佳(24142),倪晨(94773),赵敏(99106) 星期五3-4节 [15] 北420 方恺(04189),李云云(13516),于婷婷(18117),倪晨(94773),赵敏(99106) 星期五3-4节 [13] 北420 方恺(04189),王风丽(05106),马艳(06044),刘斐(25105),蒋涵文(25106) 星期五3-4节 [14] 北420 张建卫(09135) 星期五3-4节 [4] 北420 方恺(04189),马艳(06044) 星期五3-4节 [1] 北420 王风丽(05106),刘斐(25105) 星期五3-4节 [5] 北420 张宇钟(10121) 星期五3-4节 [2] 北420 于婷婷(18117) 星期五3-4节 [12] 北420"
PSE230801,模拟电子技术,3,王绪泉(),王绪泉,25057,,专业基础课,中文,四平路校区,"2025(光电信息科学与工程(精英班) 09046),2025(光电信息科学与工程 12474),2025(光电信息科学与工程(应用物理学双学士学位) 58006)",0,1,16,王绪泉(25057) 星期一5-6节 [1-16] 南122 王绪泉(25057) 星期四1-2节 [1-15单] 南122
PSE160501,力学与热学实验,4,倪晨(),"于婷婷,关佳,刘斐,倪晨","18117,24142,25105,94773",",,,",实践环节课程,中文,四平路校区,2025(测绘工程(应用物理学双学士学位) 57001),0,6,16,"于婷婷(18117),关佳(24142),刘斐(25105),倪晨(94773) 星期三5-8节 [6-16] 物理馆401、402、405、406、412实验室 于婷婷(18117),关佳(24142),刘斐(25105),倪晨(94773) 星期六5-6节 [6-16] 物理馆401、402、405、406、412实验室"
PSE261301,光学实验,4,马艳(),"马艳,金佳,蒋涵文","06044,18116,25106",",,null",实践环节课程,中文,四平路校区,"2024(光电信息科学与工程(精英班) 09046),2024(测绘工程(应用物理学双学士学位) 57001),2025(应用物理学 12464),2025(光电信息科学与工程 12474),2025(应用物理学(二学位) 58005)",0,1,16,"马艳(06044),金佳(18116),蒋涵文(25106) 星期四5-8节 [1-16] 瑞安楼403、505、507，物理馆319、301、302"
PSE360401,近代物理实验,6,张志华(),"赫丽,张志华,王晓栋,于婷婷,沈军","00770,06061,14035,18117,95037",",,,,",实践环节课程,中文,四平路校区,"2024(应用物理学(强基计划) 09005),2024(应用物理学 12464)",0,1,16,"张志华(06061),沈军(95037) 星期三1-4节 [1-2] 瑞安楼503-513 赫丽(00770),张志华(06061),王晓栋(14035),于婷婷(18117) 星期三1-4节 [3-16] 瑞安楼503-513 张志华(06061),沈军(95037) 星期日1-2节 [1-2] 瑞安楼503-513 赫丽(00770),张志华(06061),王晓栋(14035),于婷婷(18117) 星期日1-2节 [3-16] 瑞安楼503-513"
PSE360402,近代物理实验,6,张志华(),"方恺,张志华,关佳,花蕾,沈军","04189,06061,24142,24144,95037",",,,,",实践环节课程,中文,四平路校区,"2024(应用物理学 12464),2024(基础学科拔尖基地(物理学) 58004)",0,1,16,"张志华(06061),沈军(95037) 星期四1-4节 [1-2] 瑞安楼503-513 方恺(04189),张志华(06061),关佳(24142),花蕾(24144) 星期四1-4节 [3-16] 瑞安楼503-513 张志华(06061),沈军(95037) 星期日3-4节 [1-2] 瑞安楼503-513 方恺(04189),张志华(06061),关佳(24142),花蕾(24144) 星期日3-4节 [3-16] 瑞安楼503-513"
PSE351402,精密光学机械设计,2,沈正祥(),"沈正祥,余俊","08085,22188",",",专业选修课,中文,四平路校区,"2024(光电信息科学与工程(精英班) 09046),2024(光电信息科学与工程 12474),2024(光电信息科学与工程(应用物理学双学士学位) 58006),2025(光电信息科学与工程(二学位) 58007)",0,1,16,沈正祥(08085) 星期四1-2节 [5-16] 北222 余俊(22188) 星期四1-2节 [1-4] 北222
PSE460201,毕业设计（论文）（一）（相关研究背景深度调研）,1,张建卫(),张建卫,09135,,实践环节课程,中文,四平路校区,"2023(应用物理学(强基计划) 09005),2023(应用物理学 12464),2023(光电信息科学与工程 12474),2023(基础学科拔尖基地(物理学) 58004),2023(光电信息科学与工程(应用物理学双学士学位) 58006)",0,1,16,张建卫(09135) 星期一9-10节 [2-16双] 学院安排
PSE440101,物理性污染控制,2,顾仲明(),顾仲明,22112,,专业必修课,中文,四平路校区,"2023(环境工程 05014),2023(环境工程(数学与应用数学双学士学位) 05035)",0,1,16,顾仲明(22112) 星期一5-6节 [1-16] 南116
,光电应用实验,2,王风丽(),王风丽,05106,,实践环节课程,中文,四平路校区,2024(光电信息科学与工程 12474),0,1,16,王风丽(05106) 星期一5-8节 [1-15单] 机械南馆附楼210
,光电应用实验,2,王风丽(),王风丽,05106,,实践环节课程,中文,四平路校区,2024(光电信息科学与工程 12474),0,2,16,王风丽(05106) 星期一5-8节 [2-16双] 机械南馆附楼210
PSE360801,光电信息专业综合实验（上）,4,王风丽(),"王风丽,余俊","05106,22188",",",实践环节课程,中文,四平路校区,2024(光电信息科学与工程(应用物理学双学士学位) 58006),0,1,16,"王风丽(05106),余俊(22188) 星期三5-8节 [1-16] 机械南馆附楼210，217-219"
PSE360802,光电信息专业综合实验（上）,4,王风丽(),"王风丽,余俊","05106,22188",",",实践环节课程,中文,四平路校区,2024(光电信息科学与工程 12474),0,1,16,"王风丽(05106),余俊(22188) 星期四5-8节 [1-16] 机械南馆附楼210，217-219"
PSE460401,光电信息专业综合实验（下）,4,王风丽(),"王风丽,余俊","05106,22188",",",实践环节课程,中文,四平路校区,2025(光电信息科学与工程(二学位) 58007),0,1,16,"王风丽(05106),余俊(22188) 星期日5-8节 [1-16] 机械南馆附楼210，217-219"
PSE450701,量子力学前沿荣誉课,2,张建卫(),"张建卫,郭志伟","09135,21124",",",专业选修课,中文,四平路校区,"2023(应用物理学(强基计划) 09005),2023(应用物理学 12464),2023(基础学科拔尖基地(物理学) 58004)",0,1,16,郭志伟(21124) 星期三7-8节 [1-8] 北219 张建卫(09135) 星期三7-8节 [9-16] 北219
PSE330101,人工智能与物理学,2,,严钢,17017,,专业选修课,中文,嘉定校区,2024(微电子科学与工程(应用物理学双学士学位) 10078),0,1,16,严钢(17017) 星期三1-2节 [1-16] 不排教室
PSE330102,人工智能与物理学,2,严钢(),严钢,17017,,专业基础课,中文,四平路校区,"2024(应用物理学(强基计划) 09005),2024(海洋科学(强基计划) 09047),2024(应用物理学 12464),2024(光电信息科学与工程 12474),2024(基础学科拔尖班(海洋) 31005),2024(海洋科学 31006),2024(地球物理学 31024),2024(测绘工程(应用物理学双学士学位) 57001),2024(基础学科拔尖基地(物理学) 58004),2024(光电信息科学与工程(应用物理学双学士学位) 58006),2025(应用物理学(二学位) 58005)",0,1,16,严钢(17017) 星期五7-8节 [1-16] 一教102
,统计理论,5,张建卫(),张建卫,09135,,专业选修课,中文,四平路校区,"2023(应用物理学 12464),2023(基础学科拔尖基地(物理学) 58004)",0,1,16,张建卫(09135) 星期日7-11节 [1-16] 不排教室
航空航天与力学学院,,,,,,,,,,,,,,
,,,,,,,,,,,,,,
CEA290601,工程力学,4,,程军,00053,,领域基础课,中文,四平路校区,2025(卓越计划班（智能网联车辆） 09105),0,1,16,程军(00053) 星期一5-6节 [1-16] 北111 程军(00053) 星期三3-4节 [1-16] 北111
CEA290602,工程力学,4,,赵金峰,16005,,领域基础课,中文,四平路校区,2025(卓越计划班（智能网联车辆） 09105),0,1,16,赵金峰(16005) 星期一5-6节 [1-16] 北109 赵金峰(16005) 星期三3-4节 [1-16] 北109
CEA340102,振动力学,3,,"张舒,徐鉴","15019,98112",",",专业必修课,中文,嘉定校区,"2024(工程力学(强基计划) 09001),2024(工程力学(精英班) 09022),2024(工程力学 45014),2024(基础学科拔尖基地(力学) 45092)",0,1,16,张舒(15019) 星期三9-11节 [2-16] 广楼G308 徐鉴(98112) 星期三9-11节 [1] 广楼G308
CEA340101,振动力学,3,,郭铁丁,25001,,专业必修课,中文,嘉定校区,"2024(商用大飞机校企联合人才培养创新模式实验班 45003),2024(飞行器制造工程 45024)",0,1,16,郭铁丁(25001) 星期三9-11节 [1-16] 广楼G306
CEA350202,塑性力学,2,,万永平,04231,,专业选修课,中文,嘉定校区,"2024(工程力学(强基计划) 09001),2024(工程力学(精英班) 09022),2024(商用大飞机校企联合人才培养创新模式实验班 45003),2024(工程力学 45014),2024(飞行器制造工程 45024),2024(基础学科拔尖基地(力学) 45092)",0,1,16,万永平(04231) 星期二1-2节 [1-16] 安楼A405
CEA260101,材料力学实验,1,,徐冰倩,22139,,专业必修课,中文,四平路校区,"2025(工程管理 01014),2025(飞行器制造工程(精英班) 09021),2025(工程力学(精英班) 09022)",0,4,16,徐冰倩(22139) 星期三5-8节 [4 8 12 16] 四平力学实验中心
CEA260103,材料力学实验,1,,茹东恒,23058,,实践环节课程,中文,嘉定校区,2025(商用大飞机校企联合人才培养创新模式实验班 45003),0,3,15,茹东恒(23058) 星期四5-8节 [3 7 11 15] 嘉定力学实验中心
CEA260102,材料力学实验,1,,赵丹,24141,,实践环节课程,中文,嘉定校区,"2025(工程力学 45014),2025(飞行器制造工程 45024)",0,4,16,赵丹(24141) 星期四5-8节 [4 8 12 16] 嘉定力学实验中心
CEA260104,材料力学实验,1,,赵红晓,14110,,实践环节课程,中文,嘉定校区,2025(基础学科拔尖基地(力学) 45092),0,4,16,赵红晓(14110) 星期一5-8节 [4 8 12 16] 嘉定力学实验中心
CEA231502,航空概论,2,,沈海军,10005,,个性化课程,中文,四平路校区,"2024(生物技术(强基计划) 09003),2025(工程力学(强基计划) 09001),2025(飞行器制造工程(精英班) 09021)",0,1,16,沈海军(10005) 星期一9-10节 [1-16] 南205
CEA231504,航空概论,2,,章中森,24064,,专业基础课,中文,嘉定校区,"2025(工程力学 45014),2025(飞行器制造工程 45024)",0,1,16,章中森(24064) 星期三7-8节 [1-16] 安楼A106
CEA000101,航空概论,2,,沈海军,10005,,科学探索与生命关怀,中文,四平路校区,,0,1,12,沈海军(10005) 星期一7-8节 [1-12] 北119
CEA350402,复合材料力学,3,,杨斌,20027,,专业选修课,中文,嘉定校区,"2024(工程力学(强基计划) 09001),2024(工程力学(精英班) 09022),2024(商用大飞机校企联合人才培养创新模式实验班 45003),2024(工程力学 45014),2024(飞行器制造工程 45024),2024(基础学科拔尖基地(力学) 45092)",0,1,16,杨斌(20027) 星期四9-11节 [1-16] 广楼G107
CEA350403,复合材料力学,3,,杨伟东,20501,null,个性化课程,中文,四平路校区,2024(生物技术(强基计划) 09003),0,1,16,杨伟东(20501) 星期一9-11节 [1-16] 南409
CEA450102,复合材料结构损伤与修复,2,,袁国青,90020,,个性化课程,中文,嘉定校区,"2023(工程力学 45014),2023(飞行器制造工程 45024)",0,1,16,袁国青(90020) 星期一3-4节 [1-16] 博楼B202
CEA340302,复合材料工艺,3,,李文晓,93017,,专业必修课,中文,嘉定校区,"2024(工程力学(强基计划) 09001),2024(商用大飞机校企联合人才培养创新模式实验班 45003),2024(飞行器制造工程 45024),2024(基础学科拔尖基地(力学) 45092)",0,1,16,李文晓(93017) 星期一7-8节 [1-16] 广楼G307 李文晓(93017) 星期三7-8节 [2-16双] 广楼G307
CEA450301,工业装备虚拟仿真技术,2,,杨帆,14039,,专业选修课,中文,嘉定校区,"2023(商用大飞机校企联合人才培养创新模式实验班 45003),2023(工程力学 45014),2023(飞行器制造工程 45024)",0,1,16,杨帆(14039) 星期三3-4节 [1-16] 嘉定机房F214B
CEA450401,CFD分析软件应用,1,,毛歅博,22206,,专业选修课,中文,嘉定校区,"2023(商用大飞机校企联合人才培养创新模式实验班 45003),2023(工程力学 45014),2023(飞行器制造工程 45024)",0,9,16,毛歅博(22206) 星期三5-6节 [9-16] 诚楼C409
CEA440102,复合材料结构设计课程设计,2,,袁国青,90020,,个性化课程,中文,嘉定校区,"2023(商用大飞机校企联合人才培养创新模式实验班 45003),2023(工程力学 45014),2023(飞行器制造工程 45024)",0,1,16,袁国青(90020) 星期一7-8节 [1-16] 广楼G107
CEA450601,现代工程CAE分析,1,,潘永东,91150,,专业选修课,中文,嘉定校区,"2023(商用大飞机校企联合人才培养创新模式实验班 45003),2023(工程力学 45014)",0,1,16,潘永东(91150) 星期四7-7节 [1-16] 诚楼C408A
CEA450701,现代工程CAE分析大作业,1,,潘永东,91150,,专业选修课,中文,嘉定校区,"2023(商用大飞机校企联合人才培养创新模式实验班 45003),2023(工程力学 45014)",0,1,16,潘永东(91150) 星期四8-8节 [1-16] 诚楼C408A
CEA450801,工程结构非线性有限元分析,2,,戴瑛,95008,,专业选修课,中文,嘉定校区,"2023(工程力学(强基计划) 09001),2023(商用大飞机校企联合人才培养创新模式实验班 45003),2023(工程力学 45014),2023(飞行器制造工程 45024),2023(基础学科拔尖基地(力学) 45092)",0,1,16,戴瑛(95008) 星期四3-4节 [1-16] 嘉定机房F214B
CEA001502,超声波检测技术,2,,李立兵,92664,,工程能力与创新思维,中文,嘉定校区,,0,1,12,李立兵(92664) 星期五9-10节 [1-12] 诚楼C412
CEA351401,空气动力学,2,,程泽鹏,25068,助理教授（长聘体系）,专业选修课,中文,嘉定校区,2024(飞行器制造工程 45024),0,1,16,程泽鹏(25068) 星期二1-2节 [1-16] 安楼A314
CEA000502,复合材料机翼、桥梁设计与制备,2,,仲俊杰,21131,,工程能力与创新思维,中文,嘉定校区,,0,1,12,仲俊杰(21131) 星期四9-10节 [1-12] 嘉定校区-华楼415
CEA230801,工程力学A,4,,章文婧,21141,,专业基础课,中文,嘉定校区,2025(建筑电气与智能化 51034),0,1,16,章文婧(21141) 星期一3-4节 [1-16] 诚楼C404 章文婧(21141) 星期二3-4节 [1-16] 诚楼C404
CEA230101,理论力学C,3,,汪婷,23143,,专业基础课,中文,四平路校区,"2025(新能源材料与器件(精英班) 09008),2025(材料科学与工程(精英班) 09009),2025(智能制造工程(精英班) 09028),2025(能源与动力工程(精英班) 09029),2025(建筑环境与能源应用工程(精英班) 09030),2025(车辆工程(汽车精英班) 09048)",0,1,16,汪婷(23143) 星期三9-11节 [1-16] 南407
CEA230102,理论力学C,3,,温建明,99028,,专业基础课,中文,嘉定校区,"2025(车辆工程(汽车) 19027),2025(中德智慧新能源车辆(创新实验区) 19033),2025(机械电子工程 51014),2025(车辆工程 51035)",0,1,16,温建明(99028) 星期三9-11节 [1-16] 安楼A404
CEA230103,理论力学C,3,,张勇,22207,,专业基础课,中文,嘉定校区,"2025(车辆工程(汽车) 19027),2025(中德智慧新能源车辆(创新实验区) 19033),2025(机械电子工程 51014),2025(车辆工程 51035)",0,1,16,张勇(22207) 星期三9-11节 [1-16] 安楼A406
CEA230104,理论力学C,3,,赵胤伯,22229,,专业基础课,中文,嘉定校区,"2025(车辆工程(汽车) 19027),2025(中德智慧新能源车辆(创新实验区) 19033),2025(机械电子工程 51014),2025(车辆工程 51035)",0,1,16,赵胤伯(22229) 星期三9-11节 [1-16] 安楼A410
CEA130201,理论力学B,4,,蒋丰,92023,,专业基础课,中文,四平路校区,"2025(飞行器制造工程(精英班) 09021),2025(工程力学(精英班) 09022),2025(机械设计制造及其自动化(精英班) 09026)",0,1,16,蒋丰(92023) 星期二3-4节 [1-16] 南421 蒋丰(92023) 星期五3-4节 [1-16] 南421
CEA230301,材料力学B,3,,张锴,18018,,专业基础课,中文,四平路校区,"2025(地质工程 03034),2025(地质工程(应用物理学双学士学位) 03077),2025(机械设计制造及其自动化(精英班) 09026),2025(智能制造工程(精英班) 09028),2025(建筑环境与能源应用工程(精英班) 09030),2025(车辆工程(汽车精英班) 09048)",0,1,16,张锴(18018) 星期一9-11节 [1-16] 南208
CEA230302,材料力学B,3,,赵莹,19531,,专业基础课,中文,嘉定校区,"2025(中德机械工程与机器人(创新实验区) 04004),2025(智能制造工程 04009),2025(机械设计制造及其自动化 04034),2025(机械设计制造及其自动化(二学位) 04068)",0,1,16,赵莹(19531) 星期三9-11节 [1-16] 广楼G107
CEA230303,材料力学B,3,,陈思宇,21173,,专业基础课,中文,嘉定校区,"2025(中德机械工程与机器人(创新实验区) 04004),2025(智能制造工程 04009),2025(机械设计制造及其自动化 04034),2025(机械设计制造及其自动化(二学位) 04068)",0,1,16,陈思宇(21173) 星期三9-11节 [1-16] 安楼A308
CEA230401,材料力学A,4,,汤可可,14174,,专业基础课,中文,四平路校区,"2025(飞行器制造工程(精英班) 09021),2025(工程力学(精英班) 09022)",0,1,16,汤可可(14174) 星期一5-6节 [1-16] 南421 汤可可(14174) 星期四7-8节 [1-16] 南421
CEA230402,材料力学A,4,,刘玲,06141,,专业基础课,中文,嘉定校区,"2025(商用大飞机校企联合人才培养创新模式实验班 45003),2025(工程力学 45014),2025(飞行器制造工程 45024),2025(基础学科拔尖基地(力学) 45092)",0,1,16,刘玲(06141) 星期三3-4节 [1-16] 安楼A308 刘玲(06141) 星期五3-4节 [1-16] 安楼A308
CEA231101,流体力学A2,4,,程军,00053,,专业基础课,中文,四平路校区,"2025(建筑环境与能源应用工程 02011),2025(能源与动力工程(精英班) 09029)",0,1,16,程军(00053) 星期一3-4节 [1-16] 北314 程军(00053) 星期三1-2节 [1-16] 北314
CEA231103,流体力学A2,4,,程泽鹏,25068,助理教授（长聘体系）,专业必修课,中文,嘉定校区,"2025(中德机械工程与机器人(创新实验区) 04004),2025(能源与动力工程 04024),2025(能源与动力工程(应用化学双学士学位) 04065)",0,1,16,程泽鹏(25068) 星期二3-4节 [1-16] 博楼B112 程泽鹏(25068) 星期四1-2节 [1-16] 博楼B112
CEA470101,流体力学（水力学）C,2,,冷学远,23104,,个性化课程,中文,嘉定校区,"2023(交通工程 15014),2023(交通工程(数学与应用数学双学士学位) 15025),2025(交通工程(二学位) 15027)",0,1,16,冷学远(23104) 星期二3-4节 [1-16] 济事楼301
CEA260201,流体力学实验,1,,俞永辉,87114,,专业必修课,中文,嘉定校区,2025(中德机械工程与机器人(创新实验区) 04004),0,4,16,俞永辉(87114) 星期一5-8节 [4 8 12 16] 四平力学实验中心
CEA260202,流体力学实验,1,,俞永辉,87114,,实践环节课程,中文,四平路校区,"2025(建筑环境与能源应用工程 02011),2025(能源与动力工程(精英班) 09029)",0,4,16,俞永辉(87114) 星期三5-8节 [4 8 12 16] 四平力学实验中心
CEA260203,流体力学实验,1,,张肖煜,25091,null,实践环节课程,中文,嘉定校区,"2025(能源与动力工程 04024),2025(能源与动力工程(应用化学双学士学位) 04065)",0,4,16,张肖煜(25091) 星期四5-8节 [4 8 12 16] 四平力学实验中心
CEA260204,流体力学实验,1,,张肖煜,25091,null,实践环节课程,中文,嘉定校区,"2025(能源与动力工程 04024),2025(能源与动力工程(应用化学双学士学位) 04065)",0,3,15,张肖煜(25091) 星期四5-8节 [3 7 11 15] 四平力学实验中心
CEA450901,航空维修技术,2,,李立兵,92664,,专业选修课,中文,嘉定校区,"2023(商用大飞机校企联合人才培养创新模式实验班 45003),2023(工程力学 45014),2023(飞行器制造工程 45024)",0,1,16,李立兵(92664) 星期四9-10节 [1-16] 诚楼C412
CEA231901,工程力学II,3,,蒋丰,92023,,专业基础课,中文,四平路校区,"2025(土木工程 03014),2025(土木工程(数学与应用数学双学士学位) 03065),2025(土木工程(法学双学士学位) 03067)",0,1,16,蒋丰(92023) 星期四9-11节 [1-16] 南108
CEA231701,张量分析基础,2,,崔元庆,11065,,专业基础课,中文,四平路校区,"2025(工程力学(强基计划) 09001),2025(工程力学(精英班) 09022)",0,1,16,崔元庆(11065) 星期一7-8节 [1-16] 南408
CEA231704,张量分析基础,2,,崔元庆,11065,,专业基础课,中文,嘉定校区,"2025(商用大飞机校企联合人才培养创新模式实验班 45003),2025(工程力学 45014),2025(飞行器制造工程 45024),2025(基础学科拔尖基地(力学) 45092)",0,1,16,崔元庆(11065) 星期四3-4节 [1-16] 博楼B406
CEA451001,工程疲劳基础,1,,吴昊,11047,,专业选修课,中文,嘉定校区,"2023(工程力学(强基计划) 09001),2023(商用大飞机校企联合人才培养创新模式实验班 45003),2023(工程力学 45014),2023(基础学科拔尖基地(力学) 45092)",0,9,16,吴昊(11047) 星期四5-6节 [9-16] 广楼G107
CEA000402,太极拳中的力学与智慧,2,,潘永东,91150,,科学探索与生命关怀,中文,嘉定校区,,0,1,12,潘永东(91150) 星期四9-10节 [1-12] 诚楼C408A
CEA340402,实验力学,3,,"张伦伟,官威,仓钰","10115,13056,20037",",,",专业必修课,中文,嘉定校区,"2024(工程力学(强基计划) 09001),2024(工程力学(精英班) 09022),2024(商用大飞机校企联合人才培养创新模式实验班 45003),2024(工程力学 45014),2024(飞行器制造工程 45024),2024(基础学科拔尖基地(力学) 45092)",0,1,16,"张伦伟(10115),官威(13056),仓钰(20037) 星期一9-11节 [1-16] 广楼G304"
CEA351701,优化设计,2,,杨帆,14039,,专业选修课,中文,嘉定校区,"2024(工程力学(强基计划) 09001),2024(商用大飞机校企联合人才培养创新模式实验班 45003),2024(工程力学 45014),2024(飞行器制造工程 45024),2024(基础学科拔尖基地(力学) 45092)",0,1,16,杨帆(14039) 星期三5-6节 [1-16] 安楼A408
CEA451102,非线性振动,2,,古华光,11135,,个性化课程,中文,嘉定校区,"2023(工程力学(强基计划) 09001),2023(商用大飞机校企联合人才培养创新模式实验班 45003),2023(工程力学 45014),2023(飞行器制造工程 45024),2023(基础学科拔尖基地(力学) 45092)",0,1,16,古华光(11135) 星期一7-8节 [1-16] 诚楼C410B
CEA451202,多体系统动力学仿真,1,,张锴,18018,,个性化课程,中文,嘉定校区,"2023(商用大飞机校企联合人才培养创新模式实验班 45003),2023(工程力学 45014),2023(飞行器制造工程 45024)",0,1,16,张锴(18018) 星期五5-6节 [1-8] 嘉定机房F214B
CEA351901,塑性成形原理,2,,嵇国金,03056,,专业选修课,中文,嘉定校区,2024(飞行器制造工程 45024),0,1,16,嵇国金(03056) 星期三3-4节 [1-16] 安楼A309
CEA352201,工装模具设计,2,,"刘瑞同,仲俊杰","05053,21131",",",专业选修课,中文,嘉定校区,2024(飞行器制造工程 45024),0,1,16,仲俊杰(21131) 星期四3-4节 [9-16] 诚楼C409 刘瑞同(05053) 星期四3-4节 [1-8] 诚楼C409
CEA451301,计算机辅助几何造型技术,2,,朱延娟,05217,,专业选修课,中文,嘉定校区,2023(飞行器制造工程 45024),0,1,16,朱延娟(05217) 星期四5-6节 [1-16] 广楼G206
CEA352302,飞行器结构力学,2,,张淑杰,04234,,个性化课程,中文,嘉定校区,"2024(工程力学(强基计划) 09001),2024(商用大飞机校企联合人才培养创新模式实验班 45003),2024(工程力学 45014),2024(飞行器制造工程 45024)",0,1,16,张淑杰(04234) 星期三1-2节 [1-16] 博楼B104
CEA451401,机械振动与测试,2,,宋自根,21115,,专业选修课,中文,嘉定校区,"2023(商用大飞机校企联合人才培养创新模式实验班 45003),2023(工程力学 45014),2023(飞行器制造工程 45024)",0,1,16,宋自根(21115) 星期日9-10节 [1-16] 不排教室
CEA451501,功能和智能材料,2,,杨伟东,20501,null,专业选修课,中文,嘉定校区,"2023(商用大飞机校企联合人才培养创新模式实验班 45003),2023(工程力学 45014),2023(飞行器制造工程 45024)",0,1,16,杨伟东(20501) 星期三7-8节 [1-16] 安楼A409
CEA353202,MATLAB应用,2,,李倩,21501,null,个性化课程,中文,嘉定校区,"2024(商用大飞机校企联合人才培养创新模式实验班 45003),2024(工程力学 45014),2024(飞行器制造工程 45024),2024(基础学科拔尖基地(力学) 45092),2025(基础学科拔尖基地(力学) 45092)",0,1,16,李倩(21501) 星期五5-6节 [1-16] 嘉定机房F214A
CEA440201,飞机制造综合性课程设计,2,,朱延娟,05217,,专业选修课,中文,嘉定校区,2023(飞行器制造工程 45024),0,1,16,朱延娟(05217) 星期五3-4节 [1-16] 广楼G206
CEA440302,飞行器结构与强度设计综合实践,2,,刘瑞同,05053,,个性化课程,中文,嘉定校区,"2023(商用大飞机校企联合人才培养创新模式实验班 45003),2023(工程力学 45014),2023(飞行器制造工程 45024)",0,1,16,刘瑞同(05053) 星期二1-2节 [1-16] 安楼A107
CEA230201,理论力学II,2,,陈永霖,24166,,专业基础课,中文,四平路校区,2025(建筑环境与能源应用工程 02011),0,1,16,陈永霖(24166) 星期二3-4节 [1-16] 南405
CEA230202,理论力学II,2,,宋自根,21115,,专业基础课,中文,嘉定校区,"2025(能源与动力工程 04024),2025(机械设计制造及其自动化 04034),2025(能源与动力工程(应用化学双学士学位) 04065),2025(机械设计制造及其自动化(二学位) 04068)",0,1,16,宋自根(21115) 星期三3-4节 [1-16] 安楼A321
CEA230203,理论力学II,2,,王华宁,03169,,专业基础课,中文,嘉定校区,"2025(工程力学 45014),2025(飞行器制造工程 45024)",0,1,16,王华宁(03169) 星期二3-4节 [1-16] 诚楼C403
CEA230204,理论力学II,2,,陈无凡,22215,,专业基础课,中文,嘉定校区,"2025(能源与动力工程 04024),2025(机械设计制造及其自动化 04034),2025(能源与动力工程(应用化学双学士学位) 04065),2025(机械设计制造及其自动化(二学位) 04068)",0,1,16,陈无凡(22215) 星期三3-4节 [1-16] 安楼A323
CEA353401,工程力学专业英语阅读,2,,吴艾辉,07212,,专业选修课,中文,嘉定校区,"2024(工程力学(强基计划) 09001),2024(商用大飞机校企联合人才培养创新模式实验班 45003),2024(工程力学 45014),2024(基础学科拔尖基地(力学) 45092)",0,1,16,吴艾辉(07212) 星期一5-6节 [1-16] 博楼B213
CEA460201,毕业设计1,4,,张伦伟,10115,,实践环节课程,中文,嘉定校区,2023(工程力学 45014),0,1,16,张伦伟(10115) 星期六1-4节 [1-16] 广楼G206
CEA340802,流体力学B1,3,,陈硕,07191,,专业必修课,中文,嘉定校区,"2024(工程力学(强基计划) 09001),2024(工程力学(精英班) 09022),2024(商用大飞机校企联合人才培养创新模式实验班 45003),2024(工程力学 45014),2024(飞行器制造工程 45024),2024(基础学科拔尖基地(力学) 45092)",0,1,16,陈硕(07191) 星期三7-8节 [1-15单] 广楼G209 陈硕(07191) 星期五9-10节 [1-16] 广楼G209
CEA451802,飞机可靠性与安全性设计,2,,张振,21508,null,个性化课程,中文,嘉定校区,"2023(商用大飞机校企联合人才培养创新模式实验班 45003),2023(工程力学 45014),2023(飞行器制造工程 45024)",0,1,16,张振(21508) 星期一5-6节 [1-16] 安楼A305
CEA440401,飞行器总体与系统课程设计,2,,李军,93663,,专业选修课,中文,嘉定校区,2023(商用大飞机校企联合人才培养创新模式实验班 45003),0,1,16,李军(93663) 星期四7-8节 [1-16] 诚楼C412
CEA353802,弹性力学专题,2,,崔元庆,11065,,专业选修课,中文,嘉定校区,"2024(工程力学(强基计划) 09001),2024(工程力学(精英班) 09022),2024(商用大飞机校企联合人才培养创新模式实验班 45003),2024(工程力学 45014),2024(飞行器制造工程 45024),2024(基础学科拔尖基地(力学) 45092)",0,1,16,崔元庆(11065) 星期四1-2节 [1-16] 博楼B402
CEA230901,工程力学（Z2）,2,,温建明,99028,,专业基础课,中文,四平路校区,2025(智能建造 03005),0,1,16,温建明(99028) 星期三3-4节 [1-16] 南321
CEA001002,结构轻量化与复合材料,2,,涂昊昀,17007,,工程能力与创新思维,中文,嘉定校区,,0,1,12,涂昊昀(17007) 星期三9-10节 [1-12] 安楼A202
CEA230501,材料力学,2,,章文婧,21141,,专业基础课,中文,嘉定校区,"2025(新能源材料与器件 08003),2025(材料科学与工程 08014),2025(材料科学与工程(先进材料蕴元班) 08016)",0,1,16,章文婧(21141) 星期一5-6节 [1-16] 广楼G108
CEA001102,绿色结构与选材,2,,仓钰,20037,,工程能力与创新思维,中文,嘉定校区,,0,1,12,仓钰(20037) 星期一5-6节 [1-12] 博楼B202
CEA354401,绿色航空,2,,于涛,11070,,专业选修课,中文,嘉定校区,"2024(商用大飞机校企联合人才培养创新模式实验班 45003),2024(飞行器制造工程 45024)",0,1,16,于涛(11070) 星期一9-10节 [1-16] 安楼A105
CEA452002,材料的力学性能,2,,傅宇,22505,null,个性化课程,中文,嘉定校区,"2023(商用大飞机校企联合人才培养创新模式实验班 45003),2023(工程力学 45014),2023(飞行器制造工程 45024)",0,1,16,傅宇(22505) 星期二3-4节 [1-16] 安楼A405
CEA000602,认识复合材料,2,,李倩,21501,null,工程能力与创新思维,中文,嘉定校区,,0,1,12,李倩(21501) 星期三9-10节 [1-12] 安楼A114
CEA001401,力学与工程,2,,赵红晓,14110,,工程能力与创新思维,中文,四平路校区,,0,1,12,赵红晓(14110) 星期三7-8节 [1-12] 北218
CEA001402,力学与工程,2,,赵红晓,14110,,工程能力与创新思维,中文,嘉定校区,,0,1,12,赵红晓(14110) 星期四5-6节 [1-12] 博楼B115
CEA370301,航空物理与材料,2,,于涛,11070,,个性化课程,中文,四平路校区,2024(生物技术(强基计划) 09003),0,1,16,于涛(11070) 星期一3-4节 [1-16] 南308
CEA250301,*科研实践（二）(学科竞赛)（上）,1,,仲俊杰,21131,,专业选修课,中文,嘉定校区,"2025(商用大飞机校企联合人才培养创新模式实验班 45003),2025(飞行器制造工程 45024)",0,1,16,仲俊杰(21131) 星期四1-2节 [9-16] 诚楼C401
CEA250302,*科研实践（二）(学科竞赛)（上）,1,,仲俊杰,21131,,个性化课程,中文,四平路校区,2025(工程力学(强基计划) 09001),0,1,8,仲俊杰(21131) 星期四5-6节 [1-8] 南408
CEA360601,科研实践（三）(交叉学科平台课题)（上）,2,,刘宁,21019,,实践环节课程,中文,嘉定校区,2024(工程力学(强基计划) 09001),0,1,16,刘宁(21019) 星期三3-4节 [1-16] 诚楼C402
CEA230601,材料力学（上）,4,,简晓彬,24072,,专业基础课,中文,四平路校区,2025(工程力学(强基计划) 09001),0,1,16,简晓彬(24072) 星期一5-6节 [1-16] 南408 简晓彬(24072) 星期二1-2节 [1-16] 南408
CEA354002,人工智能典型算法及应用,2,,赵云妹,21026,,专业选修课,中文,嘉定校区,"2024(工程力学(强基计划) 09001),2024(工程力学(精英班) 09022),2024(商用大飞机校企联合人才培养创新模式实验班 45003),2024(工程力学 45014),2024(飞行器制造工程 45024),2024(基础学科拔尖基地(力学) 45092)",0,1,16,赵云妹(21026) 星期二3-4节 [1-16] 安楼A409
CEA460301,航空宇航科学实验,1,,李倩,21501,null,实践环节课程,中文,嘉定校区,"2023(商用大飞机校企联合人才培养创新模式实验班 45003),2023(飞行器制造工程 45024)",0,1,16,李倩(21501) 星期三5-6节 [1-8] 博楼B106
CEA354201,黏弹性力学,2,,汪婷,23143,,专业选修课,中文,嘉定校区,2024(工程力学 45014),0,1,16,汪婷(23143) 星期四3-4节 [1-16] 安楼A112
CEA354301,各向异性弹性力学,2,,聂国隽,04100,,专业选修课,中文,嘉定校区,2024(工程力学 45014),0,1,16,聂国隽(04100) 星期三3-4节 [1-16] 安楼A112
CEA231001,工程力学I,5,,邓亚洁,22143,,专业基础课,中文,四平路校区,"2025(交通工程(精英班) 09036),2025(交通运输(精英班) 09037),2025(车辆工程(精英班) 09040),2025(地质工程(精英班) 09043)",0,1,16,邓亚洁(22143) 星期一5-6节 [1-16] 南407 邓亚洁(22143) 星期三3-4节 [1-16] 南407 邓亚洁(22143) 星期四5-6节 [1-15单] 南407
CEA231002,工程力学I,5,,程军,00053,,专业基础课,中文,嘉定校区,"2025(交通运输 15024),2025(交通工程(数学与应用数学双学士学位) 15025),2025(车辆工程 43002)",0,1,16,程军(00053) 星期二1-2节 [1-16] 安楼A408 程军(00053) 星期四3-4节 [1-16] 安楼A408 程军(00053) 星期五5-6节 [1-15单] 安楼A408
CEA231003,工程力学I,5,,程军,00053,,专业基础课,中文,嘉定校区,2025(交通工程 15014),0,1,16,程军(00053) 星期二3-4节 [1-16] 安楼A408 程军(00053) 星期四1-2节 [1-16] 安楼A408 程军(00053) 星期五3-4节 [1-15单] 安楼A408
CEA341001,大飞机科学与技术,1,,"赵剑,贺鹏飞","18007,93233",",",专业必修课,中文,嘉定校区,2024(商用大飞机校企联合人才培养创新模式实验班 45003),0,1,16,赵剑(18007) 星期四9-10节 [3-8] 安楼A407 贺鹏飞(93233) 星期四9-10节 [1-2] 安楼A407
CEA231801,数理方程,2,,"周跃亭,赵金峰","13159,16005",",",公共基础课,中文,四平路校区,"2025(工程力学(强基计划) 09001),2025(工程力学(精英班) 09022)",0,1,16,周跃亭(13159) 星期三9-10节 [10] 南405 赵金峰(16005) 星期三9-10节 [1-9 11-16] 南405
CEA231803,数理方程,2,,"周跃亭,赵金峰","13159,16005",",",专业基础课,中文,嘉定校区,"2025(商用大飞机校企联合人才培养创新模式实验班 45003),2025(工程力学 45014),2025(基础学科拔尖基地(力学) 45092)",0,1,16,赵金峰(16005) 星期五7-8节 [10] 博楼B110 周跃亭(13159) 星期五7-8节 [1-9 11-16] 博楼B110
CEA470201,国际学期,0,,赵胤伯,22229,,个性化课程,中文,嘉定校区,2023(基础学科拔尖基地(力学) 45092),0,1,16,赵胤伯(22229) 星期日9-10节 [1-8] 学院安排
CEA001601,航空与航天,2,,艾剑良,2400163,null,工程能力与创新思维,中文,四平路校区,,0,1,16,艾剑良(2400163) 星期五3-4节 [1-16] 复旦大学邯郸校区【9:55～11:35，第一周自2026年9月7日始】
CEA250502,宇航概论,2,,张淑杰,04234,,个性化课程,中文,嘉定校区,"2025(商用大飞机校企联合人才培养创新模式实验班 45003),2025(工程力学 45014),2025(飞行器制造工程 45024)",0,1,16,张淑杰(04234) 星期三9-10节 [1-16] 博楼B402
CEA440501,力学工程问题,2,,赵莹,19531,,专业必修课,中文,嘉定校区,2023(基础学科拔尖基地(力学) 45092),0,1,13,赵莹(19531) 星期三3-4节 [1-13] 博楼B202
CEA000802,电镜检测技术,2,,涂昊昀,17007,,工程能力与创新思维,中文,嘉定校区,,0,1,12,涂昊昀(17007) 星期四9-10节 [1-12] 安楼A402
CEA002202,德国交流学习,2,,涂昊昀,17007,,社会发展与国际视野,中文,嘉定校区,,0,1,12,涂昊昀(17007) 星期日9-10节 [1-12] 广楼G306
CEA232001,力学原理 I,5,,汤可可,14174,,领域基础课,中文,四平路校区,"2025(未来技术班(智慧空间) 09050),2025(未来技术班(机器人) 09051),2025(未来技术班(智能网联车辆) 09052),2025(未来技术班(工程互联网) 09053)",0,1,16,汤可可(14174) 星期二3-4节 [1-16] 南205 汤可可(14174) 星期四3-4节 [1-16] 南205 汤可可(14174) 星期五1-2节 [1-8] 南205
CEA170101,国际学期（模块一）,1,,赵胤伯,22229,,个性化课程,中文,嘉定校区,2023(基础学科拔尖基地(力学) 45092),0,1,16,赵胤伯(22229) 星期一1-2节 [1-8] 学院安排
CEA170201,国际学期（模块二）,1,,赵胤伯,22229,,个性化课程,中文,嘉定校区,2023(基础学科拔尖基地(力学) 45092),0,1,16,赵胤伯(22229) 星期二1-2节 [9-16] 学院安排
CEA170301,国际学期（模块三）,1,,赵胤伯,22229,,个性化课程,中文,嘉定校区,2023(基础学科拔尖基地(力学) 45092),0,1,16,赵胤伯(22229) 星期三1-2节 [1-8] 学院安排
CEA170401,国际学期（模块四）,1,,赵胤伯,22229,,个性化课程,中文,嘉定校区,2023(基础学科拔尖基地(力学) 45092),0,1,16,赵胤伯(22229) 星期四1-2节 [9-16] 学院安排
CEA170501,国际学期（模块五）,1,,赵胤伯,22229,,个性化课程,中文,嘉定校区,2023(基础学科拔尖基地(力学) 45092),0,1,16,赵胤伯(22229) 星期五1-2节 [1-8] 学院安排
CEA354501,认知飞行,2,,"刘天一,简晓彬","18602,24072",",助理教授（长聘体系）",专业选修课,中文,嘉定校区,2024(商用大飞机校企联合人才培养创新模式实验班 45003),0,1,16,刘天一(18602) 星期三5-6节 [5-16] 博楼B104 简晓彬(24072) 星期三5-6节 [1-4] 博楼B104
CEA290101,力学原理（英）,3,,王本劲,20011,,领域基础课,英语,四平路校区,2025(卓越计划班（智慧空间） 09102),0,1,16,王本劲(20011) 星期一9-11节 [1-16] 北410
CEA290102,力学原理（英）,3,,闫晓,24165,,领域基础课,英语,四平路校区,2025(卓越计划班（智慧空间） 09102),0,1,16,闫晓(24165) 星期一9-11节 [1-16] 北420
CEA290201,力学原理A,4,,付昆昆,18505,,领域基础课,中文,四平路校区,2025(卓越计划班（机器人） 09104),0,1,16,付昆昆(18505) 星期三3-4节 [1-16] 北107 付昆昆(18505) 星期五3-4节 [1-16] 北107
CEA290202,力学原理A,4,,"王莉华,赵云妹","10022,21026",",",领域基础课,中文,四平路校区,2025(卓越计划班（机器人） 09104),0,1,16,王莉华(10022) 星期三3-4节 [1-8] 北112 赵云妹(21026) 星期三3-4节 [9-16] 北112 赵云妹(21026) 星期五3-4节 [9-16] 北112 王莉华(10022) 星期五3-4节 [1-8] 北112
艺术与传媒学院,,,,,,,,,,,,,,
,,,,,,,,,,,,,,
CAM240102,新闻学概论,2,,张昱辰,20157,,专业必修课,中文,嘉定校区,"2023(广播电视学 18034),2025(传播学 60001)",0,1,16,张昱辰(20157) 星期三7-8节 [1-16] 博楼B211
CAM132101,非线性编辑,2,,任玲玲,99081,,专业必修课,中文,嘉定校区,2025(传播学 60001),0,1,16,任玲玲(99081) 星期二3-4节 [1-16] 惟新馆106
CAM132201,视听语言,2,,梅楠,17049,,专业特色模块,中文,四平路校区,2025(数智人文拔尖班 11060),0,1,16,梅楠(17049) 星期五3-4节 [1-16] 南416
CAM132202,视听语言,2,,梅楠,17049,,专业必修课,中文,嘉定校区,2025(传播学 60001),0,1,16,梅楠(17049) 星期四7-8节 [1-16] 诚楼C410B
CAM242101,媒介经营与管理,2,,"王智丽,金英伟","21054,21168",",",专业必修课,中文,嘉定校区,"2025(广播电视编导 18024),2025(广播电视编导(二学位) 60004)",0,1,16,金英伟(21168) 星期四9-10节 [9-16] 诚楼C404 王智丽(21054) 星期四9-10节 [1-8] 诚楼C404
CAM250201,摄影基础,2,,薛航,93137,,专业选修课,中文,嘉定校区,2025(传播学 60001),0,1,16,薛航(93137) 星期五1-2节 [1-16] 诚楼C410B
CAM352101,播音与主持艺术,2,,于智毅,13124,,专业选修课,中文,嘉定校区,"2024(广播电视编导 18024),2024(传播学 60001),2025(传播学(二学位) 60007)",0,1,16,于智毅(13124) 星期五3-4节 [1-16] 博楼B110
CAM244102,动画美术设计,4,,"赵文梁,冯俊熙","07197,97742",",",专业必修课,中文,嘉定校区,"2023(广播电视学 18034),2025(动画 18044),2025(传播学(二学位) 60007)",0,1,16,"赵文梁(07197),冯俊熙(97742) 星期三1-4节 [1-16] 惟新馆110、108"
CAM350201,网络广告设计,2,,赵勇智,04019,,专业选修课,中文,嘉定校区,"2024(传播学 60001),2025(传播学(二学位) 60007)",0,1,16,赵勇智(04019) 星期四3-4节 [1-16] 安楼A209
CAM232101,计算机图文设计,2,,方红峰,08102,,专业基础课,中文,嘉定校区,2025(广播电视编导 18024),0,1,16,方红峰(08102) 星期一1-2节 [1-16] 惟新馆106
CAM000201,创新思维,2,,赵勇智,04019,,工程能力与创新思维,中文,四平路校区,,0,1,12,赵勇智(04019) 星期三9-10节 [1-12] 南217
CAM000202,创新思维,2,,赵勇智,04019,,工程能力与创新思维,中文,嘉定校区,,0,1,16,赵勇智(04019) 星期四9-10节 [1-12] 博楼B104
CAM350301,广告摄影,4,,薛航,93137,,专业选修课,中文,嘉定校区,"2024(传播学 60001),2025(传播学(二学位) 60007)",0,1,16,薛航(93137) 星期五5-8节 [1-16] 惟新馆B10
CAM350401,广告媒介计划,2,,梅明丽,08101,,专业选修课,中文,嘉定校区,"2024(传播学 60001),2025(传播学(二学位) 60007)",0,1,16,梅明丽(08101) 星期二1-2节 [1-16] 安楼A112
CAM450101,广告心理学,2,,陈静茜,23106,,专业选修课,中文,嘉定校区,2023(广播电视学 18034),0,1,16,陈静茜(23106) 星期三9-10节 [1-16] 安楼A108
CAM344101,动画导演,2,,张军,2100542,null,专业必修课,中文,嘉定校区,2024(动画 18044),0,1,16,张军(2100542) 星期三5-8节 [2-16双] 诚楼C403
CAM234101,动画运动规律,4,,赵文梁,07197,,专业基础课,中文,嘉定校区,2025(动画 18044),0,1,16,赵文梁(07197) 星期一1-4节 [1-16] 惟新馆110
CAM340101,国际传播与对外报道,2,,"张玉,Liwen Zhang","07124,24113",",",专业必修课,中文,嘉定校区,"2024(传播学 60001),2025(传播学(二学位) 60007)",0,1,16,"张玉(07124),Liwen Zhang(24113) 星期三5-6节 [1-16] 博楼B217"
CAM350501,中外广告史,2,,张艳,20120,,专业选修课,中文,嘉定校区,"2024(传播学 60001),2025(传播学(二学位) 60007)",0,1,16,张艳(20120) 星期四7-8节 [1-16] 博楼B113
CAM350601,数字化营销传播,2,,张艳,20120,,专业选修课,中文,嘉定校区,"2024(传播学 60001),2025(传播学(二学位) 60007)",0,1,16,张艳(20120) 星期四1-2节 [1-16] 博楼B113
CAM251501,影视表演,2,,于智毅,13124,,专业选修课,中文,嘉定校区,2025(广播电视编导 18024),0,1,16,于智毅(13124) 星期五1-2节 [1-16] 惟新馆B23
CAM232201,中外电影史,2,,庄沐杨,24013,,专业基础课,中文,四平路校区,2025(表演 44014),0,1,16,庄沐杨(24013) 星期二1-2节 [1-16] 三教601
CAM232301,影视编剧,2,,海力洪,11069,,专业基础课,中文,嘉定校区,"2025(广播电视编导 18024),2025(广播电视编导(二学位) 60004)",0,1,16,海力洪(11069) 星期四7-8节 [1-16] 诚楼C404
CAM252401,电视节目写作,2,,王冬冬,10038,,专业选修课,中文,嘉定校区,2025(广播电视编导 18024),0,1,16,王冬冬(10038) 星期三3-4节 [1-16] 惟新馆B26
CAM252601,电视采访学,2,,盛柏,16026,,专业选修课,中文,嘉定校区,2025(广播电视编导 18024),0,1,16,盛柏(16026) 星期二3-4节 [1-16] 惟新馆苹果机房
CAM352201,纪实节目创作,6,,王冬冬,10038,,专业选修课,中文,嘉定校区,"2024(广播电视编导 18024),2025(广播电视编导(二学位) 60004)",0,1,16,王冬冬(10038) 星期一5-8节 [1-12] 惟新馆B26 王冬冬(10038) 星期三7-10节 [1-12] 惟新馆B26
CAM352202,纪实节目创作,6,,"贾恺,黎小锋","03108,07076",",",专业选修课,中文,嘉定校区,"2024(广播电视编导 18024),2025(广播电视编导(二学位) 60004)",0,1,16,黎小锋(07076) 星期一3-8节 [1-8] 惟新馆B24 贾恺(03108) 星期一3-8节 [9-16] 惟新馆B24
CAM352203,纪实节目创作,6,,盛柏,16026,,专业选修课,中文,嘉定校区,"2024(传播学 60001),2025(传播学(二学位) 60007)",0,1,16,盛柏(16026) 星期一1-4节 [1-12] 惟新馆苹果机房124 盛柏(16026) 星期三1-4节 [1-12] 惟新馆苹果机房124
CAM352301,剧情片创作,6,,赵起,08129,,专业选修课,中文,嘉定校区,"2024(广播电视编导 18024),2025(广播电视编导(二学位) 60004)",0,1,16,赵起(08129) 星期四1-6节 [1-16] 惟新馆B25
CAM244301,三维动画1,4,,"金云水,刘芸","13141,20083",",",专业必修课,中文,嘉定校区,2025(动画 18044),0,1,16,金云水(13141) 星期四5-8节 [1-8 11-16] 惟新馆110 刘芸(20083) 星期四5-8节 [9-10] 惟新馆110
CAM246101,台词3,4,,饶丹云,08107,,专业必修课,中文,四平路校区,"2025(表演 44014),2025(表演(二学位) 60003)",0,1,16,饶丹云(08107) 星期一1-4节 [1-16] 三教521
CAM246102,台词3,4,,于智毅,13124,,专业选修课,中文,四平路校区,"2025(表演 44014),2025(表演(二学位) 60003)",0,1,16,于智毅(13124) 星期一1-4节 [1-16] 三教516
CAM336201,表演概论,2,,王芳,22174,,专业基础课,中文,四平路校区,"2024(表演 44014),2025(表演(二学位) 60003)",0,1,16,王芳(22174) 星期五5-6节 [1-16] 三教515
CAM336301,声乐,2,,赵翎雅,20079,,专业基础课,中文,四平路校区,2024(表演 44014),0,1,16,赵翎雅(20079) 星期四7-8节 [1-16] 三教516
CAM356201,东、西方戏剧流派,2,,钱正,10118,,专业选修课,中文,四平路校区,2024(表演 44014),0,1,16,钱正(10118) 星期日7-8节 [1-16] 不排教室
CAM236101,发声1,2,,赵翎雅,20079,,专业基础课,中文,四平路校区,2025(表演 44014),0,1,16,赵翎雅(20079) 星期四9-10节 [1-16] 三教516
CAM256102,舞台技术与管理,2,董逸(讲师),董逸,08164,,专业选修课,中文,四平路校区,"2025(表演 44014),2025(音乐表演 48014)",0,1,16,董逸(08164) 星期五5-6节 [1-16] 三联剧场-小剧场
CAM456101,表演大师研究,2,,钱正,10118,,专业选修课,中文,四平路校区,2023(表演 44014),0,1,16,钱正(10118) 星期日5-6节 [1-16] 不排教室
CAM257601,视唱练耳3,4,,卡得丽娅·库尔班,20165,,专业选修课,中文,四平路校区,2025(音乐表演 48014),0,1,16,卡得丽娅·库尔班(20165) 星期一5-6节 [1-16] 三教602 卡得丽娅·库尔班(20165) 星期三5-6节 [1-16] 三教602
CAM247601,独唱3,2,,李巍,14212,,专业必修课,中文,四平路校区,2025(音乐表演 48014),0,1,16,李巍(14212) 星期三3-3节 [1-16] 三教613 李巍(14212) 星期四7-7节 [1-16] 三教613
CAM247602,独唱3,2,,李巍,14212,,专业必修课,中文,四平路校区,2025(音乐表演 48014),0,1,16,李巍(14212) 星期三7-7节 [1-16] 三教613 李巍(14212) 星期四4-4节 [1-16] 三教613
CAM247603,独唱3,2,,李巍,14212,,专业必修课,中文,四平路校区,2025(音乐表演 48014),0,1,16,李巍(14212) 星期三8-8节 [1-16] 三教613 李巍(14212) 星期四3-3节 [1-16] 三教613
CAM247604,独唱3,2,,王伊达,13093,,专业必修课,中文,四平路校区,2025(音乐表演 48014),0,1,16,王伊达(13093) 星期三3-3节 [1-16] 三教623 王伊达(13093) 星期四7-7节 [1-16] 三教623
CAM247605,独唱3,2,,王伊达,13093,,专业必修课,中文,四平路校区,2025(音乐表演 48014),0,1,16,王伊达(13093) 星期三4-4节 [1-16] 三教623 王伊达(13093) 星期四6-6节 [1-16] 三教623
CAM247606,独唱3,2,,文翔浩,2400904,null,专业必修课,中文,四平路校区,2025(音乐表演 48014),0,1,16,文翔浩(2400904) 星期四5-5节 [1-16] 周四三教621，周五三教623 文翔浩(2400904) 星期五4-4节 [1-16] 周四三教621，周五三教623
CAM247607,独唱3,2,,文翔浩,2400904,null,专业必修课,中文,四平路校区,2025(音乐表演 48014),0,1,16,文翔浩(2400904) 星期四6-6节 [1-16] 周四三教621，周五三教623 文翔浩(2400904) 星期五3-3节 [1-16] 周四三教621，周五三教623
CAM247608,独唱3,2,,XIAOHONGWANG,1400691,null,专业必修课,中文,四平路校区,2025(音乐表演 48014),0,1,16,XIAOHONGWANG(1400691) 星期三2-2节 [1-16] 三教621 XIAOHONGWANG(1400691) 星期五1-1节 [1-16] 三教621
CAM247609,独唱3,2,,XIAOHONGWANG,1400691,null,专业必修课,中文,四平路校区,2025(音乐表演 48014),0,1,16,XIAOHONGWANG(1400691) 星期三3-3节 [1-16] 三教621 XIAOHONGWANG(1400691) 星期五4-4节 [1-16] 三教621
CAM247610,独唱3,2,,严静怡,2100570,null,专业必修课,中文,四平路校区,2025(音乐表演 48014),0,1,16,严静怡(2100570) 星期三3-3节 [1-16] 周三三教611，周五三教625 严静怡(2100570) 星期五4-4节 [1-16] 周三三教611，周五三教625
CAM347601,独唱5,2,,李巍,14212,,专业必修课,中文,四平路校区,2024(音乐表演 48014),0,1,16,李巍(14212) 星期三5-5节 [1-16] 三教613 李巍(14212) 星期四6-6节 [1-16] 三教613
CAM347602,独唱5,2,,严静怡,2100570,null,专业必修课,中文,四平路校区,2025(音乐表演(二学位) 60002),0,1,16,严静怡(2100570) 星期三6-6节 [1-16] 周三三教611，周五三教625 严静怡(2100570) 星期五6-6节 [1-16] 周三三教611，周五三教625
CAM347603,独唱5,2,,李巍,14212,,专业必修课,中文,四平路校区,2024(音乐表演 48014),0,1,16,李巍(14212) 星期三6-6节 [1-16] 三教613 李巍(14212) 星期四5-5节 [1-16] 三教613
CAM347604,独唱5,2,,王伊达,13093,,专业必修课,中文,四平路校区,2024(音乐表演 48014),0,1,16,王伊达(13093) 星期三5-5节 [1-16] 三教623 王伊达(13093) 星期四3-3节 [1-16] 三教623
CAM347605,独唱5,2,,王伊达,13093,,专业必修课,中文,四平路校区,2024(音乐表演 48014),0,1,16,王伊达(13093) 星期三6-6节 [1-16] 三教623 王伊达(13093) 星期四4-4节 [1-16] 三教623
CAM347606,独唱5,2,,王伊达,13093,,专业必修课,中文,四平路校区,2024(音乐表演 48014),0,1,16,王伊达(13093) 星期四1-2节 [1-16] 三教623
CAM347607,独唱5,2,,文翔浩,2400904,null,专业必修课,中文,四平路校区,2024(音乐表演 48014),0,1,16,文翔浩(2400904) 星期四3-3节 [1-16] 周四三教621，周五三教623 文翔浩(2400904) 星期五1-1节 [1-16] 周四三教621，周五三教623
CAM347608,独唱5,2,,文翔浩,2400904,null,专业必修课,中文,四平路校区,2024(音乐表演 48014),0,1,16,文翔浩(2400904) 星期四4-4节 [1-16] 周四三教621，周五三教623 文翔浩(2400904) 星期五2-2节 [1-16] 周四三教621，周五三教623
CAM347609,独唱5,2,,XIAOHONGWANG,1400691,null,专业必修课,中文,四平路校区,2024(音乐表演 48014),0,1,16,XIAOHONGWANG(1400691) 星期三5-5节 [1-16] 三教621 XIAOHONGWANG(1400691) 星期五3-3节 [1-16] 三教621
CAM347610,独唱5,2,,XIAOHONGWANG,1400691,null,专业必修课,中文,四平路校区,2024(音乐表演 48014),0,1,16,XIAOHONGWANG(1400691) 星期三6-6节 [1-16] 三教621 XIAOHONGWANG(1400691) 星期五2-2节 [1-16] 三教621
CAM347611,独唱5,2,,严静怡,2100570,null,专业必修课,中文,四平路校区,2024(音乐表演 48014),0,1,16,严静怡(2100570) 星期三4-4节 [1-16] 周三三教611，周五三教625 严静怡(2100570) 星期五3-3节 [1-16] 周三三教611，周五三教625
CAM347612,独唱5,2,,严静怡,2100570,null,专业必修课,中文,四平路校区,2024(音乐表演 48014),0,1,16,严静怡(2100570) 星期三5-5节 [1-16] 周三三教611，周五三教625 严静怡(2100570) 星期五7-7节 [1-16] 周三三教611，周五三教625
CAM337601,曲式1,2,,姜蕾,25126,,专业基础课,中文,四平路校区,"2024(音乐表演 48014),2025(音乐表演(二学位) 60002)",0,1,16,姜蕾(25126) 星期二3-4节 [1-16] 三教604
CAM005101,中外器乐作品欣赏,2,陈佳(讲师),陈佳,11074,,人文经典与审美素养,中文,四平路校区,,0,1,12,陈佳(11074) 星期三9-10节 [1-12] 三教601
CAM347801,重唱1,2,,王伊达,13093,,专业必修课,中文,四平路校区,"2024(音乐表演 48014),2025(音乐表演(二学位) 60002)",0,1,16,王伊达(13093) 星期一5-6节 [1-16] 三教625
CAM247801,钢琴3,1,,张弛,01111,,专业必修课,中文,四平路校区,2025(音乐表演 48014),0,1,16,张弛(01111) 星期四4-4节 [1-16] 三教617
CAM247802,钢琴3,1,,齐欢,08001,,专业必修课,中文,四平路校区,2025(音乐表演 48014),0,1,16,齐欢(08001) 星期四10-10节 [1-16] 三教619
CAM005201,钢琴艺术,2,瞿辛佳(讲师),瞿辛佳,10030,,人文经典与审美素养,中文,四平路校区,,0,1,12,瞿辛佳(10030) 星期三7-8节 [1-12] 三教601
CAM337801,中国音乐史1,2,,秦川,08093,,专业基础课,中文,四平路校区,"2024(音乐表演 48014),2025(音乐表演(二学位) 60002)",0,1,16,秦川(08093) 星期一1-2节 [1-16] 三教602
CAM237701,西方音乐史1,2,,郭怡然,20161,,专业基础课,中文,四平路校区,2025(音乐表演 48014),0,1,16,郭怡然(20161) 星期一9-10节 [1-16] 三教604
CAM237901,和声2,2,,郭怡然,20161,,专业基础课,中文,四平路校区,2025(音乐表演 48014),0,1,16,郭怡然(20161) 星期二1-2节 [1-16] 三教604
CAM156201,艺术概论1,2,庄沐杨(助理教授（长聘体系）),"张艳,庄沐杨","20120,24013",",",专业选修课,中文,四平路校区,2023(音乐表演 48014),0,1,16,庄沐杨(24013) 星期二3-4节 [1-8] 三教601 张艳(20120) 星期二3-4节 [9-16] 三教601
,艺术概论2,2,,秦川,08093,,专业选修课,中文,四平路校区,2023(音乐表演 48014),0,1,16,秦川(08093) 星期日7-8节 [1-16] 不排教室
CAM357601,钢琴艺术史1,2,,秦川,08093,,专业选修课,中文,四平路校区,"2024(音乐表演 48014),2025(音乐表演(二学位) 60002)",0,1,16,秦川(08093) 星期一3-4节 [1-16] 三教602
CAM457601,20世纪音乐2,2,,郭怡然,20161,,专业选修课,中文,四平路校区,2023(音乐表演 48014),0,1,16,郭怡然(20161) 星期一7-8节 [1-16] 三教604
CAM467701,毕业音乐会,0,,"张弛,房慧,齐欢,王夕岚,隋歆,瞿辛佳,沈婷,陈佳,朱洋,王伊达,李巍,苗昊,庄媛,文翔浩,张晓音","01111,05226,08001,09142,09143,10030,11073,11074,11092,13093,14212,2100569,22164,2400904,24131",",,,,,,,,,,,null,,null,",实践环节课程,中文,四平路校区,"2023(音乐表演 48014),2025(音乐表演(二学位) 60002)",0,1,16,"张弛(01111),房慧(05226),齐欢(08001),王夕岚(09142),隋歆(09143),瞿辛佳(10030),沈婷(11073),陈佳(11074),朱洋(11092),王伊达(13093),李巍(14212),苗昊(2100569),庄媛(22164),文翔浩(2400904),张晓音(24131) 星期日1-2节 [1-16] 学院安排"
CAM001401,钢琴演奏,2,,张弛,01111,,人文经典与审美素养,中文,四平路校区,,0,1,12,张弛(01111) 星期三5-6节 [1-12] 三教601
CAM001501,音乐艺术概论,2,秦川(副教授),秦川,08093,,人文经典与审美素养,中文,四平路校区,,0,1,12,秦川(08093) 星期日7-8节 [1-12] 三教601
CAM001502,音乐艺术概论,2,秦川(副教授),秦川,08093,,人文经典与审美素养,中文,嘉定校区,,0,1,12,秦川(08093) 星期一7-8节 [1-12] 广楼G101
CAM248001,钢琴独奏3,2,,秦川,08093,,专业必修课,中文,四平路校区,2025(音乐表演 48014),0,1,16,秦川(08093) 星期日3-4节 [1-16] 三教625
CAM248002,钢琴独奏3,2,,张弛,01111,,专业必修课,中文,四平路校区,2025(音乐表演 48014),0,1,16,张弛(01111) 星期三3-4节 [1-16] 三教617
CAM248003,钢琴独奏3,2,,张弛,01111,,专业必修课,中文,四平路校区,2025(音乐表演 48014),0,1,16,张弛(01111) 星期三7-8节 [1-16] 三教617
CAM248004,钢琴独奏3,2,,王夕岚,09142,,专业必修课,中文,四平路校区,2025(音乐表演 48014),0,1,16,王夕岚(09142) 星期三3-4节 [1-16] 三教615
CAM248005,钢琴独奏3,2,,隋歆,09143,,专业必修课,中文,四平路校区,2025(音乐表演 48014),0,1,16,隋歆(09143) 星期三3-4节 [1-16] 三教619
CAM248006,钢琴独奏3,2,,齐欢,08001,,专业必修课,中文,四平路校区,2025(音乐表演 48014),0,1,16,齐欢(08001) 星期四3-4节 [1-16] 三教619
CAM248007,钢琴独奏3,2,,齐欢,08001,,专业必修课,中文,四平路校区,2025(音乐表演 48014),0,1,16,齐欢(08001) 星期四7-8节 [1-16] 三教619
CAM348001,钢琴独奏5,2,,王夕岚,09142,,专业必修课,中文,四平路校区,2024(音乐表演 48014),0,1,16,王夕岚(09142) 星期三5-6节 [1-16] 三教615
CAM348002,钢琴独奏5,2,,王夕岚,09142,,专业必修课,中文,四平路校区,2025(音乐表演(二学位) 60002),0,1,16,王夕岚(09142) 星期三7-8节 [1-16] 三教615
CAM348003,钢琴独奏5,2,,齐欢,08001,,专业必修课,中文,四平路校区,2024(音乐表演 48014),0,1,16,齐欢(08001) 星期四5-6节 [1-16] 三教619
CAM348004,钢琴独奏5,2,,齐欢,08001,,专业必修课,中文,四平路校区,2024(音乐表演 48014),0,1,16,齐欢(08001) 星期五1-2节 [1-16] 三教615
CAM348005,钢琴独奏5,2,,隋歆,09143,,专业必修课,中文,四平路校区,2024(音乐表演 48014),0,1,16,隋歆(09143) 星期三5-6节 [1-16] 三教619
CAM348006,钢琴独奏5,2,,秦川,08093,,专业必修课,中文,四平路校区,"2024(音乐表演 48014),2025(音乐表演(二学位) 60002)",0,1,16,秦川(08093) 星期日5-6节 [1-16] 三教625
CAM248201,器乐独奏3,2,,苗昊,2100569,null,专业必修课,中文,四平路校区,2025(音乐表演 48014),0,1,16,苗昊(2100569) 星期三3-4节 [1-16] 三教603
CAM248202,器乐独奏3,2,,苗昊,2100569,null,专业必修课,中文,四平路校区,2025(音乐表演 48014),0,1,16,苗昊(2100569) 星期三7-8节 [1-16] 三教611
CAM248203,器乐独奏3,2,,沈婷,11073,,专业必修课,中文,四平路校区,2025(音乐表演 48014),0,1,16,沈婷(11073) 星期三7-8节 [1-16] 三教607
CAM248204,器乐独奏3,2,,沈婷,11073,,专业必修课,中文,四平路校区,2025(音乐表演 48014),0,1,16,沈婷(11073) 星期三3-4节 [1-16] 三教607
CAM248205,器乐独奏3,2,,张晓音,24131,,专业必修课,中文,四平路校区,2025(音乐表演 48014),0,1,16,张晓音(24131) 星期三7-8节 [1-16] 三教605
CAM248206,器乐独奏3,2,,陈佳,11074,,专业必修课,中文,四平路校区,2025(音乐表演 48014),0,1,16,陈佳(11074) 星期四3-4节 [1-16] 三教603
CAM248207,器乐独奏3,2,,李勤,1905210,null,专业必修课,中文,四平路校区,2025(音乐表演 48014),0,1,16,李勤(1905210) 星期四3-4节 [1-16] 三教611
CAM248208,器乐独奏3,2,,李勤,1905210,null,专业必修课,中文,四平路校区,2025(音乐表演 48014),0,1,16,李勤(1905210) 星期四7-8节 [1-16] 三教611
CAM248209,器乐独奏3,2,,陶真乐,2400088,null,专业必修课,中文,四平路校区,2025(音乐表演 48014),0,1,16,陶真乐(2400088) 星期五1-2节 [1-16] 三联剧场-排练厅
CAM248210,器乐独奏3,2,,陶真乐,2400088,null,专业必修课,中文,四平路校区,2025(音乐表演 48014),0,1,16,陶真乐(2400088) 星期五3-4节 [1-16] 三联剧场-排练厅
CAM248211,器乐独奏3,2,,孙铭红,1300177,null,专业必修课,中文,四平路校区,2025(音乐表演 48014),0,1,16,孙铭红(1300177) 星期五7-8节 [1-16] 三教603
CAM248212,器乐独奏3,2,,李德钦,2100540,null,专业必修课,中文,四平路校区,2025(音乐表演 48014),0,1,16,李德钦(2100540) 星期六1-2节 [1-16] 三教603
CAM348201,器乐独奏5,2,,苗昊,2100569,null,专业必修课,中文,四平路校区,2024(音乐表演 48014),0,1,16,苗昊(2100569) 星期三5-6节 [1-16] 三教603
CAM348202,器乐独奏5,2,,沈婷,11073,,专业必修课,中文,四平路校区,2024(音乐表演 48014),0,1,16,沈婷(11073) 星期三5-6节 [1-16] 三教607
CAM348203,器乐独奏5,2,,张晓音,24131,,专业必修课,中文,四平路校区,2024(音乐表演 48014),0,1,16,张晓音(24131) 星期三5-6节 [1-16] 三教605
CAM348204,器乐独奏5,2,,陈佳,11074,,专业必修课,中文,四平路校区,2024(音乐表演 48014),0,1,16,陈佳(11074) 星期四1-2节 [1-16] 三教603
CAM348205,器乐独奏5,2,,张瑗芮,2200525,null,专业必修课,中文,四平路校区,2024(音乐表演 48014),0,1,16,张瑗芮(2200525) 星期四3-4节 [1-16] 三教607
CAM348206,器乐独奏5,2,,沈婷,11073,,专业必修课,中文,四平路校区,2024(音乐表演 48014),0,1,16,沈婷(11073) 星期四9-10节 [1-16] 三教607
CAM348207,器乐独奏5,2,,李勤,1905210,null,专业必修课,中文,四平路校区,2024(音乐表演 48014),0,1,16,李勤(1905210) 星期四1-2节 [1-16] 三教611
CAM348208,器乐独奏5,2,,李勤,1905210,null,专业必修课,中文,四平路校区,2024(音乐表演 48014),0,1,16,李勤(1905210) 星期四5-6节 [1-16] 三教611
CAM348209,器乐独奏5,2,,孙潇,2400087,null,专业必修课,中文,四平路校区,2024(音乐表演 48014),0,1,16,孙潇(2400087) 星期四7-8节 [1-16] 三联剧场-排练厅
CAM348210,器乐独奏5,2,,孙铭红,1300177,null,专业必修课,中文,四平路校区,2024(音乐表演 48014),0,1,16,孙铭红(1300177) 星期五9-10节 [1-16] 三教603
CAM348211,器乐独奏5,2,,胡克非,2100572,null,专业必修课,中文,四平路校区,2024(音乐表演 48014),0,1,16,胡克非(2100572) 星期六1-2节 [1-16] 三教605
CAM001601,大学美育,1,,李麟学,96028,,人文经典与审美素养,中文,四平路校区,,0,1,16,李麟学(96028) 星期六3-4节 [1-15单] 线上教室
CAM001602,大学美育,1,,王建民,13107,,人文经典与审美素养,中文,嘉定校区,,0,1,16,王建民(13107) 星期六3-4节 [1-15单] 线上教室
CAM001603,大学美育,1,,王鑫,21075,,人文经典与审美素养,中文,四平路校区,,0,1,16,王鑫(21075) 星期六7-8节 [1-15单] 线上教室
CAM001604,大学美育,1,,张弛,01111,,人文经典与审美素养,中文,四平路校区,,0,1,16,张弛(01111) 星期日1-2节 [1-15单] 线上教室
CAM001605,大学美育,1,,李蕊,21067,,人文经典与审美素养,中文,四平路校区,,0,1,16,李蕊(21067) 星期日3-4节 [1-15单] 线上教室
CAM464101,毕业作品指导与检查,0,,"廖莎莎,王建民,由芳,金云水,刘芸,陈书焕,马绪峰,张建永,薛航,冯俊熙","07198,13107,13108,13141,20083,21056,24193,92668,93137,97742",",,,,,,,,,",实践环节课程,中文,嘉定校区,2023(动画 18044),0,1,16,"廖莎莎(07198),王建民(13107),由芳(13108),金云水(13141),刘芸(20083),陈书焕(21056),马绪峰(24193),张建永(92668),薛航(93137),冯俊熙(97742) 星期六7-8节 [1-16] 不排教室"
CAM452101,电影理论专题,2,,庄沐杨,24013,,专业选修课,中文,嘉定校区,"2023(广播电视编导 18024),2025(广播电视编导(二学位) 60004)",0,1,16,庄沐杨(24013) 星期三5-6节 [1-16] 博楼B103
CAM262201,影片观摩与研究,0,,赵起,08129,,实践环节课程,中文,嘉定校区,2025(广播电视编导(二学位) 60004),0,1,16,赵起(08129) 星期六7-8节 [1-16] 学院安排
CAM462101,毕业实习,0,,王冬冬,10038,,实践环节课程,中文,嘉定校区,2023(广播电视编导 18024),0,1,16,王冬冬(10038) 星期五3-4节 [1-16] 学院安排
CAM462201,毕业调研,0,,王冬冬,10038,,实践环节课程,中文,嘉定校区,2023(广播电视编导 18024),0,1,16,王冬冬(10038) 星期五1-2节 [1-16] 学院安排
CAM240301,中外新闻史,2,,韩亚辉,03113,,专业必修课,中文,嘉定校区,2025(传播学 60001),0,1,16,韩亚辉(03113) 星期四5-6节 [1-16] 安楼A409
CAM340201,媒介学导论,2,,王颖吉,19048,,专业必修课,中文,嘉定校区,2024(传播学 60001),0,1,16,王颖吉(19048) 星期四5-6节 [1-16] 安楼A109
CAM350801,媒介考古学,2,,"张艳,陈静茜","20120,23106",",",专业选修课,中文,嘉定校区,"2024(传播学 60001),2025(传播学(二学位) 60007)",0,1,16,张艳(20120) 星期四9-10节 [2-7] 博楼B113 陈静茜(23106) 星期四9-10节 [1 8-16] 博楼B113
CAM450201,消费者行为与整合营销,2,,梅明丽,08101,,专业选修课,中文,嘉定校区,2023(广播电视学 18034),0,1,16,梅明丽(08101) 星期二3-4节 [1-16] 安楼A209
CAM450301,广告效果与数据分析,2,,梅明丽,08101,,专业选修课,中文,嘉定校区,2023(广播电视学 18034),0,1,16,梅明丽(08101) 星期六3-4节 [1-16] 不排教室
CAM457701,教育管理学,2,,秦川,08093,,专业选修课,中文,四平路校区,2023(音乐表演 48014),0,1,16,秦川(08093) 星期日5-6节 [1-16] 不排教室
CAM457801,教育心理学,2,,秦川,08093,,专业选修课,中文,四平路校区,2023(音乐表演 48014),0,1,16,秦川(08093) 星期日9-10节 [1-16] 不排教室
CAM457901,音乐文献阅读与写作,2,,郭怡然,20161,,专业选修课,中文,四平路校区,2023(音乐表演 48014),0,1,16,郭怡然(20161) 星期一5-6节 [1-16] 三教604
CAM001701,短片创意,2,,蔡涛,02041,,人文经典与审美素养,中文,四平路校区,,0,1,12,蔡涛(02041) 星期四7-8节 [1-12] 南207
CAM001801,艺术歌曲中的诗与歌,2,,王伊达,13093,,人文经典与审美素养,中文,四平路校区,,0,1,12,王伊达(13093) 星期四9-10节 [1-12] 南316
CAM240801,中外传播史,2,,"李凌燕,孟筱筱","16024,23007",",",专业必修课,中文,嘉定校区,2025(传播学 60001),0,1,16,李凌燕(16024) 星期三3-4节 [1-2] 诚楼C403 孟筱筱(23007) 星期三3-4节 [3-16] 诚楼C403
CAM354301,智能媒体创作,2,,王建民,13107,,专业选修课,中文,嘉定校区,2024(传播学 60001),0,1,16,王建民(13107) 星期六9-10节 [1-16] 不排教室
CAM356401,戏剧制作,4,,钱正,10118,,专业选修课,中文,四平路校区,2024(表演 44014),0,1,16,钱正(10118) 星期日1-4节 [1-16] 不排教室
CAM358001,管弦乐演奏基本法,2,,陈佳,11074,,专业选修课,中文,四平路校区,2024(音乐表演 48014),0,1,16,陈佳(11074) 星期三7-8节 [1-16] 三教603
CAM244401,动画剧作与分镜,4,,廖莎莎,07198,,专业必修课,中文,嘉定校区,"2025(动画 18044),2025(动画(二学位) 60005)",0,1,16,廖莎莎(07198) 星期五1-4节 [1-16] 惟新馆B26
CAM005001,算法与社会,2,赵龙轩(助理教授（长聘体系）),"赵龙轩,Liwen Zhang","24034,24113",",",社会发展与国际视野,中文,四平路校区,,0,1,12,赵龙轩(24034) 星期四9-10节 [1-11] 南215 Liwen Zhang(24113) 星期四9-10节 [12] 南215
CAM005002,算法与社会,2,赵龙轩(助理教授（长聘体系）),"赵龙轩,Liwen Zhang","24034,24113",",",社会发展与国际视野,中文,嘉定校区,,0,1,16,"赵龙轩(24034),Liwen Zhang(24113) 星期三7-8节 [1-12] 博楼B213"
CAM002301,管弦乐合奏（基础）,2,卡得丽娅·库尔班(讲师),卡得丽娅·库尔班,20165,,人文经典与审美素养,中文,四平路校区,,0,1,12,卡得丽娅·库尔班(20165) 星期三9-10节 [1-12] 三联剧场-排练厅
CAM358101,艺术歌曲1,2,,王伊达,13093,,专业选修课,中文,四平路校区,"2024(音乐表演 48014),2025(音乐表演(二学位) 60002)",0,1,16,王伊达(13093) 星期一7-8节 [1-16] 三教625
CAM002502,动画名片鉴赏,2,,杨晓林,10074,,人文经典与审美素养,中文,嘉定校区,,0,1,12,杨晓林(10074) 星期三9-10节 [1-12] 惟新馆小影院
CAM002602,电影名片鉴赏,2,,杨晓林,10074,,人文经典与审美素养,中文,嘉定校区,,0,1,12,杨晓林(10074) 星期三7-8节 [1-12] 惟新馆小影院
CAM367601,钢琴独奏教学研讨3,2,,齐欢,08001,,实践环节课程,中文,四平路校区,"2024(音乐表演 48014),2025(音乐表演(二学位) 60002)",0,1,16,齐欢(08001) 星期六5-6节 [1-16] 学院安排
CAM240902,受众心理与文化创意,2,,李凌燕,16024,,专业必修课,中文,嘉定校区,"2025(动画 18044),2025(传播学 60001)",0,1,16,李凌燕(16024) 星期一3-4节 [1-16] 博楼B103
CAM232401,影视剪辑,2,,贾恺,03108,,专业基础课,中文,嘉定校区,2025(广播电视编导 18024),0,2,16,贾恺(03108) 星期三5-8节 [2-16双] 诚楼C402
CAM352601,纪录电影分析,2,,黎小锋,07076,,专业选修课,中文,嘉定校区,"2024(广播电视编导 18024),2025(广播电视编导(二学位) 60004)",0,2,16,黎小锋(07076) 星期五5-8节 [2-16双] 惟新馆B26
CAM340302,传播学研究方法,2,,"徐翔,陈青文","13173,14862",",",专业必修课,中文,嘉定校区,"2023(广播电视学 18034),2024(传播学 60001),2025(传播学(二学位) 60007)",0,1,16,陈青文(14862) 星期三7-8节 [3-9] 安楼A309 徐翔(13173) 星期三7-8节 [1-2 10-16] 安楼A309
CAM248401,双钢琴演奏1,2,,张弛,01111,,专业必修课,中文,四平路校区,2025(音乐表演 48014),0,1,16,张弛(01111) 星期三1-2节 [1-16] 三教617
CAM354501,视觉传达设计,2,,鲁普及,05153,,专业选修课,中文,嘉定校区,"2024(动画 18044),2024(传播学 60001)",0,1,16,鲁普及(05153) 星期一3-4节 [1-16] 安楼A202
CAM354601,视频短片创意与制作,4,,蔡涛,02041,,专业选修课,中文,嘉定校区,2024(动画 18044),0,1,16,蔡涛(02041) 星期五5-8节 [1-16] 惟新馆106
,绘画实践,2,,张建永,92668,,人文经典与审美素养,中文,嘉定校区,,0,1,12,张建永(92668) 星期一9-10节 [1-12] 惟新馆107
CAM005301,中国艺术歌曲名作赏析,2,房慧(讲师),房慧,05226,,人文经典与审美素养,中文,四平路校区,,0,1,12,房慧(05226) 星期四7-8节 [1-12] 三教601
CAM003001,沟通艺术,2,,"汪靖,魏亮,于智毅","03110,09132,13124",",,",人文经典与审美素养,中文,四平路校区,,0,1,12,汪靖(03110) 星期四9-10节 [8-10] 南315 于智毅(13124) 星期四9-10节 [4-7] 南315 魏亮(09132) 星期四9-10节 [1-3 11-12] 南315
CAM344301,艺术创作与竞赛辅导,2,,"廖莎莎,金云水","07198,13141",",",专业必修课,中文,嘉定校区,2024(动画 18044),0,1,16,"廖莎莎(07198),金云水(13141) 星期五9-10节 [1-16] 学院安排"
CAM354701,综合材料艺术创作,4,,冯俊熙,97742,,专业选修课,中文,嘉定校区,2023(广播电视学 18034),0,1,16,冯俊熙(97742) 星期四5-8节 [1-16] 惟新馆108
CAM250701,新媒体素养,2,,陈青文,14862,,专业选修课,中文,嘉定校区,2025(传播学 60001),0,1,16,陈青文(14862) 星期日7-8节 [1-16] 广楼G108
CAM232502,摄像,2,,朱骏,88111,,专业必修课,中文,嘉定校区,"2025(广播电视编导 18024),2025(传播学 60001)",0,1,16,朱骏(88111) 星期五3-4节 [1-16] 惟新馆B23
CAM241002,传播学基础,2,,"张昱辰,王鑫,孟筱筱","20157,21075,23007",",,",专业特色模块,中文,四平路校区,2025(数智人文拔尖班 11060),0,1,16,"张昱辰(20157),王鑫(21075),孟筱筱(23007) 星期四7-8节 [1-16] 南412"
CAM241003,传播学基础,2,,"张昱辰,王鑫,孟筱筱","20157,21075,23007",",,",专业必修课,中文,嘉定校区,"2024(广播电视编导 18024),2025(传播学 60001)",0,1,16,孟筱筱(23007) 星期三5-6节 [5-10] 博楼B117 张昱辰(20157) 星期三5-6节 [3-4 11-13] 博楼B117 王鑫(21075) 星期三5-6节 [1-2 14-16] 博楼B117
CAM250801,媒介文化专题,2,,柳珊,02076,,专业选修课,中文,嘉定校区,"2024(传播学 60001),2025(传播学 60001),2025(传播学(二学位) 60007)",0,1,16,柳珊(02076) 星期二1-2节 [1-16] 博楼B111
CAM241102,新闻采访与写作,2,,王智丽,21054,,专业必修课,中文,嘉定校区,"2023(广播电视学 18034),2025(传播学 60001)",0,1,16,王智丽(21054) 星期四1-2节 [1-16] 安楼A109
CAM351001,融合媒体报道,4,,卞清,07139,,专业选修课,中文,嘉定校区,"2024(传播学 60001),2025(传播学(二学位) 60007)",0,1,16,卞清(07139) 星期五5-8节 [1-16] 惟新馆苹果机房124
CAM248501,钢琴室内乐1,2,,隋歆,09143,,专业必修课,中文,四平路校区,2025(音乐表演 48014),0,1,16,隋歆(09143) 星期四5-6节 [1-16] 三教615
CAM348401,钢琴室内乐3,2,,隋歆,09143,,专业必修课,中文,四平路校区,"2024(音乐表演 48014),2025(音乐表演(二学位) 60002)",0,1,16,隋歆(09143) 星期四7-8节 [1-16] 三教615
CAM248701,器乐室内乐1,2,,沈婷,11073,,专业必修课,中文,四平路校区,2025(音乐表演 48014),0,1,16,沈婷(11073) 星期四5-6节 [1-16] 三教607
CAM248702,器乐室内乐1,2,,陈佳,11074,,专业必修课,中文,四平路校区,2025(音乐表演 48014),0,1,16,陈佳(11074) 星期四7-8节 [1-16] 三教603
CAM248703,器乐室内乐1,2,,张晓音,24131,,专业必修课,中文,四平路校区,2025(音乐表演 48014),0,1,16,张晓音(24131) 星期四7-8节 [1-16] 三教605
CAM248704,器乐室内乐1,2,,陶真乐,2400088,null,专业必修课,中文,四平路校区,2025(音乐表演 48014),0,1,16,陶真乐(2400088) 星期五7-8节 [1-16] 三联剧场-排练厅
CAM348601,器乐室内乐3,2,,陈佳,11074,,专业必修课,中文,四平路校区,"2024(音乐表演 48014),2025(音乐表演(二学位) 60002)",0,1,16,陈佳(11074) 星期四5-6节 [1-16] 三教603
CAM348602,器乐室内乐3,2,,沈婷,11073,,专业必修课,中文,四平路校区,2024(音乐表演 48014),0,1,16,沈婷(11073) 星期四7-8节 [1-16] 三教607
CAM348603,器乐室内乐3,2,,张晓音,24131,,专业必修课,中文,四平路校区,2024(音乐表演 48014),0,1,16,张晓音(24131) 星期四5-6节 [1-16] 三教605
CAM249001,声乐艺术指导3,1,,房慧,05226,,专业必修课,中文,四平路校区,2025(音乐表演 48014),0,1,16,房慧(05226) 星期三3-3节 [1-16] 三教625
CAM249002,声乐艺术指导3,1,,房慧,05226,,专业必修课,中文,四平路校区,2025(音乐表演 48014),0,1,16,房慧(05226) 星期三4-4节 [1-16] 三教625
CAM249003,声乐艺术指导3,1,,庄媛,22164,,专业必修课,中文,四平路校区,2025(音乐表演 48014),0,1,16,庄媛(22164) 星期三4-4节 [1-16] 三教606
CAM249004,声乐艺术指导3,1,,瞿辛佳,10030,,专业必修课,中文,四平路校区,2025(音乐表演 48014),0,1,16,瞿辛佳(10030) 星期四6-6节 [1-16] 三教609
CAM249005,声乐艺术指导3,1,,瞿辛佳,10030,,专业必修课,中文,四平路校区,2025(音乐表演 48014),0,1,16,瞿辛佳(10030) 星期四5-5节 [1-16] 三教609
CAM348801,声乐艺术指导5,1,,房慧,05226,,专业必修课,中文,四平路校区,2024(音乐表演 48014),0,1,16,房慧(05226) 星期四5-5节 [1-16] 三教625
CAM348803,声乐艺术指导5,1,,房慧,05226,,专业必修课,中文,四平路校区,2024(音乐表演 48014),0,1,16,房慧(05226) 星期四6-6节 [1-16] 三教625
CAM348804,声乐艺术指导5,1,,庄媛,22164,,专业必修课,中文,四平路校区,"2024(音乐表演 48014),2025(音乐表演(二学位) 60002)",0,1,16,庄媛(22164) 星期三5-5节 [1-16] 三教606
CAM348805,声乐艺术指导5,1,,庄媛,22164,,专业必修课,中文,四平路校区,2024(音乐表演 48014),0,1,16,庄媛(22164) 星期三8-8节 [1-16] 三教606
CAM348806,声乐艺术指导5,1,,庄媛,22164,,专业必修课,中文,四平路校区,2024(音乐表演 48014),0,1,16,庄媛(22164) 星期三7-7节 [1-16] 三教606
CAM348807,声乐艺术指导5,1,,瞿辛佳,10030,,专业必修课,中文,四平路校区,2024(音乐表演 48014),0,1,16,瞿辛佳(10030) 星期四7-7节 [1-16] 三教609
CAM249201,器乐艺术指导3,1,,庄媛,22164,,专业必修课,中文,四平路校区,2025(音乐表演 48014),0,1,16,庄媛(22164) 星期五8-8节 [1-16] 三教606
CAM249202,器乐艺术指导3,1,,庄媛,22164,,专业必修课,中文,四平路校区,2025(音乐表演 48014),0,1,16,庄媛(22164) 星期四7-7节 [1-16] 三教606
CAM249203,器乐艺术指导3,1,,庄媛,22164,,专业必修课,中文,四平路校区,2025(音乐表演 48014),0,1,16,庄媛(22164) 星期四8-8节 [1-16] 三教606
CAM249204,器乐艺术指导3,1,,庄媛,22164,,专业必修课,中文,四平路校区,2025(音乐表演 48014),0,1,16,庄媛(22164) 星期五9-9节 [1-16] 三联剧场-排练厅
CAM249205,器乐艺术指导3,1,,王清漪,1905004,null,专业必修课,中文,四平路校区,2025(音乐表演 48014),0,1,16,王清漪(1905004) 星期三8-8节 [1-16] 三教609
CAM249206,器乐艺术指导3,1,,王清漪,1905004,null,专业必修课,中文,四平路校区,2025(音乐表演 48014),0,1,16,王清漪(1905004) 星期三7-7节 [1-16] 三教609
CAM249207,器乐艺术指导3,1,,王清漪,1905004,null,专业必修课,中文,四平路校区,2025(音乐表演 48014),0,1,16,王清漪(1905004) 星期四9-9节 [1-16] 三教609
CAM349001,器乐艺术指导5,1,,庄媛,22164,,专业必修课,中文,四平路校区,"2024(音乐表演 48014),2025(音乐表演(二学位) 60002)",0,1,16,庄媛(22164) 星期四5-5节 [1-16] 三教606
CAM349002,器乐艺术指导5,1,,庄媛,22164,,专业必修课,中文,四平路校区,2024(音乐表演 48014),0,1,16,庄媛(22164) 星期五7-7节 [1-16] 三教606
CAM349003,器乐艺术指导5,1,,庄媛,22164,,专业必修课,中文,四平路校区,2024(音乐表演 48014),0,1,16,庄媛(22164) 星期四9-9节 [1-16] 三联剧场-排练厅
CAM349004,器乐艺术指导5,1,,王清漪,1905004,null,专业必修课,中文,四平路校区,"2024(音乐表演 48014),2025(音乐表演(二学位) 60002)",0,1,16,王清漪(1905004) 星期三9-9节 [1-16] 三教609
CAM349005,器乐艺术指导5,1,,王清漪,1905004,null,专业必修课,中文,四平路校区,2024(音乐表演 48014),0,1,16,王清漪(1905004) 星期三10-10节 [1-16] 三教609
CAM349006,器乐艺术指导5,1,,王清漪,1905004,null,专业必修课,中文,四平路校区,2024(音乐表演 48014),0,1,16,王清漪(1905004) 星期三5-5节 [1-16] 三教609
CAM349007,器乐艺术指导5,1,,王清漪,1905004,null,专业必修课,中文,四平路校区,2024(音乐表演 48014),0,1,16,王清漪(1905004) 星期三6-6节 [1-16] 三教609
CAM367801,声乐剧目研讨3,2,,朱洋,11092,,实践环节课程,中文,四平路校区,"2024(音乐表演 48014),2025(音乐表演(二学位) 60002)",0,1,16,朱洋(11092) 星期日7-8节 [1-16] 学院安排
CAM467801,声乐剧目研讨5,2,,王伊达,13093,,实践环节课程,中文,四平路校区,2023(音乐表演 48014),0,1,16,王伊达(13093) 星期日3-4节 [1-16] 学院安排
CAM249401,伴奏艺术1,1,,王夕岚,09142,,专业必修课,中文,四平路校区,2025(音乐表演 48014),0,1,16,王夕岚(09142) 星期四9-9节 [1-16] 三教617
CAM349201,伴奏艺术3,1,,王夕岚,09142,,专业必修课,中文,四平路校区,"2024(音乐表演 48014),2025(音乐表演(二学位) 60002)",0,1,16,王夕岚(09142) 星期四10-10节 [1-16] 三教617
CAM466201,毕业实习（表演）,0,,王芳,22174,,实践环节课程,中文,四平路校区,2023(表演 44014),0,1,8,王芳(22174) 星期五1-2节 [1-8] 学院安排
CAM368301,乐队合奏3,2,,"沈婷,卡得丽娅·库尔班","11073,20165",",",实践环节课程,中文,四平路校区,"2024(音乐表演 48014),2025(音乐表演(二学位) 60002)",0,1,16,"沈婷(11073),卡得丽娅·库尔班(20165) 星期日7-8节 [1-16] 学院安排"
CAM467901,乐队合奏5,2,,卡得丽娅·库尔班,20165,,实践环节课程,中文,四平路校区,2023(音乐表演 48014),0,1,16,卡得丽娅·库尔班(20165) 星期日3-4节 [1-16] 学院安排
CAM246401,形体训练3,4,,魏亮,09132,,专业必修课,中文,四平路校区,"2025(表演 44014),2025(表演(二学位) 60003)",0,1,16,魏亮(09132) 星期二3-4节 [1-16] 三联剧场-舞蹈房 魏亮(09132) 星期四3-4节 [1-16] 三联剧场-舞蹈房
CAM468001,钢琴独奏教学研讨5,2,,齐欢,08001,,实践环节课程,中文,四平路校区,2023(音乐表演 48014),0,1,16,齐欢(08001) 星期六7-8节 [1-16] 学院安排
CAM356701,影视表演,4,,魏亮,09132,,专业选修课,中文,四平路校区,"2024(表演 44014),2025(表演(二学位) 60003)",0,1,16,魏亮(09132) 星期三5-8节 [1-16] 三联剧场-小剧场
CAM356801,电影导演,4,,盛柏,16026,,专业选修课,中文,四平路校区,2024(表演 44014),0,1,16,盛柏(16026) 星期五1-4节 [1-16] 三教518
CAM156501,身体表达,2,,魏亮,09132,,个性化课程,中文,四平路校区,2025(音乐表演 48014),0,1,16,魏亮(09132) 星期四1-2节 [1-16] 三联剧场-舞蹈房
CAM244902,交互设计,2,,王建民,13107,,专业必修课,中文,嘉定校区,"2025(动画 18044),2025(动画(二学位) 60005),2025(传播学(二学位) 60007)",0,1,16,王建民(13107) 星期三7-8节 [1-16] 惟新馆B24
CAM253001,灯光,2,,杨晓林,10074,,专业选修课,中文,嘉定校区,2025(广播电视编导 18024),0,1,16,杨晓林(10074) 星期三1-2节 [1-16] 惟新馆B23
,毕业实习,0,,梅明丽,08101,,实践环节课程,中文,嘉定校区,2023(广播电视学 18034),0,1,16,梅明丽(08101) 星期五1-2节 [1-16] 学院安排
,毕业调研,0,,梅明丽,08101,,实践环节课程,中文,嘉定校区,2023(广播电视学 18034),0,1,16,梅明丽(08101) 星期六1-2节 [1-16] 学院安排
CAM249601,合唱1,2,,朱洋,11092,,专业必修课,中文,四平路校区,2025(音乐表演 48014),0,1,16,朱洋(11092) 星期日9-10节 [1-16] 三教625
CAM246601,表演片段训练 1,6,,董逸,08164,,专业必修课,中文,四平路校区,"2025(表演 44014),2025(表演(二学位) 60003)",0,1,16,董逸(08164) 星期三5-8节 [1-16] 三教513 董逸(08164) 星期五3-4节 [1-16] 三教513
CAM246602,表演片段训练 1,6,,王芳,22174,,专业必修课,中文,四平路校区,"2025(表演 44014),2025(表演(二学位) 60003)",0,1,16,王芳(22174) 星期三5-8节 [1-16] 三教517 王芳(22174) 星期五3-4节 [1-16] 三教517
CAM003401,古琴演奏法基础,2,,"倪诗韵,倪羽朦","1700508,1700509","null,null",人文经典与审美素养,中文,四平路校区,,0,1,12,"倪诗韵(1700508),倪羽朦(1700509) 星期一7-8节 [1-12] 三教322"
,声乐作品演唱与赏析,2,,王伊达,13093,,人文经典与审美素养,中文,四平路校区,,0,1,12,王伊达(13093) 星期三7-8节 [1-12] 三教604
CAM003601,流行音乐概述,2,瞿辛佳(讲师),瞿辛佳,10030,,人文经典与审美素养,中文,四平路校区,,0,1,12,瞿辛佳(10030) 星期四9-10节 [1-12] 三教601
CAM003602,流行音乐概述,2,瞿辛佳(讲师),瞿辛佳,10030,,人文经典与审美素养,中文,嘉定校区,,0,1,12,瞿辛佳(10030) 星期一7-8节 [1-12] 惟新馆小影院
CAM004002,传播学实证研究方法,2,,陈静茜,23106,,专业选修课,中文,嘉定校区,"2024(传播学 60001),2025(传播学(二学位) 60007)",0,1,12,陈静茜(23106) 星期三3-4节 [1-12] 安楼A109
CAM004101,京剧赏析,2,戴国良(),戴国良,2500016,null,人文经典与审美素养,中文,四平路校区,,0,1,12,戴国良(2500016) 星期日9-10节 [1-12] 衷和楼1606
CAM004501,京昆表演,2,郑爽(),"郑爽,戴国良","2500015,2500016","null,null",人文经典与审美素养,中文,四平路校区,,0,1,12,"郑爽(2500015),戴国良(2500016) 星期日7-8节 [1-12] 博物馆二楼闻道堂"
CAM004601,昆曲赏析,2,郑爽(),郑爽,2500015,null,人文经典与审美素养,中文,四平路校区,,0,1,12,郑爽(2500015) 星期日9-10节 [1-12] 博物馆二楼闻道堂
CAM354901,产品视觉动画设计,4,,厉嘉臣,25102,null,专业选修课,中文,嘉定校区,"2024(动画 18044),2025(动画(二学位) 60005),2025(传播学(二学位) 60007)",0,1,16,厉嘉臣(25102) 星期六5-8节 [1-16] 不排教室
CAM355101,高级渲染,2,,金云水,13141,,专业选修课,中文,嘉定校区,"2024(动画 18044),2025(动画(二学位) 60005)",0,1,16,金云水(13141) 星期四1-2节 [1-16] 惟新馆110
CAM355401,插画艺术,2,,张建永,92668,,专业选修课,中文,嘉定校区,"2023(广播电视学 18034),2024(动画 18044)",0,1,16,张建永(92668) 星期一7-8节 [1-16] 惟新馆画室
CAM355501,影视特效2,2,,刘芸,20083,,专业选修课,中文,嘉定校区,"2024(动画 18044),2025(动画(二学位) 60005)",0,1,16,刘芸(20083) 星期四3-4节 [1-16] 惟新馆110
CAM351101,城乡传播理论,2,,丁凡,20145,,专业选修课,中文,嘉定校区,"2024(传播学 60001),2025(传播学(二学位) 60007)",0,1,16,丁凡(20145) 星期一9-10节 [1-16] 诚楼C403
CAM251201,中国艺术史,2,,丁凡,20145,,专业选修课,中文,嘉定校区,2025(传播学 60001),0,1,16,丁凡(20145) 星期一7-8节 [1-16] 诚楼C401
CAM351301,政治传播,2,,王智丽,21054,,专业选修课,中文,嘉定校区,"2024(传播学 60001),2025(传播学(二学位) 60007)",0,1,16,王智丽(21054) 星期四3-4节 [1-16] 博楼B103
CAM351401,公益广告,2,,鲁普及,05153,,专业选修课,中文,嘉定校区,2025(传播学(二学位) 60007),0,1,16,鲁普及(05153) 星期六1-2节 [1-16] 不排教室
CAM004901,星期音乐会,2,秦川(副教授),秦川,08093,,人文经典与审美素养,中文,四平路校区,,0,1,12,秦川(08093) 星期三9-10节 [1-12] 一二九礼堂
CAM004902,星期音乐会,2,秦川(副教授),秦川,08093,,人文经典与审美素养,中文,嘉定校区,,0,1,12,秦川(08093) 星期一9-10节 [1-12] 济人楼101
汽车与能源学院,,,,,,,,,,,,,,
,,,,,,,,,,,,,,
CAS450701,物业管理概论,1,,胡雨燕,00028,,专业选修课,中文,嘉定校区,2023(建筑环境与能源应用工程 04014),0,1,16,胡雨燕(00028) 星期六1-2节 [2-16双] 无
CAS450801,工程概预算,1,,胡雨燕,00028,,专业选修课,中文,嘉定校区,2023(建筑环境与能源应用工程 04014),0,1,16,胡雨燕(00028) 星期六1-2节 [1-15单] 无
CAS450901,燃气节能技术,1,,秦朝葵,96004,,专业选修课,中文,嘉定校区,2023(建筑环境与能源应用工程 04014),0,1,16,秦朝葵(96004) 星期一5-6节 [1-8] 诚楼C401
CAS451101,燃气测试技术,1,,冯建国,24137,,专业选修课,中文,嘉定校区,2023(建筑环境与能源应用工程 04014),0,1,16,冯建国(24137) 星期五1-2节 [1-8] 博楼B402
CAS001501,汽车空调,2,,臧建彬,98798,,工程能力与创新思维,中文,四平路校区,,0,1,16,臧建彬(98798) 星期三7-8节 [1-16] 南116
CAS001502,汽车空调,2,,臧建彬,98798,,工程能力与创新思维,中文,嘉定校区,,0,1,16,臧建彬(98798) 星期一7-8节 [1-16] 博楼B203
CAS460101,换热器实验,1,,蔡健,03140,,实践环节,中文,嘉定校区,"2023(中德机械工程与机器人(创新实验区) 04004),2023(能源与动力工程 04024),2023(能源与动力工程(应用化学双学士学位) 04065),2025(能源与动力工程(二学位) 04067)",0,1,16,蔡健(03140) 星期一7-8节 [9-16] 广楼G109
CAS360801,换热器设计,2,,赵兰萍,01082,,实践环节,中文,嘉定校区,2025(能源与动力工程(二学位) 04067),0,1,16,赵兰萍(01082) 星期三7-8节 [1-16] 安楼A402
CAS451201,燃气施工技术,1,,陈志光,14018,,专业选修课,中文,嘉定校区,2023(建筑环境与能源应用工程 04014),0,1,16,陈志光(14018) 星期三3-4节 [1-8] 安楼A409
CAS451301,燃烧理论基础,1,,袁志成,23509,null,专业选修课,中文,嘉定校区,2023(建筑环境与能源应用工程 04014),0,1,16,袁志成(23509) 星期五3-4节 [1-8] 博楼B302
CAS350501,燃气气源工程,2,,张雪梅,13172,,专业选修课,中文,嘉定校区,2024(建筑环境与能源应用工程 04014),0,1,16,张雪梅(13172) 星期三5-6节 [1-16] 安楼A405
CAS451501,燃气动力与汽车,1,,房亮,14145,,专业选修课,中文,嘉定校区,2023(建筑环境与能源应用工程 04014),0,1,16,房亮(14145) 星期二1-2节 [2-16双] 无
CAS451701,燃气设备CFD技术,1,,房亮,14145,,专业选修课,中文,嘉定校区,2023(建筑环境与能源应用工程 04014),0,1,16,房亮(14145) 星期四1-2节 [2-16双] 无
CAS451801,燃气管网模拟技术,1,,房亮,14145,,专业选修课,中文,嘉定校区,2023(建筑环境与能源应用工程 04014),0,1,16,房亮(14145) 星期一1-2节 [2-16双] 无
CAS452001,管网风险评估与完整性评价,1,,房亮,14145,,专业选修课,中文,嘉定校区,2023(建筑环境与能源应用工程 04014),0,1,16,房亮(14145) 星期三1-2节 [2-16双] 无
CAS452301,燃气管道防腐,1,,陈志光,14018,,专业选修课,中文,嘉定校区,2023(建筑环境与能源应用工程 04014),0,1,16,陈志光(14018) 星期一5-6节 [9-16] 博楼B402
CAS452401,制冷系统仿真技术,2,,邵亮亮,13099,,专业选修课,中文,嘉定校区,"2023(中德机械工程与机器人(创新实验区) 04004),2023(能源与动力工程 04024),2023(能源与动力工程(应用化学双学士学位) 04065)",0,1,16,邵亮亮(13099) 星期四5-6节 [1-16] 博楼B217
CAS452501,热能工程仿真技术,2,,尹丽洁,12069,,专业选修课,中文,嘉定校区,"2023(中德机械工程与机器人(创新实验区) 04004),2023(能源与动力工程 04024),2023(能源与动力工程(应用化学双学士学位) 04065)",0,1,16,尹丽洁(12069) 星期四1-2节 [1-16] 博楼B111
CAS453301,车辆空调,2,,臧建彬,98798,,专业选修课,中文,嘉定校区,2023(建筑环境与能源应用工程 04014),0,1,16,臧建彬(98798) 星期四1-2节 [1-16] 诚楼C404
CAS330101,工程热力学与传热学,2,,"尹丽洁,安巍","12069,12070",",",专业基础课,中文,嘉定校区,"2024(中德机械工程与机器人(创新实验区) 04004),2024(智能制造工程 04009),2024(机械设计制造及其自动化 04034),2024(机械设计制造及其自动化(精英班) 09026),2024(智能制造工程(精英班) 09028)",0,1,16,尹丽洁(12069) 星期三3-4节 [9-16] 安楼A204 安巍(12070) 星期三3-4节 [1-8] 安楼A204
CAS330102,工程热力学与传热学,2,,"高乃平,钱柯贞","08109,18138",",",专业基础课,中文,嘉定校区,"2024(中德机械工程与机器人(创新实验区) 04004),2024(智能制造工程 04009),2024(机械设计制造及其自动化 04034),2024(机械设计制造及其自动化(精英班) 09026),2024(智能制造工程(精英班) 09028)",0,1,16,钱柯贞(18138) 星期四3-4节 [9-16] 安楼A204 高乃平(08109) 星期四3-4节 [1-8] 安楼A204
CAS330103,工程热力学与传热学,2,,"袁志成,金玮","23509,94044","null,",专业基础课,中文,嘉定校区,"2024(中德机械工程与机器人(创新实验区) 04004),2024(智能制造工程 04009),2024(机械设计制造及其自动化 04034),2024(机械设计制造及其自动化(精英班) 09026),2024(智能制造工程(精英班) 09028)",0,1,16,金玮(94044) 星期一3-4节 [1-8] 复楼F102 袁志成(23509) 星期一3-4节 [9-16] 复楼F102
CAS453401,建筑给水排水,1,,陈志光,14018,,专业选修课,中文,嘉定校区,2023(建筑环境与能源应用工程 04014),0,1,16,陈志光(14018) 星期三5-6节 [1-8] 安楼A409
CAS460401,专业综合实践,2,,王海鹰,07199,,实践环节课程,中文,嘉定校区,"2023(中德机械工程与机器人(创新实验区) 04004),2023(能源与动力工程 04024),2023(能源与动力工程(应用化学双学士学位) 04065)",0,1,16,王海鹰(07199) 星期三3-4节 [1-16] 安楼A408
CAS350701,制冷原理与低温技术,4,,"赵兰萍,王海鹰,曹强","01082,07199,14175",",,",专业选修课,中文,嘉定校区,"2024(能源与动力工程 04024),2024(能源与动力工程(应用化学双学士学位) 04065)",0,1,16,曹强(14175) 星期四3-4节 [11-16] 博楼B201 王海鹰(07199) 星期四3-4节 [10] 博楼B201 赵兰萍(01082) 星期四3-4节 [1-9] 博楼B201 赵兰萍(01082) 星期五3-4节 [1-8] 博楼B201 曹强(14175) 星期五3-4节 [10-16] 博楼B201 王海鹰(07199) 星期五3-4节 [9] 博楼B201
CAS340401,流体机械A3,1,,袁志成,23509,null,专业必修课,中文,嘉定校区,2024(中德机械工程与机器人(创新实验区) 04004),0,1,16,袁志成(23509) 星期一5-6节 [1-8] 诚楼C404
CAS001701,新能源利用技术,2,,阮应君,08156,,工程能力与创新思维,中文,四平路校区,,0,1,16,阮应君(08156) 星期五9-10节 [1-16] 南216
CAS001702,新能源利用技术,2,,俞海淼,05090,,工程能力与创新思维,中文,嘉定校区,,0,1,16,俞海淼(05090) 星期三7-8节 [1-16] 博楼B215
CAS230301,工程热力学,4,,金玮,94044,,专业基础课,中文,四平路校区,2025(能源与动力工程(精英班) 09029),0,1,16,金玮(94044) 星期二1-4节 [1-16] 北317
CAS230303,工程热力学,4,,安巍,12070,,专业基础课,中文,嘉定校区,2025(能源与动力工程(应用化学双学士学位) 04065),0,1,16,安巍(12070) 星期三5-6节 [1-16] 博楼B202 安巍(12070) 星期四3-4节 [1-16] 博楼B202
CAS230304,工程热力学,4,,"金玮,朱彤","94044,97090",",",专业基础课,中文,嘉定校区,2025(能源与动力工程 04024),0,1,16,朱彤(97090) 星期三5-6节 [9-16] 诚楼C404 金玮(94044) 星期三5-6节 [1-8] 诚楼C404 金玮(94044) 星期五1-2节 [1-8] 诚楼C404 朱彤(97090) 星期五1-2节 [9-16] 诚楼C404
CAS440301,汽车理论,3,,吴光强,96071,,专业必修课,中文,嘉定校区,"2023(车辆工程(精英班五年制) 09041),2023(车辆工程(汽车) 19025),2024(车辆工程(汽车精英班) 09048),2024(车辆工程(汽车) 19027),2025(车辆工程(汽车)(二学位) 19026)",0,1,16,吴光强(96071) 星期一5-6节 [1-16] 博楼B206 吴光强(96071) 星期三5-6节 [2-16双] 博楼B206
CAS440302,汽车理论,3,,侯永平,01109,,专业必修课,中文,嘉定校区,"2023(车辆工程(精英班五年制) 09041),2023(车辆工程(汽车) 19025),2024(车辆工程(汽车精英班) 09048),2024(车辆工程(汽车) 19027),2025(车辆工程(汽车)(二学位) 19026)",0,1,16,侯永平(01109) 星期一5-6节 [1-16] 博楼B312 侯永平(01109) 星期三5-6节 [2-16双] 博楼B312
CAS440303,汽车理论,3,,左曙光,98787,,专业必修课,中文,嘉定校区,"2023(车辆工程(精英班五年制) 09041),2023(车辆工程(汽车) 19025),2024(车辆工程(汽车精英班) 09048),2024(车辆工程(汽车) 19027),2025(车辆工程(汽车)(二学位) 19026)",0,1,16,左曙光(98787) 星期一5-6节 [1-16] 博楼B314 左曙光(98787) 星期三5-6节 [2-16双] 博楼B314
CAS440304,汽车理论,3,,吴旭东,14013,,专业必修课,中文,嘉定校区,"2023(车辆工程(精英班五年制) 09041),2023(车辆工程(汽车) 19025),2024(车辆工程(汽车精英班) 09048),2024(车辆工程(汽车) 19027),2025(车辆工程(汽车)(二学位) 19026)",0,1,16,吴旭东(14013) 星期一5-6节 [1-16] 博楼B316 吴旭东(14013) 星期三5-6节 [2-16双] 博楼B316
CAS440305,汽车理论,3,,"陈君毅,邵建旺","10029,14513",",",专业必修课,中文,嘉定校区,"2023(车辆工程(精英班五年制) 09041),2023(车辆工程(汽车) 19025),2024(车辆工程(汽车精英班) 09048),2024(车辆工程(汽车) 19027),2025(车辆工程(汽车)(二学位) 19026)",0,1,16,陈君毅(10029) 星期一5-6节 [1-8] 安楼A309 邵建旺(14513) 星期一5-6节 [9-16] 安楼A309 陈君毅(10029) 星期三5-6节 [2-8双] 安楼A309 邵建旺(14513) 星期三5-6节 [10-16双] 安楼A309
CAS440306,汽车理论,3,,"王阳阳,高源","08028,14017",",",专业必修课,中文,嘉定校区,"2023(车辆工程(精英班五年制) 09041),2023(车辆工程(汽车) 19025),2024(车辆工程(汽车精英班) 09048),2024(车辆工程(汽车) 19027),2025(车辆工程(汽车)(二学位) 19026)",0,1,16,王阳阳(08028) 星期一5-6节 [9-16] 博楼B214 高源(14017) 星期一5-6节 [1-8] 博楼B214 王阳阳(08028) 星期三5-6节 [10-16双] 博楼B214 高源(14017) 星期三5-6节 [2-8双] 博楼B214
CAS440601,汽车理论,2,,"侯永平,马志雄","01109,09051",",",专业必修课,中文,嘉定校区,"2023(车辆工程(创新实验区) 19002),2023(工业设计(车辆造型实验区) 55092),2024(新能源材料与器件 08003)",0,1,16,侯永平(01109) 星期五3-4节 [16] 博楼B111 马志雄(09051) 星期五3-4节 [1-15] 博楼B111
CAS450401,现代汽车技术,2,,邵建旺,14513,,专业选修课,中文,嘉定校区,"2023(车辆工程(创新实验区) 19002),2023(车辆工程(汽车) 19025),2023(工业设计(车辆造型实验区) 55092)",0,1,16,邵建旺(14513) 星期五3-4节 [1-16] 安楼A302
CAS550501,"汽车CAD,CAM",2,,高源,14017,,专业选修课,中文,嘉定校区,"2022(车辆工程(创新实验区) 19002),2022(车辆工程(汽车) 19025)",0,1,16,高源(14017) 星期二3-4节 [1-16] 诚楼C401
CAS550801,增压技术,2,,张涛,08019,,专业选修课,中文,嘉定校区,2022(车辆工程(汽车) 19025),0,1,16,张涛(08019) 星期一1-2节 [1-16] 诚楼C404
CAS460201,专业课程设计,0,,"王阳阳,徐刚,宋珂,高源,孟德建,陈会翠","08028,10087,13073,14017,15005,15163",",,,,,",实践环节课程,中文,嘉定校区,"2022(车辆工程(精英班五年制) 09041),2022(车辆工程(创新实验区) 19002),2022(车辆工程(汽车) 19025),2025(车辆工程(汽车)(二学位) 19026)",0,1,16,孟德建(15005) 星期四9-10节 [3 9 15] 诚楼C402 高源(14017) 星期四9-10节 [4 10 16] 诚楼C402 陈会翠(15163) 星期四9-10节 [6 12] 诚楼C402 徐刚(10087) 星期四9-10节 [5 11] 诚楼C402 王阳阳(08028) 星期四9-10节 [2 8 14] 诚楼C402 宋珂(13073) 星期四9-10节 [1 7 13] 诚楼C402 宋珂(13073) 星期五9-10节 [1 7 13] 诚楼C402 孟德建(15005) 星期五9-10节 [3 9 15] 诚楼C402 高源(14017) 星期五9-10节 [4 10 16] 诚楼C402 王阳阳(08028) 星期五9-10节 [2 8 14] 诚楼C402 徐刚(10087) 星期五9-10节 [5 11] 诚楼C402 陈会翠(15163) 星期五9-10节 [6 12] 诚楼C402
CAS460202,专业课程设计,0,,"余海燕,李彦龙,贺银芝,马志雄,贾青","05189,07131,08142,09051,09056",",,,,",实践环节课程,中文,嘉定校区,"2022(车辆工程(精英班五年制) 09041),2022(车辆工程(创新实验区) 19002),2022(车辆工程(汽车) 19025),2025(车辆工程(汽车)(二学位) 19026)",0,1,16,马志雄(09051) 星期四9-10节 [3 8 13] 诚楼C410B 贾青(09056) 星期四9-10节 [1 6 11 16] 诚楼C410B 李彦龙(07131) 星期四9-10节 [4 9 14] 诚楼C410B 余海燕(05189) 星期四9-10节 [2 7 12] 诚楼C410B 贺银芝(08142) 星期四9-10节 [5 10 15] 诚楼C410B 贾青(09056) 星期五9-10节 [1 6 11 16] 诚楼C410B 李彦龙(07131) 星期五9-10节 [4 9 14] 诚楼C410B 余海燕(05189) 星期五9-10节 [2 7 12] 诚楼C410B 贺银芝(08142) 星期五9-10节 [5 10 15] 诚楼C410B 马志雄(09051) 星期五9-10节 [3 8 13] 诚楼C410B
CAS460203,专业课程设计,0,,董光宇,17012,,实践环节课程,中文,嘉定校区,"2022(车辆工程(精英班五年制) 09041),2022(车辆工程(创新实验区) 19002),2022(车辆工程(汽车) 19025),2025(车辆工程(汽车)(二学位) 19026)",0,1,16,董光宇(17012) 星期四9-10节 [1-16] 诚楼C411 董光宇(17012) 星期五9-10节 [1-16] 诚楼C411
CAS460204,专业课程设计,0,,戴海峰,08076,,实践环节课程,中文,嘉定校区,"2022(车辆工程(精英班五年制) 09041),2022(车辆工程(创新实验区) 19002),2022(车辆工程(汽车) 19025),2025(车辆工程(汽车)(二学位) 19026)",0,1,16,戴海峰(08076) 星期四9-10节 [1-16] 诚楼C413 戴海峰(08076) 星期五9-10节 [1-16] 诚楼C413
CAS460205,专业课程设计,0,,陈觉晓,06133,,实践环节课程,中文,嘉定校区,"2022(车辆工程(精英班五年制) 09041),2022(车辆工程(创新实验区) 19002),2022(车辆工程(汽车) 19025),2025(车辆工程(汽车)(二学位) 19026)",0,1,16,陈觉晓(06133) 星期四9-10节 [1-16] 诚楼C401 陈觉晓(06133) 星期五9-10节 [1-16] 诚楼C401
CAS460206,专业课程设计,0,,"毕欣,田炜,黄岩军,褚洪庆","16521,20024,20515,21053",",,,",实践环节课程,中文,嘉定校区,"2022(车辆工程(精英班五年制) 09041),2022(车辆工程(创新实验区) 19002),2022(车辆工程(汽车) 19025),2025(车辆工程(汽车)(二学位) 19026)",0,1,16,褚洪庆(21053) 星期四9-10节 [13-16] 安楼A107 毕欣(16521) 星期四9-10节 [9-12] 安楼A107 田炜(20024) 星期四9-10节 [5-8] 安楼A107 黄岩军(20515) 星期四9-10节 [1-4] 安楼A107 毕欣(16521) 星期五9-10节 [9-12] 安楼A107 田炜(20024) 星期五9-10节 [5-8] 安楼A107 褚洪庆(21053) 星期五9-10节 [13-16] 安楼A107 黄岩军(20515) 星期五9-10节 [1-4] 安楼A107
CAS460207,专业课程设计,0,,"熊璐,张培志","05200,25206",",null",实践环节课程,中文,嘉定校区,"2022(车辆工程(精英班五年制) 09041),2022(车辆工程(创新实验区) 19002),2022(车辆工程(汽车) 19025),2025(车辆工程(汽车)(二学位) 19026)",0,1,16,熊璐(05200) 星期三9-10节 [1-8] 诚楼C408A 张培志(25206) 星期三9-10节 [9-16] 诚楼C408A 熊璐(05200) 星期五9-10节 [1-8] 诚楼C408A 张培志(25206) 星期五9-10节 [9-16] 诚楼C408A
CAS000101,汽车文化,2,,王宁,06127,,社会发展与国际视野,中文,四平路校区,,0,1,12,王宁(06127) 星期四7-8节 [1-12] 北205
CAS000102,汽车文化,2,,"房亮,曹静","14145,97073",",",社会发展与国际视野,中文,嘉定校区,,0,1,16,房亮(14145) 星期三9-10节 [1-11] 安楼A112 曹静(97073) 星期三9-10节 [12] 安楼A112
CAS440701,空气动力学,2,,"李启良,陈羽","12194,18035",",",专业选修课,中文,嘉定校区,"2023(车辆工程(汽车) 19025),2025(车辆工程(汽车)(二学位) 19026)",0,1,16,李启良(12194) 星期二3-4节 [1-13 15-16] 安楼A108 陈羽(18035) 星期二3-4节 [14] 安楼A108
CAS550901,专业英语,2,,何瑛,03101,,专业选修课,英语,嘉定校区,"2022(车辆工程(创新实验区) 19002),2022(车辆工程(汽车) 19025)",0,1,16,何瑛(03101) 星期三3-4节 [1-16] 诚楼C408A
CAS550902,专业英语,2,,"陈觉晓,杨彦博","06133,21167",",",专业选修课,英语,嘉定校区,"2022(车辆工程(创新实验区) 19002),2022(车辆工程(汽车) 19025)",0,1,16,杨彦博(21167) 星期三3-4节 [13-16] 诚楼C404 陈觉晓(06133) 星期三3-4节 [1-12] 诚楼C404
CAS451001,现代电动汽车技术,2,,"王心坚,王学远","08044,23027",",",专业选修课,中文,嘉定校区,"2022(车辆工程(创新实验区) 19002),2022(车辆工程(汽车) 19025),2023(新能源材料与器件 08003),2023(新能源材料与器件(精英班) 09008)",0,1,16,王学远(23027) 星期四5-6节 [1-6] 安楼A110 王心坚(08044) 星期四5-6节 [7-16] 安楼A110
CAS551201,嵌入式系统技术,2,,"朱元,陆科","05244,13069",",",专业选修课,中文,嘉定校区,2022(车辆工程(汽车) 19025),0,1,16,陆科(13069) 星期五3-4节 [10-14双 15-16] 安楼A405 朱元(05244) 星期五3-4节 [1-9 11-13单] 安楼A405
CAS551301,弹性力学基础与有限元法,2,,郑伟波,22201,,专业选修课,中文,嘉定校区,2022(车辆工程(汽车) 19025),0,1,16,郑伟波(22201) 星期一3-4节 [1-16] 安楼A405
CAS451401,计算机辅助几何设计基础,2,,郑伟波,22201,,专业选修课,中文,嘉定校区,2023(车辆工程(汽车) 19025),0,1,16,郑伟波(22201) 星期三1-2节 [1-16] 无
CAS551501,汽车系统动力学,2,,王阳阳,08028,,专业选修课,中文,嘉定校区,2022(车辆工程(汽车) 19025),0,1,16,王阳阳(08028) 星期二3-4节 [1-16] 诚楼C410B
CAS551701,燃料电池概论,2,,王珏,22179,,专业选修课,中文,嘉定校区,"2022(车辆工程(创新实验区) 19002),2022(车辆工程(汽车) 19025)",0,1,16,王珏(22179) 星期四7-8节 [1-16] 安楼A407
CAS551801,专业前沿进展概论,2,,李理光,05015,,专业选修课,中文,嘉定校区,"2022(车辆工程(创新实验区) 19002),2022(车辆工程(汽车) 19025)",0,1,16,李理光(05015) 星期五1-2节 [1-16] 安楼A202
CAS552001,汽车市场营销,2,,何瑛,03101,,专业选修课,英语,嘉定校区,"2022(车辆工程(创新实验区) 19002),2022(车辆工程(汽车) 19025)",0,1,16,何瑛(03101) 星期三1-2节 [1-16] 安楼A202
CAS452101,传热学,2,,常国峰,07170,,专业选修课,中文,嘉定校区,2023(车辆工程(汽车) 19025),0,1,16,常国峰(07170) 星期五1-2节 [1-16] 安楼A405
CAS552301,计算流体力学,2,,王东,05214,,专业选修课,中文,嘉定校区,2022(车辆工程(汽车) 19025),0,1,16,王东(05214) 星期二1-2节 [1-16] 安楼A202
CAS001002,汽车发动机概论,2,,邓俊,07122,,工程能力与创新思维,中文,嘉定校区,,0,1,16,邓俊(07122) 星期三7-8节 [1-12] 博楼B217
CAS552501,汽车模态试验技术,2,,靳畅,05050,,专业选修课,中文,嘉定校区,2022(车辆工程(汽车) 19025),0,1,16,靳畅(05050) 星期一5-6节 [1-16] 安楼A106
CAS440901,工程信号分析处理,2,,马立英,94666,,专业必修课,中文,嘉定校区,2023(车辆工程(汽车) 19025),0,1,16,马立英(94666) 星期四5-6节 [1-16] 博楼B402
CAS452601,汽车试验传感器技术,2,,张涛,08019,,专业选修课,中文,嘉定校区,2023(车辆工程(汽车) 19025),0,1,16,张涛(08019) 星期二1-2节 [1-16] 诚楼C404
CAS341001,专题设计1,4,,贾青,09056,,专业必修课,中文,嘉定校区,"2024(车辆工程(创新实验区) 19030),2024(工业设计(车辆造型实验区) 55092)",0,1,16,贾青(09056) 星期一5-8节 [1-16] 学院专教
CAS441201,专题设计3,4,,郭荣,08068,,专业必修课,中文,嘉定校区,"2023(车辆工程(创新实验区) 19002),2023(工业设计(车辆造型实验区) 55092)",0,1,16,郭荣(08068) 星期一5-8节 [1-16] 学院专教
CAS541401,专题设计5,4,,李彦龙,07131,,专业必修课,中文,嘉定校区,2022(车辆工程(创新实验区) 19002),0,1,16,李彦龙(07131) 星期一5-8节 [1-16] 学院专教
CAS341501,空气动力学概论,2,,贾青,09056,,专业必修课,中文,嘉定校区,"2024(车辆工程(创新实验区) 19030),2024(工业设计(车辆造型实验区) 55092)",0,1,16,贾青(09056) 星期四3-4节 [1-16] 诚楼C412
CAS330301,力学基础,4,,杨帅,07091,,专业基础课,中文,嘉定校区,"2024(车辆工程(创新实验区) 19030),2024(工业设计(车辆造型实验区) 55092)",0,1,16,杨帅(07091) 星期四5-8节 [1-16] 安楼A402
CAS000202,智能车设计,2,,高乐天,25025,,工程能力与创新思维,中文,嘉定校区,,0,1,16,高乐天(25025) 星期一9-10节 [1-12] 博楼B101
CAS441701,信号与系统,2,,魏学哲,97034,,专业必修课,中文,嘉定校区,"2023(车辆工程(精英班五年制) 09041),2023(车辆工程(汽车) 19025)",0,1,16,魏学哲(97034) 星期一3-4节 [1-16] 安楼A209
CAS441702,信号与系统,2,,"戴海峰,王学远","08076,23027",",",专业必修课,中文,嘉定校区,"2023(车辆工程(精英班五年制) 09041),2023(车辆工程(汽车) 19025)",0,1,16,戴海峰(08076) 星期一3-4节 [16] 安楼A305 王学远(23027) 星期一3-4节 [1-15] 安楼A305
CAS441801,汽车电子学,2,,"张戟,朱元,冷搏,张琳","05014,05244,23025,23032",",,,",专业必修课,中文,嘉定校区,"2023(车辆工程(精英班五年制) 09041),2023(车辆工程(汽车) 19025)",0,1,16,张戟(05014) 星期二3-4节 [5-8] 安楼A305 朱元(05244) 星期二3-4节 [1-4] 安楼A305 张琳(23032) 星期二3-4节 [13-16] 安楼A305 冷搏(23025) 星期二3-4节 [9-12] 安楼A305
CAS453201,车用新材料,2,,"薛明喆,金黎明","12080,22029",",",专业选修课,中文,嘉定校区,2023(车辆工程(汽车) 19025),0,1,16,薛明喆(12080) 星期四3-4节 [1-10 12-16] 博楼B402 金黎明(22029) 星期四3-4节 [11] 博楼B402
CAS360401,汽车造型实践1,4,,李彦龙,07131,,实践环节课程,中文,嘉定校区,"2024(车辆工程(创新实验区) 19030),2024(工业设计(车辆造型实验区) 55092)",0,1,16,李彦龙(07131) 星期一1-4节 [1-16] 学院专教
CAS460601,汽车造型实践3,4,,黄岩军,20515,,实践环节课程,中文,嘉定校区,2023(车辆工程(创新实验区) 19002),0,1,16,黄岩军(20515) 星期一1-4节 [1-16] 学院专教
CAS553301,汽车电子产品的工程化设计,2,,陈觉晓,06133,,专业选修课,中文,嘉定校区,2022(车辆工程(汽车) 19025),0,1,16,陈觉晓(06133) 星期一9-10节 [1-16] 安楼A202
CAS553401,汽车产业经济,2,,王宁,06127,,专业选修课,英语,嘉定校区,"2022(车辆工程(创新实验区) 19002),2022(车辆工程(汽车) 19025)",0,1,16,王宁(06127) 星期四1-2节 [1-16] 安楼A202
CAS453501,电化学原理及测量技术,2,,郑俊生,10015,,专业选修课,中文,嘉定校区,2023(车辆工程(汽车) 19025),0,1,16,郑俊生(10015) 星期四7-8节 [1-16] 安楼A409
CAS442601,内燃机原理,2,,"石秀勇,张允华","10006,20131",",",专业必修课,中文,嘉定校区,2023(车辆工程(汽车) 19025),0,1,16,张允华(20131) 星期一3-4节 [12-16] 安楼A407 石秀勇(10006) 星期一3-4节 [1-11] 安楼A407
CAS342801,车辆工程控制基础,3,,赵治国,04226,,专业必修课,中文,嘉定校区,"2023(车辆工程(精英班五年制) 09041),2023(车辆工程(汽车) 19025),2024(车辆工程(汽车精英班) 09048),2024(车辆工程(汽车) 19027),2025(车辆工程(汽车)(二学位) 19026)",0,1,16,赵治国(04226) 星期一7-8节 [1-16] 博楼B206 赵治国(04226) 星期三7-8节 [1-15单] 博楼B206
CAS342802,车辆工程控制基础,3,,戴海峰,08076,,专业必修课,中文,嘉定校区,"2023(车辆工程(精英班五年制) 09041),2023(车辆工程(汽车) 19025),2024(车辆工程(汽车精英班) 09048),2024(车辆工程(汽车) 19027),2025(车辆工程(汽车)(二学位) 19026)",0,1,16,戴海峰(08076) 星期一7-8节 [1-16] 博楼B210 戴海峰(08076) 星期三7-8节 [1-15单] 博楼B210
CAS342803,车辆工程控制基础,3,,陈凤祥,08089,,专业必修课,中文,嘉定校区,"2023(车辆工程(精英班五年制) 09041),2023(车辆工程(汽车) 19025),2024(车辆工程(汽车精英班) 09048),2024(车辆工程(汽车) 19027),2025(车辆工程(汽车)(二学位) 19026)",0,1,16,陈凤祥(08089) 星期一7-8节 [1-16] 博楼B212 陈凤祥(08089) 星期三7-8节 [1-15单] 博楼B212
CAS342804,车辆工程控制基础,3,,"赵治国,王心坚","04226,08044",",",专业必修课,中文,嘉定校区,"2023(车辆工程(精英班五年制) 09041),2023(车辆工程(汽车) 19025),2024(车辆工程(汽车精英班) 09048),2024(车辆工程(汽车) 19027),2025(车辆工程(汽车)(二学位) 19026)",0,1,16,王心坚(08044) 星期三3-4节 [1-15] 博楼B214 赵治国(04226) 星期三3-4节 [16] 博楼B214 王心坚(08044) 星期三7-8节 [1-15单] 博楼B214
CAS342805,车辆工程控制基础,3,,"唐辰,李南","24074,24107",",",专业必修课,英语,嘉定校区,"2023(车辆工程(精英班五年制) 09041),2023(车辆工程(汽车) 19025),2024(车辆工程(汽车精英班) 09048),2024(车辆工程(汽车) 19027),2025(车辆工程(汽车)(二学位) 19026)",0,1,16,唐辰(24074) 星期一7-8节 [9-16] 安楼A112 李南(24107) 星期一7-8节 [1-8] 安楼A112 唐辰(24074) 星期三5-6节 [9-15单] 安楼A112 李南(24107) 星期三5-6节 [1-7单] 安楼A112
CAS442901,智能驾驶基础,2,,"卓桂荣,冷搏","04225,23025",",",专业必修课,中文,嘉定校区,"2023(车辆工程(精英班五年制) 09041),2023(交通工程 15014),2023(车辆工程(汽车) 19025),2025(车辆工程(汽车)(二学位) 19026)",0,1,16,冷搏(23025) 星期五3-4节 [1-2 12-16] 诚楼C403 卓桂荣(04225) 星期五3-4节 [3-11] 诚楼C403
CAS442902,智能驾驶基础,2,,"洪金龙,张元建","22231,24093",",",专业必修课,中文,嘉定校区,"2023(车辆工程(精英班五年制) 09041),2023(交通工程 15014),2023(车辆工程(汽车) 19025),2025(车辆工程(汽车)(二学位) 19026)",0,1,16,张元建(24093) 星期五3-4节 [6-16] 安楼A409 洪金龙(22231) 星期五3-4节 [1-5] 安楼A409
CAS442903,智能驾驶基础,2,,"高炳钊,褚洪庆","21012,21053",",",专业必修课,中文,嘉定校区,"2023(车辆工程(精英班五年制) 09041),2023(交通工程 15014),2023(车辆工程(汽车) 19025),2025(车辆工程(汽车)(二学位) 19026)",0,1,16,褚洪庆(21053) 星期四3-4节 [1-15] 安楼A105 高炳钊(21012) 星期四3-4节 [16] 安楼A105
CAS340501,能源环境基础,2,,"李芃,冯昱恒","02021,14213",",",专业必修课,中文,嘉定校区,"2024(中德机械工程与机器人(创新实验区) 04004),2024(能源与动力工程 04024),2024(能源与动力工程(应用化学双学士学位) 04065)",0,1,16,冯昱恒(14213) 星期四7-8节 [9-16] 安楼A219 李芃(02021) 星期四7-8节 [1-8] 安楼A219
CAS340601,高效换热原理与设备,3,,赵兰萍,01082,,专业必修课,中文,嘉定校区,"2024(中德机械工程与机器人(创新实验区) 04004),2025(能源与动力工程(二学位) 04067)",0,1,16,赵兰萍(01082) 星期二3-4节 [1-16] 博楼B202 赵兰萍(01082) 星期三1-2节 [2-16双] 博楼B202
CAS351201,综合智慧能源系统,3,,马国彬,04044,,专业选修课,中文,嘉定校区,"2024(中德机械工程与机器人(创新实验区) 04004),2024(能源与动力工程 04024),2024(能源与动力工程(应用化学双学士学位) 04065)",0,1,16,马国彬(04044) 星期四5-6节 [1-16] 诚楼C401 马国彬(04044) 星期四7-8节 [2-16双] 诚楼C401
CAS453801,智能控制理论,2,,房亮,14145,,专业选修课,中文,嘉定校区,"2023(中德机械工程与机器人(创新实验区) 04004),2023(能源与动力工程 04024),2023(能源与动力工程(应用化学双学士学位) 04065)",0,1,16,房亮(14145) 星期六7-8节 [1-16] 无
CAS351401,清洁燃烧理论与设备,4,,"俞海淼,袁志成","05090,23509",",null",专业选修课,中文,嘉定校区,"2024(中德机械工程与机器人(创新实验区) 04004),2024(能源与动力工程 04024),2024(能源与动力工程(应用化学双学士学位) 04065)",0,1,16,袁志成(23509) 星期二3-4节 [1-8] 安楼A110 俞海淼(05090) 星期二3-4节 [9-16] 安楼A110 俞海淼(05090) 星期三3-4节 [9-16] 安楼A110 袁志成(23509) 星期三3-4节 [1-8] 安楼A110
CAS351501,高效能源动力系统,2,,"季晨振,王学远","20519,23027","null,",专业选修课,中文,嘉定校区,"2024(中德机械工程与机器人(创新实验区) 04004),2024(能源与动力工程 04024),2025(能源与动力工程(二学位) 04067)",0,1,16,季晨振(20519) 星期一5-6节 [1-8] 安楼A110 王学远(23027) 星期一5-6节 [9-16] 安楼A110
CAS454001,能源经济与碳核算,2,,"王海鹰,臧建彬","07199,98798",",",专业选修课,中文,嘉定校区,"2023(中德机械工程与机器人(创新实验区) 04004),2023(能源与动力工程 04024),2023(能源与动力工程(应用化学双学士学位) 04065)",0,1,16,王海鹰(07199) 星期四7-8节 [1-8] 安楼A109 臧建彬(98798) 星期四7-8节 [9-16] 安楼A109
CAS454101,极端温度与现代科技,2,,曹强,14175,,专业选修课,中文,嘉定校区,"2023(能源与动力工程 04024),2023(能源与动力工程(应用化学双学士学位) 04065),2025(能源与动力工程(二学位) 04067)",0,1,16,曹强(14175) 星期三5-6节 [1-16] 安楼A402
CAS460501,综合智慧能源模块课程设计,2,,阮应君,08156,,实践环节课程,中文,嘉定校区,"2023(中德机械工程与机器人(创新实验区) 04004),2023(能源与动力工程 04024)",0,1,16,阮应君(08156) 星期一5-6节 [1-16] 安楼A216
CAS460701,绿色低碳模块课程设计,2,,胡雨燕,00028,,实践环节课程,中文,嘉定校区,"2023(中德机械工程与机器人(创新实验区) 04004),2023(能源与动力工程 04024),2023(能源与动力工程(应用化学双学士学位) 04065)",0,1,16,胡雨燕(00028) 星期三7-8节 [1-16] 安楼A310
CAS461101,人工环境热管理模块课程设计,2,,邵亮亮,13099,,实践环节课程,中文,嘉定校区,"2023(中德机械工程与机器人(创新实验区) 04004),2023(能源与动力工程 04024)",0,1,16,邵亮亮(13099) 星期四7-8节 [1-16] 安楼A214
CAS351801,能源系统中的催化化学,2,,俞海淼,05090,,专业选修课,中文,嘉定校区,2023(能源与动力工程(应用化学双学士学位) 04065),0,1,16,俞海淼(05090) 星期一5-6节 [1-16] 诚楼C410B
CAS454401,计算化学概论,2,,胡雨燕,00028,,专业选修课,中文,嘉定校区,2023(能源与动力工程(应用化学双学士学位) 04065),0,1,16,胡雨燕(00028) 星期一1-2节 [1-16] 无
CAS461201,能源化工基础课程设计,2,,胡雨燕,00028,,实践环节课程,中文,嘉定校区,"2023(中德机械工程与机器人(创新实验区) 04004),2023(能源与动力工程(应用化学双学士学位) 04065)",0,1,16,胡雨燕(00028) 星期三3-4节 [1-16] 博楼B117
CAS456201,综合能源系统仿真技术,2,,房亮,14145,,专业选修课,中文,嘉定校区,2023(能源与动力工程 04024),0,1,16,房亮(14145) 星期五1-2节 [1-16] 无
CAS461601,能源管理基础课程设计,2,,马国彬,04044,,实践环节课程,中文,嘉定校区,2023(能源与动力工程 04024),0,1,16,马国彬(04044) 星期二3-4节 [1-16] 博楼B204
CAS001802,温度与人类文明,1,,曹强,14175,,科学探索与生命关怀,中文,嘉定校区,,0,1,16,曹强(14175) 星期三9-10节 [1-8] 安楼A110
CAS351901,暖通空调,2,,马国彬,04044,,专业选修课,中文,嘉定校区,"2024(能源与动力工程 04024),2024(能源与动力工程(应用化学双学士学位) 04065)",0,1,16,马国彬(04044) 星期三5-6节 [1-16] 安楼A105
CAS456301,新能源热管理与利用,2,,臧建彬,98798,,专业选修课,中文,嘉定校区,2025(能源与动力工程(二学位) 04067),0,1,16,臧建彬(98798) 星期四3-4节 [1-16] 诚楼C408A
CAS456601,高端仪器设备热管理,2,,"李芃,曹强","02021,14175",",",专业选修课,中文,嘉定校区,2025(能源与动力工程(二学位) 04067),0,1,16,曹强(14175) 星期三3-4节 [9-16] 安楼A402 李芃(02021) 星期三3-4节 [1-8] 安楼A402
CAS461401,专业综合实践,2,,王海鹰,07199,,实践环节,中文,嘉定校区,2025(能源与动力工程(二学位) 04067),0,1,16,王海鹰(07199) 星期一3-4节 [1-16] 诚楼C408A
CAS453701,新能源汽车产业,2,,"王宁,杨彦博,王珏,郑伟波","06127,21167,22179,22201",",,,",专业选修课,中文,嘉定校区,"2023(新能源材料与器件 08003),2023(新能源材料与器件(精英班) 09008),2023(车辆工程(汽车) 19025)",0,1,16,王珏(22179) 星期四3-4节 [7-10] 安楼A205 杨彦博(21167) 星期四3-4节 [4-6] 安楼A205 郑伟波(22201) 星期四3-4节 [11-16] 安楼A205 王宁(06127) 星期四3-4节 [1-3] 安楼A205
CAS443101,汽车产品管理与营销学,2,,"徐雯霞,何瑛,马钧","02054,03101,04999",",,",专业必修课,中文,嘉定校区,"2023(车辆工程(创新实验区) 19002),2023(车辆工程(汽车) 19025),2023(工业设计(车辆造型实验区) 55092)",0,1,16,何瑛(03101) 星期四5-6节 [6-10] 安楼A105 徐雯霞(02054) 星期四5-6节 [11-16] 安楼A105 马钧(04999) 星期四5-6节 [1-5] 安楼A105
CAS443401,人-车关系设计,4,,"马钧,郭荣","04999,08068",",",专业必修课,中文,嘉定校区,"2023(车辆工程(创新实验区) 19002),2023(工业设计(车辆造型实验区) 55092)",0,1,16,马钧(04999) 星期四5-8节 [9-16] 学院专教 郭荣(08068) 星期四5-8节 [1-8] 学院专教
CAS554001,汽车振动与噪声控制,2,,郭荣,08068,,专业选修课,中文,嘉定校区,2022(车辆工程(汽车) 19025),0,1,16,郭荣(08068) 星期四3-4节 [1-16] 安楼A109
CAS554101,汽车安全性,2,,马志雄,09051,,专业选修课,中文,嘉定校区,"2022(车辆工程(创新实验区) 19002),2022(车辆工程(汽车) 19025)",0,1,16,马志雄(09051) 星期五1-2节 [1-16] 安楼A409
CAS443501,能源与电化学基础,3,,"林瑞,郑俊生,蔡鑫","05021,10015,24176",",,",专业必修课,中文,嘉定校区,"2023(车辆工程(精英班五年制) 09041),2023(车辆工程(汽车) 19025)",0,1,16,林瑞(05021) 星期一3-4节 [2-8双] 安楼A107 蔡鑫(24176) 星期一3-4节 [10] 安楼A107 郑俊生(10015) 星期一3-4节 [12-16双] 安楼A107 林瑞(05021) 星期二3-4节 [1-8] 安楼A107 郑俊生(10015) 星期二3-4节 [12-16] 安楼A107 蔡鑫(24176) 星期二3-4节 [9-11] 安楼A107
CAS554401,智能驾驶感知与计算,2,,"洪金龙,张琳","22231,23032",",",专业选修课,中文,嘉定校区,2022(车辆工程(汽车) 19025),0,1,16,洪金龙(22231) 星期一7-8节 [1-5] 安楼A106 张琳(23032) 星期一7-8节 [6-16] 安楼A106
CAS000801,双碳战略与新能源汽车,2,,"房亮,张允华,杨彦博","14145,20131,21167",",,",社会发展与国际视野,中文,四平路校区,,0,1,12,杨彦博(21167) 星期五7-8节 [10-12] 南212 房亮(14145) 星期五7-8节 [6-9] 南212 张允华(20131) 星期五7-8节 [1-5] 南212
CAS000802,双碳战略与新能源汽车,2,,"房亮,张允华,杨彦博","14145,20131,21167",",,",社会发展与国际视野,中文,嘉定校区,,0,1,16,杨彦博(21167) 星期三7-8节 [10-12] 博楼B301 张允华(20131) 星期三7-8节 [1-5] 博楼B301 房亮(14145) 星期三7-8节 [6-9] 博楼B301
CAS000902,氢能科学与技术,2,,"耿振,金黎明","21101,22029",",",社会发展与国际视野,中文,嘉定校区,,0,1,16,耿振(21101) 星期四7-8节 [1-6] 博楼B112 金黎明(22029) 星期四7-8节 [7-12] 博楼B112
CAS001002,汽车鉴赏：内行看门道,2,,"陈会翠,蔡黎明,杨彦博,冷搏","15163,20098,21167,23025",",,,",科学探索与生命关怀,中文,嘉定校区,,0,1,16,杨彦博(21167) 星期四7-8节 [5] 博楼B210 陈会翠(15163) 星期四7-8节 [2-4] 博楼B210 蔡黎明(20098) 星期四7-8节 [1] 博楼B210 冷搏(23025) 星期四7-8节 [6-12] 博楼B210
CAS001102,智慧能源与储能技术,2,,"俞海淼,谭丕强,沈小军,郑俊生,韦莉,陈志光,刘向,钱柯贞,朱建功,王汉卿,朱彤","05090,06164,07106,10015,13150,14018,16056,18138,21057,21154,97090",",,,,,,,,,,",工程能力与创新思维,中文,嘉定校区,,0,1,16,郑俊生(10015) 星期三9-10节 [10] 博楼B110 王汉卿(21154) 星期三9-10节 [8] 博楼B110 俞海淼(05090) 星期三9-10节 [4] 博楼B110 谭丕强(06164) 星期三9-10节 [1 12] 博楼B110 沈小军(07106) 星期三9-10节 [2] 博楼B110 韦莉(13150) 星期三9-10节 [7] 博楼B110 陈志光(14018) 星期三9-10节 [3] 博楼B110 钱柯贞(18138) 星期三9-10节 [6] 博楼B110 朱建功(21057) 星期三9-10节 [9] 博楼B110 刘向(16056) 星期三9-10节 [11] 博楼B110 朱彤(97090) 星期三9-10节 [5] 博楼B110
CAS220201,复变函数与积分变换,3,,唐辰,24074,,公共基础课,中文,嘉定校区,"2025(车辆工程(汽车) 19027),2025(中德智慧新能源车辆(创新实验区) 19033)",0,1,16,唐辰(24074) 星期一5-6节 [1-16] 博楼B403 唐辰(24074) 星期三7-8节 [1-15单] 博楼B403
CAS220202,复变函数与积分变换,3,,"韩伟,李南","24092,24107",",",公共基础课,中文,嘉定校区,"2025(车辆工程(汽车) 19027),2025(中德智慧新能源车辆(创新实验区) 19033)",0,1,16,李南(24107) 星期一5-6节 [16] 博楼B404 韩伟(24092) 星期一5-6节 [1-15] 博楼B404 韩伟(24092) 星期三7-8节 [1-15单] 博楼B404
CAS220203,复变函数与积分变换,3,,喻斌,12104,,领域基础课,中文,四平路校区,2025(卓越计划班（智能网联车辆） 09105),0,1,16,喻斌(12104) 星期二3-4节 [1-16] 北420 喻斌(12104) 星期五7-8节 [1-15单] 北420
CAS220204,复变函数与积分变换,3,,李南,24107,,领域基础课,中文,四平路校区,2025(卓越计划班（智能网联车辆） 09105),0,1,16,李南(24107) 星期二3-4节 [1-16] 北122 李南(24107) 星期五7-8节 [1-15单] 北122
CAS330601,机械工程基础,2,,余海燕,05189,,专业基础课,中文,嘉定校区,2024(车辆工程(汽车) 19027),0,1,16,余海燕(05189) 星期二3-4节 [1-16] 博楼B216
CAS330603,机械工程基础,2,,"洪金龙,冷搏,李文博,高乐天","22231,23025,24078,25025",",,,",专业基础课,中文,嘉定校区,2024(车辆工程(汽车) 19027),0,1,16,洪金龙(22231) 星期二3-4节 [1-3单 4-6] 博楼B106 李文博(24078) 星期二3-4节 [7-11] 博楼B106 冷搏(23025) 星期二3-4节 [2] 博楼B106 高乐天(25025) 星期二3-4节 [12-16] 博楼B106
CAS330602,机械工程基础,2,,"洪金龙,冷搏,李文博,高乐天","22231,23025,24078,25025",",,,",专业基础课,中文,嘉定校区,2024(车辆工程(汽车) 19027),0,1,16,李文博(24078) 星期四5-6节 [7-11] 博楼B106 冷搏(23025) 星期四5-6节 [2] 博楼B106 洪金龙(22231) 星期四5-6节 [1-3单 4-6] 博楼B106 高乐天(25025) 星期四5-6节 [12-16] 博楼B106
CAS330604,机械工程基础,2,,"杨彦博,王珏","21167,22179",",",个性化课程,中文,嘉定校区,"2024(工程力学(强基计划) 09001),2024(车辆工程(汽车精英班) 09048)",0,1,16,杨彦博(21167) 星期五3-4节 [5-11] 安楼A105 王珏(22179) 星期五3-4节 [1-4 12-16] 安楼A105
CAS330605,机械工程基础,2,,"杨彦博,王珏","21167,22179",",",个性化课程,中文,四平路校区,2024(生物技术(强基计划) 09003),0,1,16,王珏(22179) 星期一9-10节 [1-4 12-16] 南416 杨彦博(21167) 星期一9-10节 [5-11] 南416
CAS344001,汽车空气动力学,2,,"李启良,陈羽","12194,18035",",",专业必修课,中文,嘉定校区,2024(车辆工程(汽车) 19027),0,1,16,陈羽(18035) 星期五3-4节 [14] 安楼A106 李启良(12194) 星期五3-4节 [1-13 15-16] 安楼A106
CAS344101,汽车人因工程学,2,,"李彦龙,孟德建,李文博","07131,15005,24078",",,",专业必修课,中文,嘉定校区,2024(车辆工程(汽车) 19027),0,1,16,李文博(24078) 星期四1-2节 [9-14] 安楼A106 李彦龙(07131) 星期四1-2节 [1-8] 安楼A106 孟德建(15005) 星期四1-2节 [15-16] 安楼A106
CAS344401,车用电机原理与控制,2,,"钟再敏,王业勤","01141,21142",",",专业必修课,中文,嘉定校区,2024(车辆工程(汽车) 19027),0,1,16,王业勤(21142) 星期五3-4节 [9-16] 安楼A107 钟再敏(01141) 星期五3-4节 [1-8] 安楼A107
CAS344501,车用内燃机原理,2,,"石秀勇,张允华","10006,20131",",",专业必修课,中文,嘉定校区,2024(车辆工程(汽车) 19027),0,1,16,石秀勇(10006) 星期二1-2节 [1-11] 安楼A105 张允华(20131) 星期二1-2节 [12-16] 安楼A105
CAS345101,人工智能与模式识别,2,,"洪金龙,张元建","22231,24093",",",专业必修课,中文,嘉定校区,2024(车辆工程(汽车) 19027),0,1,16,张元建(24093) 星期五1-2节 [6-16] 诚楼C401 洪金龙(22231) 星期五1-2节 [1-5] 诚楼C401
CAS345601,现代汽车理论,3,,"王阳阳,高源,邵建旺","08028,14017,14513",",,",专业核心课,中文,嘉定校区,2024(未来技术班(智能网联车辆) 09052),0,1,16,王阳阳(08028) 星期一3-4节 [1-5] 博楼B302 高源(14017) 星期一3-4节 [6-10] 博楼B302 邵建旺(14513) 星期一3-4节 [11-16] 博楼B302 高源(14017) 星期三3-4节 [8-10双] 博楼B302 王阳阳(08028) 星期三3-4节 [2-6双] 博楼B302 邵建旺(14513) 星期三3-4节 [12-16双] 博楼B302
CAS361801,智能电动汽车（中级项目）,8,,"王宁,薛明喆,明平文,郑伟波,高乐天","06127,12080,18863,22201,25025",",,教授,,助理教授（长聘体系）",实践环节课程,中文,嘉定校区,2024(未来技术班(智能网联车辆) 09052),0,1,16,高乐天(25025) 星期五1-8节 [1-4] 诚楼C408A 郑伟波(22201) 星期五1-8节 [7-12] 诚楼C408A 王宁(06127) 星期五1-8节 [14-15] 诚楼C408A 薛明喆(12080) 星期五1-8节 [6 13] 诚楼C408A 明平文(18863) 星期五1-8节 [5 16] 诚楼C408A
CAS220301,机械制图,3,,"胡煜,马立英","23061,94666",",",公共基础课,中文,四平路校区,2025(车辆工程(汽车精英班) 09048),0,1,16,胡煜(23061) 星期三3-4节 [1-15] 南405 马立英(94666) 星期三3-4节 [16] 南405 胡煜(23061) 星期三5-6节 [2-16双] 南405
CAS220302,机械制图,3,,"杨代军,王珏","07092,22179",",",公共基础课,中文,嘉定校区,"2024(车辆工程(汽车精英班) 09048),2025(车辆工程(汽车) 19027),2025(中德智慧新能源车辆(创新实验区) 19033)",0,1,16,王珏(22179) 星期二1-2节 [1-16] 博楼B110 杨代军(07092) 星期三7-8节 [16] 博楼B110 王珏(22179) 星期三7-8节 [2-14双] 博楼B110
CAS220303,机械制图,3,,"何海燕,马立英","25205,94666","null,",公共基础课,中文,嘉定校区,"2024(车辆工程(汽车精英班) 09048),2025(车辆工程(汽车) 19027),2025(中德智慧新能源车辆(创新实验区) 19033)",0,1,16,何海燕(25205) 星期二1-2节 [1-16] 博楼B112 何海燕(25205) 星期三7-8节 [2-14双] 博楼B112 马立英(94666) 星期三7-8节 [16] 博楼B112
CAS260601,智能电动车辆控制,4,,马依宁,24666576,null,实践环节课程,中文,四平路校区,2025(卓越计划班（智能网联车辆） 09105),0,1,16,马依宁(24666576) 星期四5-8节 [1-16] 南220
CAS260602,智能电动车辆控制,4,,张培志,25206,工程师,实践环节课程,中文,四平路校区,2025(卓越计划班（智能网联车辆） 09105),0,1,16,张培志(25206) 星期四5-8节 [1-16] 南217
CAS260603,智能电动车辆控制,4,,胡煜,23061,工程师,实践环节课程,中文,四平路校区,2025(卓越计划班（智能网联车辆） 09105),0,1,16,胡煜(23061) 星期四5-8节 [1-16] 南211
CAS260604,智能电动车辆控制,4,,张力楠,24139,,实践环节课程,中文,四平路校区,2025(卓越计划班（智能网联车辆） 09105),0,1,16,张力楠(24139) 星期四5-8节 [1-16] 北321
CAS260605,智能电动车辆控制,4,,王宇沁,20605,,实践环节课程,中文,四平路校区,2025(卓越计划班（智能网联车辆） 09105),0,1,16,王宇沁(20605) 星期四5-8节 [1-16] 北309
CAS001402,氢能应用前沿,2,,"张存满,薛明喆,李文博","04033,12080,24078",",,",工程能力与创新思维,中文,嘉定校区,,0,1,16,薛明喆(12080) 星期一5-6节 [12] 博楼B111 李文博(24078) 星期一5-6节 [1-11] 博楼B111
生命科学与技术学院,,,,,,,,,,,,,,
,,,,,,,,,,,,,,
CLT230101,普通生物学,4,,"李珊,郭光普,陈士超,陈文","04158,04178,05160,14030",",,,",专业基础课,中文,四平路校区,"2025(生物技术 17014),2025(生物信息学 17024)",0,1,16,郭光普(04178) 星期二1-2节 [14-16] 南216 陈士超(05160) 星期二1-2节 [1-4] 南216 陈文(14030) 星期二1-2节 [9-13] 南216 李珊(04158) 星期二1-2节 [5-8] 南216 陈文(14030) 星期四5-6节 [9-12] 南216 郭光普(04178) 星期四5-6节 [13-16] 南216 陈士超(05160) 星期四5-6节 [1-4] 南216 李珊(04158) 星期四5-6节 [5-8] 南216
CLT230201,生物化学,4,,"王春光,杨鹏,张梦杰","06035,17520,98061",",,",专业基础课,中文,四平路校区,"2025(生物技术(强基计划) 09003),2025(基础学科拔尖基地(生命科学) 17025)",0,1,16,张梦杰(98061) 星期一1-2节 [10-13] 南219 王春光(06035) 星期一1-2节 [1-8] 南219 杨鹏(17520) 星期一1-2节 [9 14-16] 南219 杨鹏(17520) 星期四5-6节 [9 14-16] 南219 王春光(06035) 星期四5-6节 [1-8] 南219 张梦杰(98061) 星期四5-6节 [10-13] 南219
CLT230202,生物化学,4,,"李文哲,王春光,朱颂成,张梦杰","00085,06035,08110,98061",",,,",专业基础课,中文,四平路校区,2025(生物技术 17014),0,1,16,朱颂成(08110) 星期一5-6节 [14-16] 南422 李文哲(00085) 星期一5-6节 [6-9] 南422 张梦杰(98061) 星期一5-6节 [10-13] 南422 王春光(06035) 星期一5-6节 [1-5] 南422 张梦杰(98061) 星期三1-2节 [10-13] 南422 李文哲(00085) 星期三1-2节 [6-9] 南422 王春光(06035) 星期三1-2节 [1-5] 南422 朱颂成(08110) 星期三1-2节 [14-16] 南422
CLT230203,生物化学,4,,"李文哲,王春光,朱颂成","00085,06035,08110",",,",专业基础课,中文,四平路校区,2025(生物信息学 17024),0,1,16,李文哲(00085) 星期二3-4节 [6-13] 南320 王春光(06035) 星期二3-4节 [1-5] 南320 朱颂成(08110) 星期二3-4节 [14-16] 南320 李文哲(00085) 星期四3-4节 [6-13] 南320 王春光(06035) 星期四3-4节 [1-5] 南320 朱颂成(08110) 星期四3-4节 [14-16] 南320
CLT330801,遗传学,2,,"朱云国,杨桦,陈御","05176,09017,23115",",,",专业基础课,中文,四平路校区,"2024(生物技术(强基计划) 09003),2024(生物技术 17014),2024(生物信息学 17024)",0,1,16,朱云国(05176) 星期二9-10节 [1-4 16] 北313 杨桦(09017) 星期二9-10节 [5-8 12-15] 北313 陈御(23115) 星期二9-10节 [9-11] 北313
CLT330802,遗传学,2,,"朱云国,杨桦,陈御","05176,09017,23115",",,",专业必修课,中文,四平路校区,2024(基础学科拔尖基地(生命科学) 17025),0,1,16,杨桦(09017) 星期三7-8节 [5-8 12-15] 北322 陈御(23115) 星期三7-8节 [9-11 16] 北322 朱云国(05176) 星期三7-8节 [1-4] 北322
CLT230301,细胞生物学,3,,"张儒,张振宁,侯羽君","08021,16507,21505",",,",专业基础课,中文,四平路校区,2025(生物技术 17014),0,1,16,侯羽君(21505) 星期二3-4节 [7-12] 南319 张儒(08021) 星期二3-4节 [1-6] 南319 张振宁(16507) 星期二3-4节 [13-16] 南319 张振宁(16507) 星期五1-2节 [13-15单] 南319 张儒(08021) 星期五1-2节 [1-5单] 南319 侯羽君(21505) 星期五1-2节 [7-11单] 南319
CLT230302,细胞生物学,3,,"张儒,孙方霖,张振宁,侯羽君","08021,10853,16507,21505",",,,",专业基础课,中文,四平路校区,2025(生物信息学 17024),0,1,16,张儒(08021) 星期三3-4节 [1-6] 南319 张振宁(16507) 星期三3-4节 [13-16] 南319 侯羽君(21505) 星期三3-4节 [7-12] 南319 侯羽君(21505) 星期五1-2节 [8-12双] 南319 张儒(08021) 星期五1-2节 [2-6双] 南319 张振宁(16507) 星期五1-2节 [14] 南319 孙方霖(10853) 星期五1-2节 [16] 南319
CLT330501,生物统计学,2,,吕爱平,11082,,专业基础课,中文,四平路校区,2024(生物技术 17014),0,1,16,吕爱平(11082) 星期四1-2节 [1-16] 学院机房
CLT330502,生物统计学,2,,吕爱平,11082,,专业必修课,中文,四平路校区,2024(生物技术(强基计划) 09003),0,1,16,吕爱平(11082) 星期一1-2节 [1-16] 学院机房
CLT330503,生物统计学,2,,吕爱平,11082,,专业必修课,中文,四平路校区,2024(基础学科拔尖基地(生命科学) 17025),0,1,16,吕爱平(11082) 星期三1-2节 [1-16] 学院机房
CLT350701,资源植物学,2,,"程舟,朱云国","02167,05176","教授,",专业选修课,中文,四平路校区,"2024(生物技术(强基计划) 09003),2024(生物技术 17014),2024(生物信息学 17024),2024(基础学科拔尖基地(生命科学) 17025),2025(生物信息学(二学位) 17026)",0,1,16,朱云国(05176) 星期一3-4节 [10] 南222 程舟(02167) 星期一3-4节 [1-9 11-16] 南222
CLT352601,生命伦理学,2,,"朱云国,常建锋,杨开阳","05176,11123,18066",",,",专业选修课,中文,四平路校区,"2023(生物技术 17014),2024(生物信息学 17024),2025(生物信息学(二学位) 17026)",0,1,16,朱云国(05176) 星期一7-8节 [1-8] 南122 常建锋(11123) 星期一7-8节 [12-16] 南122 杨开阳(18066) 星期一7-8节 [9-11] 南122
CLT260401,生物化学实验,2,,汪燕芳,04204,,实践环节课程,中文,四平路校区,2025(生物技术(强基计划) 09003),0,5,13,汪燕芳(04204) 星期五3-8节 [5-13单] 生命与医学实验教学中心
CLT260402,生物化学实验,2,,汪燕芳,04204,,实践环节课程,中文,四平路校区,2025(生物技术 17014),0,5,13,汪燕芳(04204) 星期三3-8节 [5-13单] 生命与医学实验教学中心
CLT260403,生物化学实验,2,,汪燕芳,04204,,实践环节课程,中文,四平路校区,2025(生物信息学 17024),0,8,16,汪燕芳(04204) 星期五3-8节 [8-16双] 生命与医学实验教学中心
CLT260404,生物化学实验,2,,汪燕芳,04204,,实践环节课程,中文,四平路校区,2025(基础学科拔尖基地(生命科学) 17025),0,8,16,汪燕芳(04204) 星期三3-8节 [8-16双] 生命与医学实验教学中心
CLT260601,分子生物学实验,2,,康岚,17128,,实践环节课程,中文,四平路校区,2024(生物信息学 17024),0,11,15,康岚(17128) 星期三3-8节 [11-15] 生命与医学实验教学中心
CLT260602,分子生物学实验,2,,汪贵英,09099,,实践环节课程,中文,四平路校区,2024(生物技术 17014),0,11,15,汪贵英(09099) 星期四3-8节 [11-15] 生命与医学实验教学中心
CLT002201,基础生命科学,2,,"杨鹏,毕焱","17520,24025",",",科学探索与生命关怀,中文,四平路校区,,0,1,12,杨鹏(17520) 星期三9-10节 [1-8] 南122 毕焱(24025) 星期三9-10节 [9-12] 南122
CLT002202,基础生命科学,2,,杨鹏,17520,,科学探索与生命关怀,中文,嘉定校区,,0,1,16,杨鹏(17520) 星期六1-2节 [1-12] 不排教室
CLT452501,专业英语,2,,"毛志勇,蒋颖,陈御,耿安珂","12109,13566,23115,24009",",,,",专业选修课,中文,四平路校区,"2023(生物技术 17014),2023(生物信息学 17024)",0,1,16,毛志勇(12109) 星期二3-4节 [1] 南216 陈御(23115) 星期二3-4节 [3-7] 南216 耿安珂(24009) 星期二3-4节 [8-16] 南216 蒋颖(13566) 星期二3-4节 [2] 南216
CLT361101,遗传学实验,1,,朱云国,05176,,实践环节课程,中文,四平路校区,2024(生物技术(强基计划) 09003),0,9,12,朱云国(05176) 星期二1-4节 [9-12] 生命与医学实验教学中心
CLT361102,遗传学实验,1,,朱云国,05176,,实践环节课程,中文,四平路校区,2024(生物技术 17014),0,5,8,朱云国(05176) 星期二1-4节 [5-8] 生命与医学实验教学中心
CLT361103,遗传学实验,1,,汪贵英,09099,,实践环节课程,中文,四平路校区,2024(生物信息学 17024),0,9,12,汪贵英(09099) 星期二1-4节 [9-12] 生命与医学实验教学中心
CLT361104,遗传学实验,1,,汪贵英,09099,,实践环节课程,中文,四平路校区,2024(基础学科拔尖基地(生命科学) 17025),0,5,8,汪贵英(09099) 星期二1-4节 [5-8] 生命与医学实验教学中心
CLT341401,免疫学,2,,"李昂,陈坤","05127,20531",",null",专业必修课,中文,四平路校区,"2024(生物技术(强基计划) 09003),2024(基础学科拔尖基地(生命科学) 17025)",0,1,16,李昂(05127) 星期三3-4节 [1-5 9-14] 南222 陈坤(20531) 星期三3-4节 [6-8 15-16] 南222
CLT341402,免疫学,2,,"李昂,陈坤","05127,20531",",null",专业选修课,中文,四平路校区,"2024(生物信息学 17024),2025(生物信息学(二学位) 17026)",0,1,16,陈坤(20531) 星期四1-2节 [6-8 15-16] 北220 李昂(05127) 星期四1-2节 [1-5 9-14] 北220
CLT341403,免疫学,2,,"李昂,陈坤","05127,20531",",null",专业必修课,中文,四平路校区,2024(生物技术 17014),0,1,16,李昂(05127) 星期一9-10节 [1-5 9-14] 南322 陈坤(20531) 星期一9-10节 [6-8 15-16] 南322
CLT000101,疾病与分子生物学,2,,"陈坤,王晨,陈亚丽","20531,22149,24206","null,,助理教授（长聘体系）",科学探索与生命关怀,中文,四平路校区,,0,1,12,王晨(22149) 星期一7-8节 [9-12] 南208 陈坤(20531) 星期一7-8节 [1] 南208 陈亚丽(24206) 星期一7-8节 [2-8] 南208
CLT000102,疾病与分子生物学,2,,"王晨,陈亚丽","22149,24206",",助理教授（长聘体系）",科学探索与生命关怀,中文,嘉定校区,,0,1,12,陈亚丽(24206) 星期三7-8节 [1-8] 博楼B104 王晨(22149) 星期三7-8节 [9-12] 博楼B104
CLT262201,普通生物学实验,3,,"李珊,郭光普,陈士超,杜喜玲,汪贵英,陈文","04158,04178,05160,08086,09099,14030",",,,,,",实践环节课程,中文,四平路校区,2025(生物技术 17014),0,1,16,"李珊(04158),陈士超(05160),杜喜玲(08086) 星期一1-3节 [3] 生命与医学实验教学中心 李珊(04158),陈士超(05160) 星期一1-3节 [2-4双 7-8] 生命与医学实验教学中心 李珊(04158),杜喜玲(08086) 星期一1-3节 [5-6] 生命与医学实验教学中心 郭光普(04178),汪贵英(09099),陈文(14030) 星期一1-3节 [16] 生命与医学实验教学中心 陈士超(05160),杜喜玲(08086) 星期一1-3节 [1] 生命与医学实验教学中心 汪贵英(09099),陈文(14030) 星期一1-3节 [9-15] 生命与医学实验教学中心"
CLT262202,普通生物学实验,3,,"李珊,郭光普,陈士超,杜喜玲,汪贵英,陈文","04158,04178,05160,08086,09099,14030",",,,,,",专业选修课,中文,四平路校区,2025(生物信息学 17024),0,1,16,"李珊(04158),陈士超(05160),杜喜玲(08086) 星期一1-3节 [3] 生命与医学实验教学中心 李珊(04158),陈士超(05160) 星期一1-3节 [2-4双 7-8] 生命与医学实验教学中心 李珊(04158),杜喜玲(08086) 星期一1-3节 [5-6] 生命与医学实验教学中心 郭光普(04178),汪贵英(09099),陈文(14030) 星期一1-3节 [16] 生命与医学实验教学中心 陈士超(05160),杜喜玲(08086) 星期一1-3节 [1] 生命与医学实验教学中心 汪贵英(09099),陈文(14030) 星期一1-3节 [9-15] 生命与医学实验教学中心"
CLT360701,基因工程学实验,2,,杜昌升,09159,,实践环节课程,中文,四平路校区,"2024(生物技术(强基计划) 09003),2024(生物技术 17014),2024(基础学科拔尖基地(生命科学) 17025)",0,11,15,杜昌升(09159) 星期五3-8节 [11-15] 生命与医学实验教学中心
CLT340801,发育生物学,2,,"薛雷,曹莹,李伟,陈嘉瑜","08041,10114,12852,14200",",,教授,",专业必修课,中文,四平路校区,"2024(生物技术(强基计划) 09003),2024(生物信息学 17024),2025(生物信息学(二学位) 17026)",0,1,16,曹莹(10114) 星期三5-6节 [9-12] 南322 李伟(12852) 星期三5-6节 [8] 南322 薛雷(08041) 星期三5-6节 [1 13-16] 南322 陈嘉瑜(14200) 星期三5-6节 [2-7] 南322
CLT340802,发育生物学,2,,"薛雷,曹莹,李伟,陈嘉瑜","08041,10114,12852,14200",",,教授,",专业选修课,中文,四平路校区,2024(生物技术 17014),0,1,16,曹莹(10114) 星期一5-6节 [9-12] 北310 薛雷(08041) 星期一5-6节 [13-16] 北310 陈嘉瑜(14200) 星期二1-2节 [2-4] 北316 薛雷(08041) 星期二1-2节 [1] 北316 李伟(12852) 星期五5-6节 [8] 北310 陈嘉瑜(14200) 星期五5-6节 [5-7] 北310
CLT340803,发育生物学,2,,"薛雷,曹莹,李伟,陈嘉瑜","08041,10114,12852,14200",",,教授,",专业必修课,中文,四平路校区,2024(基础学科拔尖基地(生命科学) 17025),0,1,16,薛雷(08041) 星期四1-2节 [1 13-16] 北310 曹莹(10114) 星期四1-2节 [9-12] 北310 陈嘉瑜(14200) 星期四1-2节 [2-7] 北310 李伟(12852) 星期四1-2节 [8] 北310
CLT340301,机器学习理论与方法,2,,刘琦,09149,,专业必修课,中文,四平路校区,"2024(生物技术(强基计划) 09003),2024(生物技术 17014),2024(生物信息学 17024),2024(基础学科拔尖基地(生命科学) 17025),2025(生物信息学(二学位) 17026)",0,1,16,刘琦(09149) 星期三1-2节 [1-16] 南219
CLT351101,纳米生物学,2,,储茂泉,04179,,个性化课程,中文,四平路校区,"2023(基础学科拔尖班(海洋) 31005),2023(海洋科学 31006),2023(地球物理学 31024),2024(生物技术(强基计划) 09003),2024(生物技术 17014),2024(生物信息学 17024),2024(基础学科拔尖基地(生命科学) 17025),2025(生物信息学(二学位) 17026)",0,1,16,储茂泉(04179) 星期五1-2节 [1-16] 南122
CLT352401,现代生物学综合实验(三),4,,汪贵英,09099,,专业选修课,中文,四平路校区,2024(生物技术 17014),0,1,16,汪贵英(09099) 星期三5-8节 [1-16] 生命与医学实验教学中心
CLT363101,计算基因组学实验,2,,"王海芸,王琪,吴秋","04173,21035,23109",",,",专业选修课,中文,四平路校区,"2023(生物技术(强基计划) 09003),2023(生物技术 17014),2023(基础学科拔尖基地(生命科学) 17025),2024(生物信息学 17024),2025(生物信息学(二学位) 17026)",0,1,16,王琪(21035) 星期一1-2节 [3-7] 学院机房 王海芸(04173) 星期一1-2节 [1-2 13-16] 学院机房 吴秋(23109) 星期一1-2节 [8-12] 学院机房
CLT363201,机器学习理论与方法实验,2,,啜国晖,22219,,专业选修课,中文,四平路校区,"2024(生物技术(强基计划) 09003),2024(生物技术 17014),2024(生物信息学 17024),2024(基础学科拔尖基地(生命科学) 17025),2025(生物信息学(二学位) 17026)",0,1,16,啜国晖(22219) 星期五1-2节 [1-16] 学院机房
CLT003001,食补与食疗,2,,"朱融融,贺晓烈,王照洁","07100,23167,25008",",,助理教授（长聘体系）",科学探索与生命关怀,中文,四平路校区,,0,1,12,王照洁(25008) 星期四9-10节 [7-12] 南220 贺晓烈(23167) 星期四9-10节 [2-6] 南220 朱融融(07100) 星期四9-10节 [1] 南220
CLT003002,食补与食疗,2,,贺晓烈,23167,,科学探索与生命关怀,中文,嘉定校区,,0,1,16,贺晓烈(23167) 星期六1-2节 [1-12] 不排教室
CLT330601,生理学,3,,冷晔,99024,,专业基础课,中文,四平路校区,"2024(生物技术(强基计划) 09003),2024(生物技术 17014),2024(基础学科拔尖基地(生命科学) 17025)",0,1,16,冷晔(99024) 星期四9-11节 [1-16] 衷和楼203
CLT360301,生理学实验,2,,冷晔,99024,,实践环节课程,中文,四平路校区,2024(生物技术 17014),0,1,5,冷晔(99024) 星期四3-8节 [1-5] 生命与医学实验教学中心
CLT360302,生理学实验,2,,冷晔,99024,,实践环节课程,中文,四平路校区,2024(基础学科拔尖基地(生命科学) 17025),0,6,10,冷晔(99024) 星期四3-8节 [6-10] 生命与医学实验教学中心
CLT360303,生理学实验,2,,冷晔,99024,,实践环节课程,中文,四平路校区,2024(生物技术(强基计划) 09003),0,11,15,冷晔(99024) 星期四3-8节 [11-15] 生命与医学实验教学中心
CLT261301,生物科学与转化医学实验1,2,,"康九红,郭旭东","09045,19504",",",实践环节课程,中文,四平路校区,"2025(生物技术(强基计划) 09003),2025(基础学科拔尖基地(生命科学) 17025)",0,1,15,"康九红(09045),郭旭东(19504) 星期一5-8节 [1-15单] 各课题组"
CLT361501,生物科学与转化医学实验3,2,,"康九红,郭旭东","09045,19504",",",实践环节课程,中文,四平路校区,"2024(生物技术(强基计划) 09003),2024(基础学科拔尖基地(生命科学) 17025)",0,2,16,"康九红(09045),郭旭东(19504) 星期一5-8节 [2-16双] 各课题组"
CLT260101,生物学概论实验,2,,"李珊,郭光普,陈士超,陈文","04158,04178,05160,14030",",,,",实践环节课程,中文,四平路校区,"2025(生物技术(强基计划) 09003),2025(基础学科拔尖基地(生命科学) 17025)",0,1,16,"郭光普(04178),陈文(14030) 星期三1-2节 [9-16] 生命与医学实验教学中心 李珊(04158),陈士超(05160) 星期三1-2节 [1-8] 生命与医学实验教学中心"
CLT340901,基因工程学,2,,"顾华,郭占云,杜昌升,丁德强","04188,07027,09159,19528",",,,",专业必修课,中文,四平路校区,"2024(生物技术(强基计划) 09003),2024(生物技术 17014),2024(基础学科拔尖基地(生命科学) 17025)",0,1,16,杜昌升(09159) 星期五9-10节 [1-6] 南313 顾华(04188) 星期五9-10节 [11-14] 南313 丁德强(19528) 星期五9-10节 [15-16] 南313 郭占云(07027) 星期五9-10节 [7-10] 南313
CLT340902,基因工程学,2,,"顾华,郭占云,杜昌升,丁德强","04188,07027,09159,19528",",,,",专业选修课,中文,四平路校区,"2024(生物信息学 17024),2025(生物信息学(二学位) 17026)",0,1,16,杜昌升(09159) 星期四9-10节 [1-6] 北320 郭占云(07027) 星期四9-10节 [7-10] 北320 丁德强(19528) 星期四9-10节 [15-16] 北320 顾华(04188) 星期四9-10节 [11-14] 北320
CLT351301,生物信息学算法与实践,2,,张小白,11509,,专业必修课,中文,四平路校区,"2023(生物技术 17014),2024(生物技术(强基计划) 09003),2024(生物信息学 17024),2024(基础学科拔尖基地(生命科学) 17025),2025(生物信息学(二学位) 17026)",0,1,16,张小白(11509) 星期日7-8节 [1-16] 不排教室
CLT351401,文献检索与利用,1,,陈平,97715,,专业选修课,中文,四平路校区,"2024(生物技术 17014),2024(生物信息学 17024),2025(生物信息学(二学位) 17026)",0,1,4,陈平(97715) 星期一1-4节 [1-4] 学院机房
CLT350301,生物化学,2,,"李文哲,汪燕芳","00085,04204",",",专业选修课,中文,四平路校区,"2023(基础学科拔尖基地(化学) 00402),2023(应用化学 12344),2024(应用化学(强基计划) 09002),2025(应用化学(二学位) 00403)",0,1,16,汪燕芳(04204) 星期一1-2节 [1-9] 南116 李文哲(00085) 星期一1-2节 [10-16] 南116
CLT361201,干细胞基础实验,2,,"乐融融,杨鹏,毕焱","14189,17520,24025",",,",实践环节课程,中文,四平路校区,2024(生物技术(强基计划) 09003),0,1,8,杨鹏(17520) 星期四5-8节 [6-8] 生命与医学实验教学中心 乐融融(14189) 星期四5-8节 [1-2] 生命与医学实验教学中心 毕焱(24025) 星期四5-8节 [3-5] 生命与医学实验教学中心
CLT361202,干细胞基础实验,2,,"乐融融,杨鹏,毕焱","14189,17520,24025",",,",实践环节课程,中文,四平路校区,2024(生物技术 17014),0,1,8,毕焱(24025) 星期一5-8节 [3-5] 生命与医学实验教学中心 乐融融(14189) 星期一5-8节 [1-2] 生命与医学实验教学中心 杨鹏(17520) 星期一5-8节 [6-8] 生命与医学实验教学中心
CLT361203,干细胞基础实验,2,,"王译萱,乐融融,高睿","13552,14189,20031",",,",实践环节课程,中文,四平路校区,2024(生物技术 17014),0,1,8,高睿(20031) 星期三1-4节 [3-5] 生命与医学实验教学中心 王译萱(13552) 星期三1-4节 [6-8] 生命与医学实验教学中心 乐融融(14189) 星期三1-4节 [1-2] 生命与医学实验教学中心
CLT361204,干细胞基础实验,2,,"王译萱,乐融融,高睿","13552,14189,20031",",,",实践环节课程,中文,四平路校区,2024(基础学科拔尖基地(生命科学) 17025),0,1,8,王译萱(13552) 星期一1-4节 [6-8] 生命与医学实验教学中心 乐融融(14189) 星期一1-4节 [1-2] 生命与医学实验教学中心 高睿(20031) 星期一1-4节 [3-5] 生命与医学实验教学中心
CLT340201,计算基因组学,2,,"王海芸,张晓鸥,王琪","04173,20530,21035",",,",专业必修课,中文,四平路校区,"2023(生物技术 17014),2024(生物信息学 17024),2024(基础学科拔尖基地(生命科学) 17025),2025(生物信息学(二学位) 17026)",0,1,16,王琪(21035) 星期一9-10节 [2-5] 北119 王海芸(04173) 星期一9-10节 [1 11-16] 北119 张晓鸥(20530) 星期一9-10节 [6-10] 北119
CLT000201,微观生物世界,2,,"杜喜玲,邢丽波","08086,15126",",",科学探索与生命关怀,中文,四平路校区,,0,1,12,"杜喜玲(08086) 星期一7-8节 [1-7] 【7-9】医学楼副楼103；其余周数，生命科学实验教学中心5楼 杜喜玲(08086),邢丽波(15126) 星期一7-8节 [12] 【7-9】医学楼副楼103；其余周数，生命科学实验教学中心5楼 邢丽波(15126) 星期一7-8节 [8-11] 【7-9】医学楼副楼103；其余周数，生命科学实验教学中心5楼"
CLT000301,生命的奥秘——从基因说起,2,,"杨桦,陈御","09017,23115",",",科学探索与生命关怀,中文,四平路校区,,0,1,12,杨桦(09017) 星期三9-10节 [1-5 9-12] 南218 陈御(23115) 星期三9-10节 [6-8] 南218
CLT000302,生命的奥秘——从基因说起,2,,杨桦,09017,,科学探索与生命关怀,中文,嘉定校区,,0,1,16,杨桦(09017) 星期六1-2节 [1-12] 不排教室
CLT000501,Keep Fit——生物学为你助力,2,,李敏,05112,,科学探索与生命关怀,中文,四平路校区,,0,1,12,李敏(05112) 星期四9-10节 [1-12] 南221
CLT000502,Keep Fit——生物学为你助力,2,,李敏,05112,,科学探索与生命关怀,中文,嘉定校区,,0,1,16,李敏(05112) 星期六1-2节 [1-12] 不排教室
CLT131101,生命科学导论,2,,"康九红,郭旭东","09045,19504",",",个性化课程,中文,四平路校区,"2024(海洋科学(强基计划) 09047),2024(基础学科拔尖班(海洋) 31005),2024(海洋科学 31006),2024(地球物理学 31024)",0,1,16,"康九红(09045),郭旭东(19504) 星期一1-2节 [1-16] 北220"
CLT463801,毕业论文I,0,,余勇,17521,,实践环节课程,中文,四平路校区,"2023(生物信息学 17024),2025(生物信息学(二学位) 17026)",0,1,16,余勇(17521) 星期五3-4节 [1-16] 学院
CLT462001,毕业论文1,0,,余勇,17521,,实践环节课程,中文,四平路校区,"2023(生物技术(强基计划) 09003),2023(生物技术 17014),2023(基础学科拔尖基地(生命科学) 17025)",0,1,16,余勇(17521) 星期四1-2节 [1-16] 学院
CLT361901,免疫学实验,1,,桂馨,93216,,实践环节课程,中文,四平路校区,2024(生物技术(强基计划) 09003),0,1,4,桂馨(93216) 星期二1-4节 [1-4] 生命与医学实验教学中心
CLT361902,免疫学实验,1,,"邢丽波,桂馨","15126,93216",",",实践环节课程,中文,四平路校区,2024(生物技术 17014),0,9,12,"邢丽波(15126),桂馨(93216) 星期二1-4节 [9-12] 生命与医学实验教学中心"
CLT361903,免疫学实验,1,,邢丽波,15126,,实践环节课程,中文,四平路校区,2024(基础学科拔尖基地(生命科学) 17025),0,1,4,邢丽波(15126) 星期二1-4节 [1-4] 生命与医学实验教学中心
CLT000601,健康减脂第一课,2,,"顾华,杨桦","04188,09017",",",科学探索与生命关怀,中文,四平路校区,,0,1,12,杨桦(09017) 星期一7-8节 [1-3 8-12] 北212 顾华(04188) 星期一7-8节 [4-7] 北212
CLT000602,健康减脂第一课,2,,杨桦,09017,,科学探索与生命关怀,中文,嘉定校区,,0,1,16,杨桦(09017) 星期六3-4节 [1-12] 不排教室
CLT003601,影响生活的生物技术,2,,顾华,04188,,科学探索与生命关怀,中文,四平路校区,,0,1,12,顾华(04188) 星期一9-10节 [1-12] 南219
CLT003602,影响生活的生物技术,2,,顾华,04188,,科学探索与生命关怀,中文,嘉定校区,,0,1,16,顾华(04188) 星期六1-2节 [1-12] 不排教室
CLT341101,干细胞生物学,2,,"高绍荣,王译萱,乐融融,李维达,邓寒松,魏珂,岳锐,谢敬,杨鹏,尹晓磊,边杉,毕焱","12862,13552,14189,15142,16164,16517,16536,16546,17520,17534,18532,24025",",,,,,,,,,,,",专业必修课,中文,四平路校区,"2024(生物技术(强基计划) 09003),2024(生物技术 17014),2024(基础学科拔尖基地(生命科学) 17025)",0,1,16,边杉(18532) 星期五3-4节 [5] 北410 高绍荣(12862) 星期五3-4节 [1] 北410 谢敬(16546) 星期五3-4节 [3] 北410 尹晓磊(17534) 星期五3-4节 [6] 北410 魏珂(16517) 星期五3-4节 [9-10] 北410 邓寒松(16164) 星期五3-4节 [4] 北410 王译萱(13552) 星期五3-4节 [2 16] 北410 杨鹏(17520) 星期五3-4节 [7-8] 北410 毕焱(24025) 星期五7-8节 [3] 北410 王译萱(13552) 星期五7-8节 [1] 北410 乐融融(14189) 星期五7-8节 [4] 北410 李维达(15142) 星期五7-8节 [5] 北410 岳锐(16536) 星期五7-8节 [2] 北410
CLT341102,干细胞生物学,2,,"高绍荣,王译萱,乐融融,李维达,邓寒松,魏珂,岳锐,谢敬,杨鹏,尹晓磊,边杉,毕焱","12862,13552,14189,15142,16164,16517,16536,16546,17520,17534,18532,24025",",,,,,,,,,,,",专业选修课,中文,四平路校区,"2024(生物信息学 17024),2025(生物信息学(二学位) 17026)",0,1,16,王译萱(13552) 星期一5-6节 [2-3 16] 南220 魏珂(16517) 星期一5-6节 [14-15] 南220 杨鹏(17520) 星期一5-6节 [12-13] 南220 毕焱(24025) 星期一5-6节 [6] 南220 乐融融(14189) 星期一5-6节 [8] 南220 邓寒松(16164) 星期一5-6节 [7] 南220 边杉(18532) 星期一5-6节 [9] 南220 谢敬(16546) 星期一5-6节 [5] 南220 尹晓磊(17534) 星期一5-6节 [11] 南220 岳锐(16536) 星期一5-6节 [4] 南220 李维达(15142) 星期一5-6节 [10] 南220 高绍荣(12862) 星期一5-6节 [1] 南220
CLT341301,干细胞新技术,1,,"朱融融,高亚威,魏珂,谢敬,张赫,王晨飞,陈坤,唐娟","07100,15168,16517,16546,18041,19505,20531,21520",",,,,,,null,",专业选修课,中文,四平路校区,2023(生物技术 17014),0,1,16,谢敬(16546) 星期三1-2节 [15] 北207 陈坤(20531) 星期三1-2节 [11] 北207 张赫(18041) 星期三1-2节 [13] 北207 高亚威(15168) 星期三1-2节 [7] 北207 魏珂(16517) 星期三1-2节 [1] 北207 王晨飞(19505) 星期三1-2节 [9] 北207 唐娟(21520) 星期三1-2节 [3] 北207 朱融融(07100) 星期三1-2节 [5] 北207
CLT341201,干细胞转化,1,,"朱融融,贾文文,李维达,项耀祖,余勇,尹晓磊","07100,11104,15142,15528,17521,17534",",,,,,",专业选修课,中文,四平路校区,2023(生物技术 17014),0,1,16,贾文文(11104) 星期三5-6节 [15] 南308 李维达(15142) 星期三5-6节 [5] 南308 朱融融(07100) 星期三5-6节 [13] 南308 项耀祖(15528) 星期三5-6节 [7] 南308 尹晓磊(17534) 星期三5-6节 [1 9-11单] 南308 余勇(17521) 星期三5-6节 [3] 南308
CLT000801,遗传学与我们的生活,2,,"朱云国,吴悠","05176,23026",",",科学探索与生命关怀,中文,四平路校区,,0,1,12,朱云国(05176) 星期三9-10节 [1-8 11-12] 北217 吴悠(23026) 星期三9-10节 [9-10] 北217
CLT000802,遗传学与我们的生活,2,,朱云国,05176,,科学探索与生命关怀,中文,嘉定校区,,0,1,16,朱云国(05176) 星期六1-2节 [1-12] 不排教室
CLT000901,中国茶文化—茶叶鉴赏,2,,"李敏,李平","05112,08012",",",人文经典与审美素养,中文,四平路校区,,0,1,12,李敏(05112) 星期四7-8节 [9-12] 北219 李平(08012) 星期四7-8节 [1-8] 北219
CLT000902,中国茶文化—茶叶鉴赏,2,,李敏,05112,,人文经典与审美素养,中文,嘉定校区,,0,1,16,李敏(05112) 星期六3-4节 [1-12] 不排教室
CLT001001,人体3D仿真,2,,龚璐璐,03080,,科学探索与生命关怀,中文,四平路校区,,0,1,12,龚璐璐(03080) 星期三9-10节 [1-12] 南221
CLT001002,人体3D仿真,2,,龚璐璐,03080,,科学探索与生命关怀,中文,嘉定校区,,0,1,12,龚璐璐(03080) 星期六1-2节 [1-12] 不排教室
CLT003901,科研思维导论,2,,"杨鹏,毕焱","17520,24025",",",科学探索与生命关怀,中文,四平路校区,,0,1,12,杨鹏(17520) 星期一9-10节 [1-8] 南221 毕焱(24025) 星期一9-10节 [9-12] 南221
CLT003902,科研思维导论,2,,杨鹏,17520,,科学探索与生命关怀,中文,嘉定校区,,0,1,12,杨鹏(17520) 星期六3-4节 [1-12] 不排教室
CLT001301,疾病与能量代谢,2,,常建锋,11123,,科学探索与生命关怀,中文,四平路校区,,0,1,12,常建锋(11123) 星期一9-10节 [1-12] 南316
CLT001302,疾病与能量代谢,2,,常建锋,11123,,科学探索与生命关怀,中文,嘉定校区,,0,1,12,常建锋(11123) 星期三7-8节 [1-12] 博楼B111
CLT001401,健康与生物化学原理,2,,朱颂成,08110,,科学探索与生命关怀,中文,四平路校区,,0,1,12,朱颂成(08110) 星期四7-8节 [1-12] 北221
CLT001402,健康与生物化学原理,2,,朱颂成,08110,,科学探索与生命关怀,中文,嘉定校区,,0,1,12,朱颂成(08110) 星期三7-8节 [1-12] 博楼B117
CLT351502,神经生物学,2,,"朱融融,李伟,张振宁,边杉,侯羽君","07100,12852,16507,18532,21505",",,,,",专业选修课,中文,四平路校区,"2024(生物技术(强基计划) 09003),2024(基础学科拔尖基地(生命科学) 17025)",0,1,8,张振宁(16507) 星期六3-6节 [4] 南316 李伟(12852) 星期六3-6节 [1-3 8] 南316 朱融融(07100) 星期六3-6节 [7] 南316 边杉(18532) 星期六3-4节 [6] 南316 侯羽君(21505) 星期六3-4节 [5] 南316 侯羽君(21505) 星期六5-6节 [5-6] 南316
CLT360801,科研实践,1,,"盛哲津,薛雷,杜昌升,陈嘉瑜,张家民","07016,08041,09159,14200,21509",",,,,",实践环节课程,中文,四平路校区,2023(生物技术(强基计划) 09003),0,4,8,"薛雷(08041),杜昌升(09159),陈嘉瑜(14200),张家民(21509) 星期四5-8节 [8] 南309 张家民(21509) 星期四5-8节 [5] 南309 薛雷(08041) 星期四5-8节 [4] 南309 陈嘉瑜(14200) 星期四5-8节 [7] 南309 盛哲津(07016) 星期四5-8节 [6] 南309"
CLT231201,生物学概论,4,,"李珊,郭光普,陈士超","04158,04178,05160",",,",专业基础课,中文,四平路校区,"2025(生物技术(强基计划) 09003),2025(基础学科拔尖基地(生命科学) 17025)",0,1,16,陈士超(05160) 星期二3-4节 [1-4] 南222 郭光普(04178) 星期二3-4节 [9-16] 南222 李珊(04158) 星期二3-4节 [5-8] 南222 郭光普(04178) 星期四3-4节 [9-16] 南222 陈士超(05160) 星期四3-4节 [1-4] 南222 李珊(04158) 星期四3-4节 [5-8] 南222
CLT451701,分子动力学模拟原理,2,,张勇,09076,,专业必修课,中文,四平路校区,"2023(生物技术(强基计划) 09003),2023(生物技术 17014),2023(基础学科拔尖基地(生命科学) 17025),2024(生物信息学 17024),2025(生物信息学(二学位) 17026)",0,1,16,张勇(09076) 星期四3-4节 [1-16] 北119
CLT363301,生物信息综合实验（一）,6,,刘桂芬,19508,,实践环节课程,中文,四平路校区,2024(生物信息学 17024),0,1,16,刘桂芬(19508) 星期六3-8节 [1-16] 生物信息各课题组
CLT001701,"""医“和”药“的故事",2,,"项耀祖,边杉","15528,18532",",",科学探索与生命关怀,中文,四平路校区,,0,1,12,边杉(18532) 星期三9-10节 [1-8 12] 北212 项耀祖(15528) 星期三9-10节 [9-11] 北212
CLT001702,"""医“和”药“的故事",2,,边杉,18532,,科学探索与生命关怀,中文,嘉定校区,,0,1,12,边杉(18532) 星期六7-8节 [1-12] 不排教室
CLT002001,中药鉴赏,2,,"项耀祖,徐越,姜凯","15528,25054,25055",",助理教授（长聘体系）,预聘副教授",科学探索与生命关怀,中文,四平路校区,,0,1,12,姜凯(25055) 星期四7-8节 [5-8] 北218 项耀祖(15528) 星期四7-8节 [1-4] 北218 徐越(25054) 星期四7-8节 [9-12] 北218
CLT002002,中药鉴赏,2,,"徐越,姜凯","25054,25055","助理教授（长聘体系）,预聘副教授",科学探索与生命关怀,中文,嘉定校区,,0,1,12,徐越(25054) 星期一7-8节 [7-12] 博楼B104 姜凯(25055) 星期一7-8节 [1-6] 博楼B104
CLT002101,生命之滴：无膜细胞器的奥秘,2,,戴鹏,20518,,科学探索与生命关怀,中文,四平路校区,,0,1,12,戴鹏(20518) 星期四9-10节 [1-12] 南321
CLT002102,生命之滴：无膜细胞器的奥秘,2,,戴鹏,20518,,科学探索与生命关怀,中文,嘉定校区,,0,1,12,戴鹏(20518) 星期三7-8节 [1-12] 博楼B113
海洋与地球科学学院,,,,,,,,,,,,,,
,,,,,,,,,,,,,,
OES340901,海洋地质学,4,杨守业(),"李超,张洪瑞,刘传联,杨守业","18025,24116,99015,99118",",,,",专业必修课,中文,四平路校区,"2024(生物技术(强基计划) 09003),2024(海洋科学(强基计划) 09047),2024(基础学科拔尖班(海洋) 31005),2024(海洋科学 31006),2024(地球物理学 31024)",0,1,16,刘传联(99015) 星期一3-4节 [7-9] 北122 张洪瑞(24116) 星期一3-4节 [10-13] 北122 李超(18025) 星期一3-4节 [5-6 14-16] 北122 杨守业(99118) 星期一3-4节 [1-4] 北122 杨守业(99118) 星期五1-2节 [1-4] 北122 张洪瑞(24116) 星期五1-2节 [10-12] 北122 刘传联(99015) 星期五1-2节 [6-9] 北122 李超(18025) 星期五1-2节 [5 13-16] 北122
OES350501,油气田地下地质学,3,付晓伟(),付晓伟,19515,,专业选修课,中文,四平路校区,"2024(海洋科学(强基计划) 09047),2024(基础学科拔尖班(海洋) 31005),2024(海洋科学 31006)",0,1,16,付晓伟(19515) 星期一1-2节 [1-16] 北314 付晓伟(19515) 星期五5-6节 [2-16双] 南322
OES453601,古环境研究方法,2,,李建如,07010,,专业选修课,中文,四平路校区,"2023(基础学科拔尖班(海洋) 31005),2023(海洋科学 31006)",0,1,16,李建如(07010) 星期三5-6节 [1-16] 南217
OES453501,微体古生物学,2,,金海燕,07209,,专业选修课,中文,四平路校区,"2023(基础学科拔尖班(海洋) 31005),2023(海洋科学 31006)",0,1,16,金海燕(07209) 星期一5-6节 [1-16] 海洋楼A602
OES350101,沉积环境与沉积相,2,易亮(),"易亮,邵磊","16508,98096",",",专业选修课,中文,四平路校区,"2024(海洋科学(强基计划) 09047),2024(基础学科拔尖班(海洋) 31005),2024(海洋科学 31006),2024(地球物理学 31024)",0,1,16,邵磊(98096) 星期三5-6节 [1] 北222 易亮(16508) 星期三5-6节 [2-16] 北222
OES350401,现代分析测试技术,3,黄湘通(),"乔培军,黄湘通,李艳丽,江小英,张灵敏,谌微微,徐娟,陈岭娣","05122,06143,11079,13190,16034,16035,16074,18044",",,,,,,,",专业选修课,中文,四平路校区,"2024(海洋科学(强基计划) 09047),2024(基础学科拔尖班(海洋) 31005),2024(海洋科学 31006)",0,1,16,黄湘通(06143) 星期一5-6节 [1-2 16] 南219 张灵敏(16034) 星期一5-6节 [7] 南219 谌微微(16035) 星期一5-6节 [12-13] 南219 徐娟(16074) 星期一5-6节 [14] 南219 乔培军(05122) 星期一5-6节 [3-4] 南219 江小英(13190) 星期一5-6节 [5-6] 南219 李艳丽(11079) 星期一5-6节 [8-10 15] 南219 陈岭娣(18044) 星期一5-6节 [11] 南219 乔培军(05122) 星期三3-4节 [3] 南219 黄湘通(06143) 星期三3-4节 [1 15] 南219 陈岭娣(18044) 星期三3-4节 [11] 南219 李艳丽(11079) 星期三3-4节 [9] 南219 张灵敏(16034) 星期三3-4节 [7] 南219 徐娟(16074) 星期三3-4节 [13] 南219 江小英(13190) 星期三3-4节 [5] 南219
OES452901,地球物理测井,2,,汤继周,20137,,专业选修课,中文,四平路校区,2023(地球物理学 31024),0,1,16,汤继周(20137) 星期三1-2节 [1-16] 北220
OES340201,电磁学与探测方法,3,,"赵永辉,张罗磊,赵崇进","03204,15018,22025",",,",专业必修课,中文,四平路校区,2024(地球物理学 31024),0,1,16,张罗磊(15018) 星期二3-4节 [1-8 11-15] 北315 赵永辉(03204) 星期二3-4节 [9-10] 北315 赵崇进(22025) 星期二3-4节 [16] 北315 赵永辉(03204) 星期四3-4节 [9] 北315 张罗磊(15018) 星期四3-4节 [1-7单 11-15单] 北315
OES340101,构造地质学(含大地构造),2,,周征宇,06058,,专业必修课,中文,四平路校区,2024(地球物理学 31024),0,1,16,周征宇(06058) 星期四1-2节 [1-16] 北317
OES000101,珠宝鉴赏,2,,马婷婷,00027,,人文经典与审美素养,中文,四平路校区,,0,1,12,马婷婷(00027) 星期一9-10节 [1-12] 南108
OES000102,珠宝鉴赏,2,,马婷婷,00027,,人文经典与审美素养,中文,嘉定校区,,0,1,16,马婷婷(00027) 星期四7-8节 [1-12] 博楼B111
OES000201,天、地、生科学趣谈,2,,李建如,07010,,科学探索与生命关怀,中文,四平路校区,,0,1,12,李建如(07010) 星期三9-10节 [1-12] 北210
OES000202,天、地、生科学趣谈,2,,李建如,07010,,科学探索与生命关怀,中文,嘉定校区,,0,1,16,李建如(07010) 星期一7-8节 [1-12] 博楼B101
OES340301,重磁学与探测方法,3,,"张新兵,赵崇进,于鹏","03190,22025,99132",",,",专业必修课,中文,四平路校区,2024(地球物理学 31024),0,1,16,赵崇进(22025) 星期一5-6节 [9-16] 北311 张新兵(03190) 星期一5-6节 [2-8] 北311 于鹏(99132) 星期一5-6节 [1] 北311 张新兵(03190) 星期四3-4节 [2-8双] 北315 赵崇进(22025) 星期四3-4节 [10-16双] 北315
OES350601,古生物地史学,3,,肖文申,16073,,专业选修课,中文,四平路校区,"2024(海洋科学(强基计划) 09047),2024(基础学科拔尖班(海洋) 31005),2024(海洋科学 31006)",0,1,16,肖文申(16073) 星期三1-2节 [1-16] 海洋楼A201 肖文申(16073) 星期五5-6节 [1-15单] 海洋楼A201
OES000301,中国玉石及玉文化鉴赏,2,,周征宇,06058,,人文经典与审美素养,中文,四平路校区,,0,1,12,周征宇(06058) 星期三9-10节 [1-12] 南329
OES000302,中国玉石及玉文化鉴赏,2,周征宇(),周征宇,06058,,人文经典与审美素养,中文,嘉定校区,,0,1,16,周征宇(06058) 星期三5-6节 [1-12] 广楼G101
OES000303,中国玉石及玉文化鉴赏,2,周征宇(),周征宇,06058,,人文经典与审美素养,中文,四平路校区,,0,1,12,周征宇(06058) 星期四9-10节 [1-12] 南329
OES000501,旅游地质学,2,,"李超,戴璐","18025,22150",",",科学探索与生命关怀,中文,四平路校区,,0,1,12,李超(18025) 星期一7-8节 [11-12] 北207 戴璐(22150) 星期一7-8节 [1-10] 北207
OES000502,旅游地质学,2,,"李超,戴璐","18025,22150",",",科学探索与生命关怀,中文,嘉定校区,,0,1,16,李超(18025) 星期四7-8节 [1-11] 博楼B104 戴璐(22150) 星期四7-8节 [12] 博楼B104
OES230501,岩石物理学,2,,赵峦啸,14524,,专业基础课,中文,四平路校区,2025(地球物理学 31024),0,1,16,赵峦啸(14524) 星期一5-6节 [1-16] 北309
OES353001,地球灾害,2,,薛梅,08036,,专业选修课,中文,四平路校区,2024(地球物理学 31024),0,1,16,薛梅(08036) 星期五3-4节 [1-16] 北316
OES453101,环境与工程地球物理,2,,赵永辉,03204,,专业选修课,中文,四平路校区,2023(地球物理学 31024),0,1,16,赵永辉(03204) 星期四1-2节 [1-16] 北315
OES440601,海洋地球物理,2,,"于有强,陈军","16037,94035",",",专业必修课,中文,四平路校区,"2023(基础学科拔尖班(海洋) 31005),2023(海洋科学 31006),2023(地球物理学 31024)",0,1,16,陈军(94035) 星期三3-4节 [11-16] 北120 于有强(16037) 星期三3-4节 [1-10] 北120
OES452001,海洋遥感,2,覃如府(),"陈华根,覃如府","01094,08034",",",专业选修课,中文,四平路校区,2023(海洋科学 31006),0,1,16,陈华根(01094) 星期三1-2节 [5-16] 北305 覃如府(08034) 星期三1-2节 [1-4] 北305
OES240301,物理海洋学,3,,张艳伟,09088,,个性化课程,中文,嘉定校区,2023(工程力学(强基计划) 09001),0,1,16,张艳伟(09088) 星期六1-2节 [1-16] 不排教室
OES240302,物理海洋学,3,,张艳伟,09088,,专业选修课,中文,四平路校区,"2023(应用化学(强基计划) 09002),2023(生物技术(强基计划) 09003),2023(应用物理学(强基计划) 09005)",0,1,16,张艳伟(09088) 星期日9-11节 [1-16] 不排教室
OES453201,综合地球物理解释,2,,"张新兵,赵永辉,于鹏","03190,03204,99132",",,",专业选修课,中文,四平路校区,2023(地球物理学 31024),0,1,16,于鹏(99132) 星期五3-4节 [12-13] 南312 张新兵(03190) 星期五3-4节 [1-11 16] 南312 赵永辉(03204) 星期五3-4节 [14-15] 南312
OES000701,地球物理趣谈,2,赵永辉(),"张新兵,赵永辉,韩德胜","03190,03204,17118",",,",科学探索与生命关怀,中文,四平路校区,,0,1,12,赵永辉(03204) 星期四7-8节 [8-12] 北217 张新兵(03190) 星期四7-8节 [1-6] 北217 韩德胜(17118) 星期四7-8节 [7] 北217
OES000702,地球物理趣谈,2,赵永辉(),"张新兵,赵永辉,韩德胜","03190,03204,17118",",,",科学探索与生命关怀,中文,嘉定校区,,0,1,16,张新兵(03190) 星期三7-8节 [1-6] 博楼B304 韩德胜(17118) 星期三7-8节 [7] 博楼B304 赵永辉(03204) 星期三7-8节 [8-12] 博楼B304
OES450902,海洋资源概论,2,吴自军(),"吴自军,李江涛,袁伟","08099,10041,15524",",,",专业选修课,中文,四平路校区,"2023(工程力学(强基计划) 09001),2023(应用化学(强基计划) 09002),2023(生物技术(强基计划) 09003),2023(应用物理学(强基计划) 09005),2023(基础学科拔尖班(海洋) 31005),2023(海洋科学 31006),2023(地球物理学 31024)",0,1,16,吴自军(08099) 星期一3-4节 [1-7] 南122 李江涛(10041) 星期一3-4节 [9-16] 南122 袁伟(15524) 星期一3-4节 [8] 南122
OES450903,海洋资源概论,2,,"吴自军,李江涛","08099,10041",",",个性化课程,中文,嘉定校区,2023(工程力学(强基计划) 09001),0,1,16,"吴自军(08099),李江涛(10041) 星期六3-4节 [1-16] 不排教室"
OES000901,揭秘极地与海洋,2,,陈军,94035,,科学探索与生命关怀,中文,四平路校区,,0,1,12,陈军(94035) 星期三9-10节 [1-12] 北209
OES000902,揭秘极地与海洋,2,,陈军,94035,,科学探索与生命关怀,中文,嘉定校区,,0,1,16,陈军(94035) 星期一7-8节 [1-12] 博楼B111
OES230601,地球物理学概论,3,宋海斌(),"张新兵,薛梅,宋海斌,张罗磊","03190,08036,14142,15018",",,,",专业基础课,中文,四平路校区,"2023(应用化学(强基计划) 09002),2023(生物技术(强基计划) 09003),2023(应用物理学(强基计划) 09005),2024(海洋科学(强基计划) 09047),2024(基础学科拔尖班(海洋) 31005),2024(海洋科学 31006),2025(地球物理学 31024)",0,1,16,张罗磊(15018) 星期一7-8节 [10] 北122 宋海斌(14142) 星期一7-8节 [2-4双 12-16双] 北122 薛梅(08036) 星期一7-8节 [6-8双] 北122 宋海斌(14142) 星期三1-2节 [1-5 12-16] 北122 薛梅(08036) 星期三1-2节 [6-8] 北122 张新兵(03190) 星期三1-2节 [11] 北122 张罗磊(15018) 星期三1-2节 [9-10] 北122
OES230603,地球物理学概论,3,,"张新兵,薛梅,宋海斌,张罗磊","03190,08036,14142,15018",",,,",个性化课程,中文,嘉定校区,2023(工程力学(强基计划) 09001),0,1,16,"张新兵(03190),薛梅(08036),宋海斌(14142),张罗磊(15018) 星期六5-6节 [1-16] 不排教室"
OES340501,勘探地震学,3,陈怀震(),"杨锴,陈怀震,冯波","03195,19523,25017",",,",专业必修课,中文,四平路校区,"2024(海洋科学(强基计划) 09047),2024(基础学科拔尖班(海洋) 31005),2024(海洋科学 31006),2024(地球物理学 31024)",0,1,16,冯波(25017) 星期二1-2节 [7-8] 北219 杨锴(03195) 星期二1-2节 [9-10] 北219 陈怀震(19523) 星期二1-2节 [1-6 11-16] 北219 冯波(25017) 星期四7-8节 [8] 南215 陈怀震(19523) 星期四7-8节 [2-6双 12-16双] 南215 杨锴(03195) 星期四7-8节 [10] 南215
OES451101,板块构造与地球动力学,2,,柳畅,17014,,专业选修课,中文,四平路校区,"2023(基础学科拔尖班(海洋) 31005),2023(海洋科学 31006),2023(地球物理学 31024)",0,1,16,柳畅(17014) 星期二1-2节 [1-16] 南220
OES460201,创新实践,1,,易亮,16508,,实践环节课程,中文,四平路校区,"2023(基础学科拔尖班(海洋) 31005),2023(海洋科学 31006),2023(地球物理学 31024)",0,1,16,易亮(16508) 星期一1-2节 [1-15单] 学院安排
OES231001,海洋技术导论,2,,"覃如府,王睿智,季福武,杨群慧,高航,孔美巍","08034,08088,08115,08116,11154,22503",",,,,,null",专业基础课,中文,四平路校区,"2025(生物技术(强基计划) 09003),2025(海洋科学与技术(强基计划) 09057),2025(海洋科学与技术 31027)",0,1,16,杨群慧(08116) 星期一3-4节 [1-4] 南219 孔美巍(22503) 星期一3-4节 [5-6] 南219 高航(11154) 星期一3-4节 [9-10 13] 南219 覃如府(08034) 星期一3-4节 [11-12] 南219 王睿智(08088) 星期一3-4节 [14-16] 南219 季福武(08115) 星期一3-4节 [7-8] 南219
OES351101,彩色宝石鉴定与评价,4,,马婷婷,00027,,专业选修课,中文,四平路校区,2024(文化产业管理 07914),0,1,16,马婷婷(00027) 星期三5-8节 [1-16] 南207
OES360601,地球物理实验(上),3,,"王玮,张新兵,张罗磊,赵崇进,王腾飞","02026,03190,15018,22025,22546",",,,,null",实践环节课程,中文,四平路校区,2024(地球物理学 31024),0,1,16,张新兵(03190) 星期一9-11节 [14-16] 海洋楼A213 张罗磊(15018) 星期一9-11节 [9-11] 海洋楼A213 王腾飞(22546) 星期一9-11节 [5-8] 海洋楼A213 赵崇进(22025) 星期一9-11节 [12-13] 海洋楼A213 王玮(02026) 星期一9-11节 [1-4] 海洋楼A213
OES001101,蓝色海洋中的地球奥秘,2,田军(),"田军,黄湘通,谢昕,刘忠方,袁伟,黄恩清,王跃,俞恂,金晓波,颜余真,卢婉仪","02174,06143,07158,14140,15524,16501,16511,19502,20514,23082,23165",",,,,,,,,,,",科学探索与生命关怀,中文,四平路校区,,0,1,12,俞恂(19502) 星期四9-10节 [11] 南122 袁伟(15524) 星期四9-10节 [10] 南122 金晓波(20514) 星期四9-10节 [3] 南122 黄湘通(06143) 星期四9-10节 [6] 南122 王跃(16511) 星期四9-10节 [8] 南122 卢婉仪(23165) 星期四9-10节 [2] 南122 谢昕(07158) 星期四9-10节 [7] 南122 颜余真(23082) 星期四9-10节 [9] 南122 刘忠方(14140) 星期四9-10节 [4] 南122 田军(02174) 星期四9-10节 [1 12] 南122 黄恩清(16501) 星期四9-10节 [5] 南122
OES001102,蓝色海洋中的地球奥秘,2,田军(),"田军,黄湘通,谢昕,刘忠方,袁伟,黄恩清,王跃,俞恂,金晓波,颜余真,卢婉仪","02174,06143,07158,14140,15524,16501,16511,19502,20514,23082,23165",",,,,,,,,,,",科学探索与生命关怀,中文,嘉定校区,,0,1,16,袁伟(15524) 星期三7-8节 [10] 博楼B311 王跃(16511) 星期三7-8节 [8] 博楼B311 金晓波(20514) 星期三7-8节 [3] 博楼B311 黄恩清(16501) 星期三7-8节 [5] 博楼B311 卢婉仪(23165) 星期三7-8节 [2] 博楼B311 田军(02174) 星期三7-8节 [1 12] 博楼B311 俞恂(19502) 星期三7-8节 [11] 博楼B311 黄湘通(06143) 星期三7-8节 [6] 博楼B311 刘忠方(14140) 星期三7-8节 [4] 博楼B311 颜余真(23082) 星期三7-8节 [9] 博楼B311 谢昕(07158) 星期三7-8节 [7] 博楼B311
OES250101,结晶学与矿物学,2,陈琼(),陈琼,18028,,专业选修课,中文,四平路校区,"2025(海洋科学与技术(强基计划) 09057),2025(海洋科学与技术 31027)",0,1,16,陈琼(18028) 星期三5-6节 [1-16] 海洋楼A602
OES230701,海洋科学导论,3,王鹏(),"王鹏,吴自军,张艳伟","05163,08099,09088",",,",专业基础课,中文,四平路校区,"2025(生物技术(强基计划) 09003),2025(海洋科学与技术(强基计划) 09057),2025(海洋科学与技术 31027)",0,1,16,张艳伟(09088) 星期一5-6节 [2-6双] 南410 吴自军(08099) 星期一5-6节 [8-12双] 南410 王鹏(05163) 星期一5-6节 [14-16双] 南410 张艳伟(09088) 星期三3-4节 [1-6] 南410 王鹏(05163) 星期三3-4节 [13-16] 南410 吴自军(08099) 星期三3-4节 [7-12] 南410
OES230801,地球科学概论,3,田军(),"田军,谢昕,黄恩清","02174,07158,16501",",,",专业基础课,中文,四平路校区,"2023(应用化学(强基计划) 09002),2023(生物技术(强基计划) 09003),2023(应用物理学(强基计划) 09005),2025(生物技术(强基计划) 09003),2025(海洋科学与技术(强基计划) 09057),2025(地球物理学 31024),2025(海洋科学与技术 31027)",0,1,16,黄恩清(16501) 星期一7-8节 [5] 北122 谢昕(07158) 星期一7-8节 [7-15单] 北122 田军(02174) 星期一7-8节 [1-3单] 北122 谢昕(07158) 星期四3-4节 [6-8 10-12双 13-14 16] 北122 田军(02174) 星期四3-4节 [1-3单 11 15] 北122 黄恩清(16501) 星期四3-4节 [2-4双 5 9] 北122
OES230802,地球科学概论,3,,"田军,谢昕,黄恩清","02174,07158,16501",",,",个性化课程,中文,嘉定校区,2023(工程力学(强基计划) 09001),0,1,16,"田军(02174),谢昕(07158),黄恩清(16501) 星期六7-8节 [1-16] 不排教室"
OES351901,海洋流体力学,2,米智楠(),米智楠,04187,,专业选修课,中文,四平路校区,"2024(海洋科学(强基计划) 09047),2024(基础学科拔尖班(海洋) 31005),2024(海洋科学 31006)",0,1,16,米智楠(04187) 星期三5-6节 [1-16] 北319
OES452601,空间等离子体物理导论,2,,石润,20123,,专业选修课,中文,四平路校区,2023(地球物理学 31024),0,1,16,石润(20123) 星期四3-4节 [1-16] 北214
OES001401,气候变化与生态环境演变,2,,"易亮,戴璐","16508,22150",",",社会发展与国际视野,中文,四平路校区,,0,1,12,戴璐(22150) 星期三9-10节 [1-7] 北207 易亮(16508) 星期三9-10节 [8-12] 北207
OES001402,气候变化与生态环境演变,2,,"易亮,戴璐","16508,22150",",",社会发展与国际视野,中文,嘉定校区,,0,1,16,戴璐(22150) 星期四9-10节 [1-7] 博楼B101 易亮(16508) 星期四9-10节 [8-12] 博楼B101
OES001501,行星笔记,2,孙耀充(),"石润,孙耀充","20123,22154",",",科学探索与生命关怀,中文,四平路校区,,0,1,12,石润(20123) 星期四7-8节 [8-11] 南119 孙耀充(22154) 星期四7-8节 [1-7 12] 南119
OES001502,行星笔记,2,孙耀充(),"石润,孙耀充","20123,22154",",",科学探索与生命关怀,中文,嘉定校区,,0,1,16,孙耀充(22154) 星期三7-8节 [1-7 12] 博楼B313 石润(20123) 星期三7-8节 [8-11] 博楼B313
OES352301,海洋声学基础与应用,2,,王浩,07135,,专业选修课,中文,四平路校区,"2024(海洋科学(强基计划) 09047),2024(基础学科拔尖班(海洋) 31005),2024(海洋科学 31006)",0,1,16,王浩(07135) 星期四5-6节 [1-16] 南214
OES452501,海洋大数据原理与方法,2,,"覃如府,赵峦啸,王跃,王本锋","08034,14524,16511,18502",",,,",专业选修课,中文,四平路校区,2023(海洋科学 31006),0,1,16,王本锋(18502) 星期一7-8节 [13-14] 北322 赵峦啸(14524) 星期一7-8节 [15-16] 北322 覃如府(08034) 星期一7-8节 [9-12] 北322 王跃(16511) 星期一7-8节 [1-8] 北322
OES351301,古海洋与古环境,3,党皓文(),党皓文,21041,,专业选修课,中文,四平路校区,"2024(海洋科学(强基计划) 09047),2024(基础学科拔尖班(海洋) 31005),2024(海洋科学 31006)",0,1,16,党皓文(21041) 星期一7-8节 [1-15单] 南215 党皓文(21041) 星期四5-6节 [1-16] 南215
OES351501,石油与天然气地质学,3,付晓伟(),"王玮,付晓伟","02026,19515",",",专业选修课,中文,四平路校区,"2024(海洋科学(强基计划) 09047),2024(基础学科拔尖班(海洋) 31005),2024(海洋科学 31006),2024(地球物理学 31024)",0,1,16,付晓伟(19515) 星期三7-8节 [1-10 13] 北220 王玮(02026) 星期三7-8节 [11-12 14-16] 北220 付晓伟(19515) 星期四7-8节 [1-9单 13] 南215 王玮(02026) 星期四7-8节 [11 15] 南215
OES350201,海洋信息基础与控制,4,吕枫(),"李蓉艳,吕枫,王本锋","07142,14025,18502",",,",专业选修课,中文,四平路校区,"2024(海洋科学(强基计划) 09047),2024(基础学科拔尖班(海洋) 31005),2024(海洋科学 31006)",0,1,16,李蓉艳(07142) 星期三9-10节 [8] 北219 吕枫(14025) 星期三9-10节 [9-16] 北219 王本锋(18502) 星期三9-10节 [1-7] 北219 李蓉艳(07142) 星期五3-4节 [8] 北219 吕枫(14025) 星期五3-4节 [9-16] 北219 王本锋(18502) 星期五3-4节 [1-7] 北219
OES353801,海洋智能感知网络,2,吕枫(),吕枫,14025,,专业选修课,中文,四平路校区,"2024(海洋科学(强基计划) 09047),2024(基础学科拔尖班(海洋) 31005),2024(海洋科学 31006)",0,1,16,吕枫(14025) 星期五7-8节 [1-16] 南219
OES002001,地震与人类生活,2,,袁伟,15524,,科学探索与生命关怀,中文,四平路校区,,0,1,12,袁伟(15524) 星期一9-10节 [1-12] 北218
OES002002,地震与人类生活,2,,袁伟,15524,,科学探索与生命关怀,中文,嘉定校区,,0,1,16,袁伟(15524) 星期三9-10节 [1-12] 博楼B101
人文学院,,,,,,,,,,,,,,
,,,,,,,,,,,,,,
COH000201,台湾文学与电影,2,,黄陆璐,03131,,人文经典与审美素养,中文,四平路校区,,0,1,12,黄陆璐(03131) 星期三7-8节 [1-12] 南122
COH000202,台湾文学与电影,2,,黄陆璐,03131,,人文经典与审美素养,中文,嘉定校区,,0,1,16,黄陆璐(03131) 星期四7-8节 [1-12] 博楼B313
COH000203,台湾文学与电影,2,,黄陆璐,03131,,人文经典与审美素养,中文,嘉定校区,,0,1,16,黄陆璐(03131) 星期四9-10节 [1-12] 博楼B313
COH001001,文学与音乐,2,,张轩辞,13139,,人文经典与审美素养,中文,四平路校区,,0,1,12,张轩辞(13139) 星期四7-8节 [1-12] 南320
COH001003,文学与音乐,2,,张轩辞,13139,,人文经典与审美素养,中文,四平路校区,,0,1,12,张轩辞(13139) 星期四9-10节 [1-12] 南320
COH002401,后现代主义文化批评,2,,郑端,24061,,人文经典与审美素养,中文,四平路校区,,0,1,12,郑端(24061) 星期三7-8节 [1-12] 北307
COH002701,西方文化史,2,,穆晨,21108,,人文经典与审美素养,中文,四平路校区,,0,1,12,穆晨(21108) 星期四9-10节 [1-12] 南319
COH002702,西方文化史,2,,穆晨,21108,,人文经典与审美素养,中文,四平路校区,,0,1,12,穆晨(21108) 星期一9-10节 [1-12] 南319
COH002801,道家经典导读,2,,方用,98060,,人文经典与审美素养,中文,四平路校区,,0,1,12,方用(98060) 星期一7-8节 [1-12] 南119
COH344001,语言学概论,2,,傅及斯,24151,,专业必修课,中文,四平路校区,"2024(汉语言文学 07004),2025(汉语言文学(二学位) 07917)",0,1,16,傅及斯(24151) 星期五3-4节 [1-16] 南212
COH454001,后现代主义思潮,2,,丛子钰,22232,,专业选修课,中文,四平路校区,"2023(汉语言文学 07004),2025(汉语言文学(二学位) 07917)",0,1,16,丛子钰(22232) 星期三1-2节 [1-16] 南119
COH250101,逻辑学,2,,陈君华,91138,,专业必修课,中文,四平路校区,"2025(哲学 07094),2025(政治学与行政学(PPE创新实验区) 53015)",0,1,16,陈君华(91138) 星期二1-2节 [1-16] 南321
COH244001,文学概论,2,,丛子钰,22232,,专业必修课,中文,四平路校区,2025(汉语言文学 07004),0,1,16,丛子钰(22232) 星期三5-6节 [1-16] 南218
COH003701,西方哲学史,2,,张娜,24019,,人文经典与审美素养,中文,四平路校区,,0,1,12,张娜(24019) 星期四7-8节 [1-12] 南319
COH244101,中国现代文学,2,,"祝宇红,刘祎家","09019,22186",",",专业必修课,中文,四平路校区,2025(汉语言文学 07004),0,1,16,祝宇红(09019) 星期三7-8节 [1-8] 南218 刘祎家(22186) 星期三7-8节 [9-16] 南218
COH350101,西方美学史,2,,"赵千帆,杨光","05121,16540",",",专业选修课,中文,四平路校区,2024(哲学 07094),0,1,16,杨光(16540) 星期一1-2节 [1-2 11-16] 南307 赵千帆(05121) 星期一1-2节 [3-10] 南307
COH250201,儒家哲学专题,2,,吴小锋,12153,,专业选修课,中文,四平路校区,2025(哲学 07094),0,1,16,吴小锋(12153) 星期二3-4节 [1-16] 南321
COH450101,中西比较哲学,2,,柯小刚,03143,,专业选修课,中文,四平路校区,"2023(哲学 07094),2025(哲学(二学位) 07916)",0,1,16,柯小刚(03143) 星期一5-6节 [1-16] 北321
COH250401,宗教学,2,,周萍萍,08126,,专业选修课,中文,四平路校区,2025(哲学 07094),0,1,16,周萍萍(08126) 星期一5-6节 [1-16] 南321
COH350201,近代西方哲学专题,2,,李琍,04027,,专业选修课,中文,四平路校区,2024(哲学 07094),0,1,16,李琍(04027) 星期四3-4节 [1-16] 南307
COH350301,西方马克思主义,2,郑端(),"郑端,金翱","24061,24117",",",专业选修课,中文,四平路校区,"2023(哲学 07094),2025(哲学(二学位) 07916)",0,1,16,郑端(24061) 星期一1-2节 [1-8] 北321 金翱(24117) 星期一1-2节 [9-16] 北321
COH440102,马克思主义哲学史,2,陈立新(),"陈立新,刘日明","22851,95051",",",专业必修课,中文,四平路校区,"2023(哲学 07094),2025(哲学(二学位) 07916)",0,1,16,陈立新(22851) 星期二1-2节 [3-16] 北321 刘日明(95051) 星期二1-2节 [1-2] 北321
COH450201,基督教哲学专题,2,,谢志斌,12132,,专业选修课,中文,四平路校区,2023(哲学 07094),0,1,16,谢志斌(12132) 星期三5-6节 [1-16] 北321
COH344201,古代汉语2,2,,邓军,01121,,专业必修课,中文,四平路校区,"2024(汉语言文学 07004),2025(汉语言文学(二学位) 07917)",0,1,16,邓军(01121) 星期三3-4节 [1-16] 南212
COH244301,写作,2,,刘祎家,22186,,专业必修课,中文,四平路校区,"2024(汉语言文学 07004),2025(汉语言文学 07004),2025(汉语言文学(二学位) 07917)",0,1,16,刘祎家(22186) 星期一7-8节 [1-16] 南220
COH344301,比较文学概论,2,,朱静宇,05072,,专业必修课,中文,四平路校区,"2024(汉语言文学 07004),2025(汉语言文学(二学位) 07917)",0,1,16,朱静宇(05072) 星期一5-6节 [1-16] 南212
COH354301,中国现当代文艺思潮,2,,丁茜菡,21100,,专业选修课,中文,四平路校区,"2024(汉语言文学 07004),2025(汉语言文学(二学位) 07917)",0,1,16,丁茜菡(21100) 星期三7-8节 [1-16] 南212
COH120101,大学语文与写作,2,,李弢,05247,,公共基础课,中文,四平路校区,"2024(金融学(数学与应用数学双学士学位) 01095),2025(工商管理(中法班) 01414)",0,1,16,李弢(05247) 星期二1-2节 [1-16] 南222
COH254401,《诗经》《楚辞》精读,2,,刘强,04144,,专业选修课,中文,四平路校区,2025(汉语言文学 07004),0,1,16,刘强(04144) 星期日7-8节 [1-16] 不排教室
COH250601,伦理学,2,,李琍,04027,,专业选修课,中文,四平路校区,"2024(政治学与行政学(PPE创新实验区) 53015),2025(哲学 07094)",0,1,16,李琍(04027) 星期四1-2节 [1-16] 南321
COH250701,科学思想史,2,,杜严勇,10108,,专业选修课,中文,四平路校区,2025(哲学 07094),0,1,16,杜严勇(10108) 星期四7-8节 [1-16] 南321
COH354401,唐宋诗词研究,2,,李弢,05247,,专业选修课,中文,四平路校区,2024(汉语言文学 07004),0,1,16,李弢(05247) 星期二3-4节 [1-16] 南212
COH247101,文化产业概论,2,,夏洁秋,07155,,专业必修课,中文,四平路校区,2025(文化产业管理 07914),0,1,16,夏洁秋(07155) 星期四5-6节 [1-16] 南221
COH457001,文化人力资源管理,2,,李晨,15034,,专业选修课,中文,四平路校区,2023(文化产业管理 07914),0,1,16,李晨(15034) 星期一1-2节 [1-16] 南318
COH347001,文化产业政策与法规,2,,夏洁秋,07155,,专业必修课,中文,四平路校区,2024(文化产业管理 07914),0,1,16,夏洁秋(07155) 星期四3-4节 [1-16] 南207
COH004701,中国传统文化(民俗文化),2,,刘成,24029,,人文经典与审美素养,中文,四平路校区,,0,1,12,刘成(24029) 星期四7-8节 [1-12] 北320
COH004702,中国传统文化(民俗文化),2,,刘成,24029,,人文经典与审美素养,中文,嘉定校区,,0,1,16,刘成(24029) 星期三7-8节 [1-12] 安楼A105
COH005101,中国思想经典,2,,殷小勇,06161,,人文经典与审美素养,中文,四平路校区,,0,1,12,殷小勇(06161) 星期三7-8节 [1-12] 南119
COH005102,中国思想经典,2,,殷小勇,06161,,人文经典与审美素养,中文,嘉定校区,,0,1,16,殷小勇(06161) 星期四9-10节 [1-12] 博楼B103
COH005301,艺术经典(中国电影评析),2,,潘炜,20127,,人文经典与审美素养,中文,嘉定校区,,0,1,16,潘炜(20127) 星期三7-8节 [1-12] 安楼A305
COH005302,艺术经典(中国电影评析),2,,潘炜,20127,,人文经典与审美素养,中文,嘉定校区,,0,1,16,潘炜(20127) 星期三9-10节 [1-12] 安楼A305
COH005501,艺术经典(影视欣赏),2,,郑端,24061,,人文经典与审美素养,中文,四平路校区,,0,1,12,郑端(24061) 星期四7-8节 [1-12] 北307
COH005502,艺术经典(影视欣赏),2,,郑端,24061,,人文经典与审美素养,中文,四平路校区,,0,1,12,郑端(24061) 星期三9-10节 [1-12] 北307
COH005601,艺术经典(电影欣赏),2,,陈曲,20126,,人文经典与审美素养,中文,四平路校区,,0,1,12,陈曲(20126) 星期三7-8节 [1-12] 南219
COH247301,文化资源概论,2,,黄松,08014,,专业必修课,中文,四平路校区,2025(文化产业管理 07914),0,1,16,黄松(08014) 星期五3-4节 [1-16] 南221
COH347201,文化产品与营销,2,,叶凯,07011,,专业必修课,中文,四平路校区,2024(文化产业管理 07914),0,1,16,叶凯(07011) 星期一1-2节 [1-16] 南207
COH357001,新媒体经营与管理,2,,叶凯,07011,,专业选修课,中文,四平路校区,2024(文化产业管理 07914),0,1,16,叶凯(07011) 星期一3-4节 [1-16] 南207
COH006001,佛教经典与文化,2,,方用,98060,,人文经典与审美素养,中文,四平路校区,,0,1,12,方用(98060) 星期一9-10节 [1-12] 南119
COH247501,艺术概论,2,,王菡薇,21048,,专业必修课,中文,四平路校区,2025(文化产业管理 07914),0,1,16,王菡薇(21048) 星期三7-8节 [1-16] 南221
COH254501,中国通史,2,,王璞,05146,,专业选修课,中文,四平路校区,2025(汉语言文学 07004),0,1,16,王璞(05146) 星期日5-6节 [1-16] 不排教室
COH357101,消费文化专题,2,,黄陆璐,03131,,专业选修课,中文,四平路校区,2024(文化产业管理 07914),0,1,16,黄陆璐(03131) 星期三3-4节 [1-16] 南207
COH240201,先秦哲学专题,2,,方用,98060,,专业必修课,中文,四平路校区,2025(哲学 07094),0,1,16,方用(98060) 星期四3-4节 [1-16] 南321
COH340201,两汉经学专题,2,,陈徽,03139,,专业必修课,中文,四平路校区,2024(哲学 07094),0,1,16,陈徽(03139) 星期三3-4节 [1-16] 南307
COH350501,魏晋哲学专题,2,,谷继明,13184,,专业选修课,中文,四平路校区,2024(哲学 07094),0,1,16,谷继明(13184) 星期日7-8节 [1-16] 不排教室
COH450301,近代中国哲学专题,2,,方用,98060,,专业必修课,中文,四平路校区,"2023(哲学 07094),2025(哲学(二学位) 07916)",0,1,16,方用(98060) 星期四1-2节 [1-16] 北321
COH350601,文艺复兴思想专题,2,,韩潮,02094,,专业选修课,中文,四平路校区,2024(哲学 07094),0,1,16,韩潮(02094) 星期二1-2节 [1-16] 南307
COH450401,法国哲学专题,2,,张尧均,04090,,专业选修课,中文,四平路校区,"2023(哲学 07094),2025(哲学(二学位) 07916)",0,1,16,张尧均(04090) 星期一3-4节 [1-16] 北321
COH251101,两汉经学经典,2,,曾奕,12078,,专业选修课,中文,四平路校区,2025(哲学 07094),0,1,16,曾奕(12078) 星期五5-6节 [1-16] 南321
COH350801,佛学经典,2,,李欣,06111,,专业选修课,中文,四平路校区,2024(哲学 07094),0,1,16,李欣(06111) 星期五1-2节 [1-16] 南307
COH350901,宋明理学经典,2,,刘昊,21089,,专业选修课,中文,四平路校区,2024(哲学 07094),0,1,16,刘昊(21089) 星期二3-4节 [1-16] 南307
COH251201,希腊哲学经典,2,,李革新,04176,,专业选修课,中文,四平路校区,2025(哲学 07094),0,1,16,李革新(04176) 星期一7-8节 [1-16] 南321
COH351001,基督教哲学经典,2,,谢志斌,12132,,专业选修课,中文,四平路校区,2024(哲学 07094),0,1,16,谢志斌(12132) 星期三7-8节 [1-16] 北321
COH251301,马哲原著选读,2,,陈曲,20126,,专业选修课,中文,四平路校区,2025(哲学 07094),0,1,16,陈曲(20126) 星期三9-10节 [1-16] 南321
COH351403,现代德国哲学经典,2,,宗成河,04032,,专业选修课,中文,四平路校区,"2024(汉语言文学 07004),2024(哲学 07094),2024(文化产业管理 07914),2025(哲学(二学位) 07916),2025(数智人文拔尖班 11060)",0,1,16,宗成河(04032) 星期三1-2节 [1-16] 北410
COH351501,美学经典,2,,李欣,06111,,专业选修课,中文,四平路校区,2024(哲学 07094),0,1,16,李欣(06111) 星期日5-6节 [1-16] 不排教室
COH450501,现象学与解释学经典,2,,尚静,23003,,专业选修课,中文,四平路校区,"2023(哲学 07094),2025(哲学(二学位) 07916)",0,1,16,尚静(23003) 星期二3-4节 [1-16] 北321
COH454101,中国古代诗学名著导读,2,,张永胜,07175,,专业选修课,中文,四平路校区,"2023(汉语言文学 07004),2025(汉语言文学(二学位) 07917)",0,1,16,张永胜(07175) 星期日7-8节 [1-16] 不排教室
COH454201,白话小说研究,2,,沈鸣鸣,01091,,专业选修课,中文,四平路校区,"2023(汉语言文学 07004),2025(汉语言文学(二学位) 07917)",0,1,16,沈鸣鸣(01091) 星期二3-4节 [1-16] 南114
COH454301,中外名剧研究,2,,朱崇志,03112,,专业选修课,中文,四平路校区,"2023(汉语言文学 07004),2025(汉语言文学(二学位) 07917)",0,1,16,朱崇志(03112) 星期四3-4节 [1-16] 南122
COH254601,鲁迅作品讲读,2,,祝宇红,09019,,个性化课程,中文,四平路校区,"2025(汉语言文学 07004),2025(哲学 07094),2025(文化产业管理 07914)",0,1,16,祝宇红(09019) 星期一3-4节 [1-16] 南218
COH454401,小说批评,2,,张永胜,07175,,专业选修课,中文,四平路校区,"2023(汉语言文学 07004),2025(汉语言文学(二学位) 07917)",0,1,16,张永胜(07175) 星期二1-2节 [1-16] 南212
COH454501,欧洲国别文学研究专题,2,,胡国平,14214,,专业选修课,中文,四平路校区,"2023(汉语言文学 07004),2025(汉语言文学(二学位) 07917)",0,1,16,胡国平(14214) 星期四5-6节 [1-16] 南310
,德国当代文学选读,2,,胡国平,14214,,专业选修课,中文,四平路校区,2023(汉语言文学 07004),0,1,16,胡国平(14214) 星期日5-6节 [1-16] 不排教室
COH355201,上海文学与文化,2,,张屏瑾,07130,,专业选修课,中文,四平路校区,"2023(汉语言文学 07004),2024(汉语言文学 07004)",0,1,16,张屏瑾(07130) 星期三5-6节 [1-16] 南219
COH454601,女性文学与电影,2,,张屏瑾,07130,,专业选修课,中文,四平路校区,"2023(汉语言文学 07004),2025(汉语言文学(二学位) 07917)",0,1,16,张屏瑾(07130) 星期六7-8节 [1-16] 不排教室
COH355301,外国文学思潮与流派研究,2,,汤惟杰,95050,,专业选修课,中文,四平路校区,"2024(汉语言文学 07004),2025(汉语言文学(二学位) 07917)",0,1,16,汤惟杰(95050) 星期四7-8节 [1-16] 南212
COH247601,文化市场调查专题,2,,"夏洁秋,潘炜","07155,20127",",",专业必修课,中文,四平路校区,2025(文化产业管理 07914),0,1,16,夏洁秋(07155) 星期二3-4节 [1-2] 南221 潘炜(20127) 星期二3-4节 [3-16] 南221
COH357301,博物馆学基础,2,,赵晋超,23101,,个性化课程,中文,四平路校区,"2024(汉语言文学 07004),2024(哲学 07094),2024(文化产业管理 07914)",0,1,16,赵晋超(23101) 星期四1-2节 [1-16] 南212
COH007401,中国动画电影,2,,林清,97757,,人文经典与审美素养,中文,四平路校区,,0,1,12,林清(97757) 星期一7-8节 [1-12] 南317
COH007402,中国动画电影,2,,林清,97757,,人文经典与审美素养,中文,四平路校区,,0,1,12,林清(97757) 星期一9-10节 [1-12] 南317
COH007801,心理学与人生,2,,左培颖,22214,,社会发展与国际视野,中文,四平路校区,,0,1,12,左培颖(22214) 星期一7-8节 [1-12] 南318
COH007802,心理学与人生,2,,左培颖,22214,,社会发展与国际视野,中文,四平路校区,,0,1,12,左培颖(22214) 星期三7-8节 [1-12] 南318
COH007803,心理学与人生,2,,左培颖,22214,,社会发展与国际视野,中文,四平路校区,,0,1,12,左培颖(22214) 星期三9-10节 [1-12] 南318
COH244501,中国文学史（上）,2,,刘强,04144,,专业必修课,中文,四平路校区,2025(汉语言文学 07004),0,1,16,刘强(04144) 星期一1-2节 [1-16] 南218
COH344401,中国文学史（下）,2,,朱崇志,03112,,专业必修课,中文,四平路校区,"2024(汉语言文学 07004),2025(汉语言文学(二学位) 07917)",0,1,16,朱崇志(03112) 星期一3-4节 [1-16] 南212
COH357401,艺术策展专题,2,,夏开丰,19089,,专业选修课,中文,四平路校区,2024(文化产业管理 07914),0,1,16,夏开丰(19089) 星期日7-8节 [1-16] 不排教室
,文化经纪人专题,2,,解学芳,09096,,专业选修课,中文,四平路校区,2023(文化产业管理 07914),0,1,16,解学芳(09096) 星期日7-8节 [1-16] 不排教室
COH357501,网络文化产业与管理,2,,解学芳,09096,,专业选修课,中文,四平路校区,2024(文化产业管理 07914),0,1,16,解学芳(09096) 星期二3-4节 [1-16] 南207
COH255001,《论语》导读,2,,刘强,04144,,专业选修课,中文,四平路校区,2025(汉语言文学 07004),0,1,16,刘强(04144) 星期四5-6节 [1-16] 南218
COH454701,中国动画电影,2,,林清,97757,,专业选修课,中文,四平路校区,"2023(汉语言文学 07004),2025(汉语言文学(二学位) 07917)",0,1,16,林清(97757) 星期一1-2节 [1-16] 南111
COH355401,现当代西方文论,2,,李弢,05247,,专业选修课,中文,四平路校区,"2024(汉语言文学 07004),2025(汉语言文学(二学位) 07917)",0,1,16,李弢(05247) 星期四9-10节 [1-16] 南212
COH008101,变态心理学,2,,王倩,24156,,社会发展与国际视野,中文,四平路校区,,0,1,12,王倩(24156) 星期一7-8节 [1-12] 南117
COH008102,变态心理学,2,,王倩,24156,,社会发展与国际视野,中文,四平路校区,,0,1,12,王倩(24156) 星期三7-8节 [1-12] 南117
COH008103,变态心理学,2,,王倩,24156,,社会发展与国际视野,中文,四平路校区,,0,1,12,王倩(24156) 星期三9-10节 [1-12] 南117
COH008201,精神分析引论,2,,金翱,24117,,社会发展与国际视野,中文,四平路校区,,0,1,12,金翱(24117) 星期四7-8节 [1-12] 北215
COH008401,周易概论,2,,谷继明,13184,,人文经典与审美素养,中文,四平路校区,,0,1,12,谷继明(13184) 星期三7-8节 [1-12] 北413
COH009002,中外思想经典,2,,季蒙,04191,,人文经典与审美素养,中文,四平路校区,,0,1,12,季蒙(04191) 星期四7-8节 [1-12] 北214
COH009001,中外思想经典,2,,季蒙,04191,,人文经典与审美素养,中文,嘉定校区,,0,1,16,季蒙(04191) 星期三7-8节 [1-12] 博楼B201
COH009501,茶道跨文化美学,2,,何心鹏,14863,,人文经典与审美素养,中文,四平路校区,,0,1,12,何心鹏(14863) 星期四7-8节 [1-12] 北319
COH009502,茶道跨文化美学,2,,何心鹏,14863,,人文经典与审美素养,中文,四平路校区,,0,1,12,何心鹏(14863) 星期四9-10节 [1-12] 北319
COH009701,批判性思维,2,,陈君华,91138,,工程能力与创新思维,中文,四平路校区,,0,1,12,陈君华(91138) 星期三7-8节 [1-12] 南115
COH009901,精神病理学与健康心理学,2,,徐献军,18021,,人文经典与审美素养,中文,四平路校区,,0,1,12,徐献军(18021) 星期三7-8节 [1-12] 南112
COH247801,中国艺术史（上）,2,,李晨,15034,,专业必修课,中文,四平路校区,2025(文化产业管理 07914),0,1,16,李晨(15034) 星期一5-6节 [1-16] 南221
COH240401,中国哲学史（上）,2,,"殷小勇,曾奕","06161,12078",",",专业必修课,中文,四平路校区,"2024(政治学与行政学(PPE创新实验区) 53015),2025(哲学 07094)",0,1,16,殷小勇(06161) 星期五3-4节 [9-16] 南210 曾奕(12078) 星期五3-4节 [1-8] 南210
COH240601,西方哲学史（上）,2,,"吴树博,徐卫翔","13132,91521",",",专业必修课,中文,四平路校区,2025(哲学 07094),0,1,16,徐卫翔(91521) 星期一1-2节 [15-16] 南321 吴树博(13132) 星期一1-2节 [1-14] 南321
COH240602,西方哲学史（上）,2,,张轩辞,13139,,专业必修课,中文,四平路校区,2025(政治学与行政学(PPE创新实验区) 53015),0,1,16,张轩辞(13139) 星期五3-4节 [1-16] 南417
COH244701,外国文学史（上）,2,,胡国平,14214,,专业必修课,中文,四平路校区,2025(汉语言文学 07004),0,1,16,胡国平(14214) 星期五3-4节 [1-16] 南218
COH010501,考古与人类,2,,李晨,15034,,人文经典与审美素养,中文,四平路校区,,0,1,12,李晨(15034) 星期一7-8节 [1-12] 南121
COH244901,现代汉语,2,,张彧,24114,,专业必修课,中文,四平路校区,2025(汉语言文学 07004),0,1,16,张彧(24114) 星期四7-8节 [1-16] 南218
COH255201,《三国志》导学,2,,邓军,01121,,个性化课程,中文,四平路校区,"2025(汉语言文学 07004),2025(哲学 07094),2025(文化产业管理 07914)",0,1,16,邓军(01121) 星期三1-2节 [1-16] 南218
COH248001,学术论文写作,2,,"王菡薇,穆晨,赵晋超","21048,21108,23101",",,",专业必修课,中文,四平路校区,2025(文化产业管理 07914),0,1,16,穆晨(21108) 星期三5-6节 [10-16] 南221 赵晋超(23101) 星期三5-6节 [3-9] 南221 王菡薇(21048) 星期三5-6节 [1-2] 南221
COH257201,艺术研究方法论,2,,夏开丰,19089,,个性化课程,中文,四平路校区,"2025(汉语言文学 07004),2025(哲学 07094),2025(文化产业管理 07914)",0,1,16,夏开丰(19089) 星期五1-2节 [1-16] 南218
COH457101,美国艺术专题,2,,毛秋月,19027,,专业选修课,中文,四平路校区,2023(文化产业管理 07914),0,1,16,毛秋月(19027) 星期三1-2节 [1-16] 南318
COH351701,哲学外语及文献检索,2,,张振华,12100,,专业选修课,中文,四平路校区,2024(哲学 07094),0,1,16,张振华(12100) 星期五3-4节 [1-16] 南307
COH340402,现代西方哲学,2,,冷欣,10051,,专业必修课,中文,四平路校区,"2024(哲学 07094),2024(政治学与行政学(PPE创新实验区) 53015),2025(哲学(二学位) 07916),2025(数智人文拔尖班 11060)",0,1,16,冷欣(10051) 星期四5-6节 [1-16] 南116
COH450802,分析哲学专题,2,,陈仕伟,21081,,专业选修课,中文,四平路校区,"2023(哲学 07094),2024(政治学与行政学(PPE创新实验区) 53015),2025(哲学(二学位) 07916)",0,1,16,陈仕伟(21081) 星期一7-8节 [1-16] 北209
COH251501,心理学,2,,党永强,03153,,专业选修课,中文,四平路校区,2025(哲学 07094),0,1,16,党永强(03153) 星期日7-8节 [1-16] 不排教室
COH240701,希腊哲学,2,,樊黎,16062,,专业必修课,中文,四平路校区,2024(哲学 07094),0,1,16,樊黎(16062) 星期三5-6节 [1-16] 南307
COH269001,社会调查,0,,傅及斯,24151,,实践环节课程,中文,四平路校区,2025(汉语言文学 07004),0,1,16,傅及斯(24151) 星期五5-6节 [1-16] 学院安排
COH269002,社会调查,0,,郑端,24061,,实践环节课程,中文,四平路校区,2025(哲学 07094),0,1,16,郑端(24061) 星期一9-10节 [1-16] 学院安排
COH269003,社会调查,0,,夏洁秋,07155,,实践环节课程,中文,四平路校区,2025(文化产业管理 07914),0,1,16,夏洁秋(07155) 星期二1-2节 [1-16] 学院安排
COH340501,科学技术与社会,2,,"王静,陈仕伟","13157,21081",",",专业必修课,中文,四平路校区,"2023(哲学 07094),2025(哲学(二学位) 07916)",0,1,16,陈仕伟(21081) 星期三3-4节 [1-14] 北321 王静(13157) 星期三3-4节 [15-16] 北321
COH355601,新世纪诗歌小说研究,2,,"陈昶,刘祎家","19002,22186",",",专业选修课,中文,四平路校区,"2024(汉语言文学 07004),2025(汉语言文学(二学位) 07917)",0,1,16,"陈昶(19002),刘祎家(22186) 星期日5-6节 [1-16] 不排教室"
COH457201,公共舆论与媒介,2,,黄陆璐,03131,,专业选修课,中文,四平路校区,2023(文化产业管理 07914),0,1,16,黄陆璐(03131) 星期日5-6节 [1-16] 不排教室
COH457301,公共文化服务专题,2,,"易宁艳,潘炜","07116,20127",",",专业选修课,中文,四平路校区,2023(文化产业管理 07914),0,1,16,潘炜(20127) 星期二1-2节 [1-13 16] 南318 易宁艳(07116) 星期二1-2节 [14-15] 南318
COH358001,中国传统文化与艺术,2,,王菡薇,21048,,专业选修课,中文,四平路校区,2023(文化产业管理 07914),0,1,16,王菡薇(21048) 星期日3-4节 [1-16] 不排教室
COH358101,古书画专题,2,,王菡薇,21048,,专业选修课,中文,四平路校区,2024(文化产业管理 07914),0,1,16,王菡薇(21048) 星期日5-6节 [1-16] 不排教室
,古玉器专题,2,,夏洁秋,07155,,专业选修课,中文,四平路校区,2023(文化产业管理 07914),0,1,16,夏洁秋(07155) 星期日1-2节 [1-16] 不排教室
COH457401,非物质文化遗产专题,2,,赵晋超,23101,,专业选修课,中文,四平路校区,2023(文化产业管理 07914),0,1,16,赵晋超(23101) 星期四3-4节 [1-16] 南318
COH012501,消费社会与消费文化,2,,金翱,24117,,科学探索与生命关怀,中文,四平路校区,,0,1,12,金翱(24117) 星期四9-10节 [1-12] 北215
COH013201,逻辑学,2,,陈君华,91138,,人文经典与审美素养,中文,四平路校区,,0,1,12,陈君华(91138) 星期三9-10节 [1-12] 南115
COH013801,文化遗产概览,2,,黄松,08014,,人文经典与审美素养,中文,四平路校区,,0,1,12,黄松(08014) 星期四9-10节 [1-12] 南207
COH014401,西方哲学与文化,2,,尚静,23003,,人文经典与审美素养,中文,四平路校区,,0,1,12,尚静(23003) 星期三7-8节 [1-12] 南121
COH014501,后现代主义思潮,2,,张尧均,04090,,人文经典与审美素养,中文,四平路校区,,0,1,12,张尧均(04090) 星期三7-8节 [1-12] 南321
COH016701,书法欣赏,2,,柯小刚,03143,,人文经典与审美素养,中文,四平路校区,,0,1,12,柯小刚(03143) 星期一9-10节 [1-12] 北321
COH018401,中国戏剧(曲)经典,2,,朱崇志,03112,,人文经典与审美素养,中文,四平路校区,,0,1,12,朱崇志(03112) 星期四7-8节 [1-12] 南219
COH018402,中国戏剧(曲)经典,2,,朱崇志,03112,,人文经典与审美素养,中文,四平路校区,,0,1,12,朱崇志(03112) 星期四9-10节 [1-12] 南219
COH019501,西方近代哲学经典,2,,贺磊,23079,,人文经典与审美素养,中文,四平路校区,,0,1,12,贺磊(23079) 星期四7-8节 [1-12] 南420
COH020001,西方哲学史通论,2,,尚静,23003,,人文经典与审美素养,中文,四平路校区,,0,1,12,尚静(23003) 星期三9-10节 [1-12] 南121
COH020301,现代西方哲学,2,,李革新,04176,,人文经典与审美素养,中文,四平路校区,,0,1,12,李革新(04176) 星期一9-10节 [1-12] 北217
COH020302,现代西方哲学,2,,张振华,12100,,人文经典与审美素养,中文,四平路校区,,0,1,12,张振华(12100) 星期四9-10节 [1-12] 北218
COH020303,现代西方哲学,2,,尚静,23003,,通识课,中文,四平路校区,,0,1,12,尚静(23003) 星期四7-8节 [1-12] 南121
COH020501,中国通史,2,,周萍萍,08126,,人文经典与审美素养,中文,四平路校区,,0,1,12,周萍萍(08126) 星期一7-8节 [1-12] 南310
COH469101,毕业论文1,8,,刘昊,21089,,实践环节课程,中文,四平路校区,2025(哲学(二学位) 07916),0,1,16,刘昊(21089) 星期日1-8节 [1-16] 学院安排
COH355801,跨媒介比较研究专题,2,,刘媛,20009,,专业选修课,中文,四平路校区,"2024(汉语言文学 07004),2025(汉语言文学(二学位) 07917)",0,1,16,刘媛(20009) 星期六5-6节 [1-16] 不排教室
COH355901,中国语言学史,2,,赵成杰,20033,,专业选修课,中文,四平路校区,"2024(汉语言文学 07004),2025(汉语言文学(二学位) 07917)",0,1,16,赵成杰(20033) 星期三9-10节 [1-16] 南212
COH257301,创意组织行为学,2,,穆晨,21108,,专业选修课,中文,四平路校区,2025(文化产业管理 07914),0,1,16,穆晨(21108) 星期一1-2节 [1-16] 南221
COH358301,IP运营管理,2,,夏洁秋,07155,,专业选修课,中文,四平路校区,2024(文化产业管理 07914),0,1,16,夏洁秋(07155) 星期一5-6节 [1-16] 南207
COH340601,人工智能伦理治理专题,2,,杜严勇,10108,,专业选修课,中文,四平路校区,"2023(哲学 07094),2025(哲学(二学位) 07916)",0,1,16,杜严勇(10108) 星期四3-4节 [1-16] 北321
COH451201,文化元宇宙专题,2,,臧志彭,23119,,专业选修课,中文,四平路校区,2023(文化产业管理 07914),0,1,16,臧志彭(23119) 星期一3-4节 [1-16] 人文学院云通楼228教室
COH457501,丝绸之路艺术专题,2,,赵晋超,23101,,专业选修课,中文,四平路校区,2023(文化产业管理 07914),0,1,16,赵晋超(23101) 星期三3-4节 [1-16] 南318
COH020802,世界遗产与文明互鉴,2,,黄松,08014,,人文经典与审美素养,中文,嘉定校区,,0,1,16,黄松(08014) 星期四5-6节 [1-12] 博楼B117
COH020901,社会哲学,2,,陈曲,20126,,人文经典与审美素养,中文,四平路校区,,0,1,12,陈曲(20126) 星期四7-8节 [1-12] 北212
COH021501,《新教伦理与资本主义精神》导读,2,,郁喆隽,2406006,,人文经典与审美素养,中文,四平路校区,,0,1,15,郁喆隽(2406006) 星期三7-8节 [1-15] 复旦大学邯郸校区【15:25～17:05，第一周自2026年9月7日始】
COH021601,黑格尔历史哲学,2,,陈立新,22851,,人文经典与审美素养,中文,四平路校区,,0,1,12,陈立新(22851) 星期三7-8节 [1-12] 南407
COH021701,人工智能伦理与法律,2,,"杜严勇,陈吉栋","10108,22147",",",工程能力与创新思维,中文,四平路校区,,0,1,12,陈吉栋(22147) 星期三7-8节 [7-12] 南120 杜严勇(10108) 星期三7-8节 [1-6] 南120
COH454801,中外文学关系研究,2,,刘媛,20009,,专业选修课,中文,四平路校区,2025(汉语言文学(二学位) 07917),0,1,16,刘媛(20009) 星期六3-4节 [1-16] 不排教室
COH347101,文化企业公司治理导论,2,,臧志彭,23119,,专业必修课,中文,四平路校区,2024(文化产业管理 07914),0,1,16,臧志彭(23119) 星期一7-8节 [1-16] 南207
COH351901,艺术史与艺术哲学,2,,"赵千帆,张念,杨光","05121,05177,16540",",,",专业选修课,中文,四平路校区,2024(哲学 07094),0,1,16,杨光(16540) 星期一5-6节 [11-16] 南307 赵千帆(05121) 星期一5-6节 [6-10] 南307 张念(05177) 星期一5-6节 [1-5] 南307
COH352001,希腊化哲学专题,2,,张轩辞,13139,,专业选修课,中文,四平路校区,2024(哲学 07094),0,1,16,张轩辞(13139) 星期一7-8节 [1-16] 南307
COH255401,数字人文与文学,2,朱崇志(),"朱崇志,赵成杰,林莹,丛子钰","03112,20033,20156,22232",",,,",专业选修课,中文,四平路校区,2025(汉语言文学 07004),0,1,16,林莹(20156) 星期二1-2节 [1-7] 南218 丛子钰(22232) 星期二1-2节 [8-11] 南218 朱崇志(03112) 星期二1-2节 [16] 南218 赵成杰(20033) 星期二1-2节 [12-15] 南218
COH022001,文艺复兴史,2,,赵立行,2400161,null,人文经典与审美素养,中文,四平路校区,,0,1,15,赵立行(2400161) 星期三7-8节 [1-15] 复旦大学邯郸校区【15:25～17:05，第一周自2026年9月7日始】
COH022501,声音塑造—语言表达与歌唱,2,,易宁艳,07116,,人文经典与审美素养,中文,四平路校区,,0,1,12,易宁艳(07116) 星期四7-8节 [1-12] 云通楼三楼报告厅
COH255501,中国文化概论,2,,朱崇志,03112,,专业选修课,中文,四平路校区,2025(汉语言文学 07004),0,1,16,朱崇志(03112) 星期一5-6节 [1-16] 南218
COH022801,中国茶文化,2,,张彧,24114,,人文经典与审美素养,中文,四平路校区,,0,1,12,张彧(24114) 星期四9-10节 [1-12] 南307
COH022802,中国茶文化,2,,张彧,24114,,人文经典与审美素养,中文,四平路校区,,0,1,12,张彧(24114) 星期三7-8节 [1-12] 南208
设计创意学院,,,,,,,,,,,,,,
,,,,,,,,,,,,,,
CDI340301,智能设计导论,3,曹楠(教授),"曹楠,刘冠宏,韩菲琳","16057,23140,26084",",,null",专业基础课,中文,四平路校区,"2024(工业设计(精英班) 09039),2024(工业设计 55024),2024(视觉传达设计 55034),2024(环境设计 55044),2024(产品设计 55054),2024(艺术设计学(人工智能双学士学位) 55094),2025(工业设计(精英班) 09039),2025(创新设计人才培养实验区 55003),2025(工业设计 55024),2025(艺术设计学(人工智能双学士学位) 55094),2025(艺术设计学 55099)",0,1,16,"曹楠(16057),刘冠宏(23140),韩菲琳(26084) 星期五5-8节 [9-16] 设创学院暗房报告厅,IS212,IS213 曹楠(16057),刘冠宏(23140),韩菲琳(26084) 星期五5-6节 [1-8] 设创学院暗房报告厅,IS212,IS213"
CDI250201,设计实验（1）,2,王骁雄(),王骁雄,19666025,null,实践环节课程,中文,四平路校区,2024(艺术设计学(人工智能双学士学位) 55094),0,1,8,王骁雄(19666025) 星期四5-8节 [1-8] 工坊三楼
CDI250401,设计实验(3)人机交互,2,郑康奕(),郑康奕,18666028,null,专业选修课,中文,四平路校区,"2024(工业设计(精英班) 09039),2024(工业设计 55024),2024(视觉传达设计 55034),2024(环境设计 55044),2024(产品设计 55054),2024(艺术设计学(人工智能双学士学位) 55094)",0,9,16,郑康奕(18666028) 星期三1-4节 [9-16] 工坊三楼
CDI350101,服务体验设计,2,胡飞(),胡飞,21855,,专业选修课,中文,四平路校区,"2024(工业设计 55024),2024(视觉传达设计 55034),2024(环境设计 55044),2024(产品设计 55054),2024(艺术设计学(人工智能双学士学位) 55094)",0,1,8,胡飞(21855) 星期三1-4节 [1-8] 鱼缸报告厅
CDI000301,信息可视化设计赏析,2,曹静(),曹静,10133,,人文经典与审美素养,中文,四平路校区,,0,1,12,曹静(10133) 星期三9-10节 [1-12] 南307
CDI000401,电影艺术中的设计,2,许乙弘(),许乙弘,04089,,人文经典与审美素养,中文,四平路校区,,0,1,12,许乙弘(04089) 星期一7-8节 [1-12] 南309
CDI000601,设计学导论,2,邹其昌(),邹其昌,16041,,人文经典与审美素养,中文,四平路校区,,0,1,12,邹其昌(16041) 星期四7-8节 [1-12] 南105
CDI000602,设计学导论,2,邹其昌(),邹其昌,16041,,人文经典与审美素养,中文,四平路校区,,0,1,12,邹其昌(16041) 星期四9-10节 [1-12] 南105
CDI250501,制造万物,2,Saverio Silli(),"莫娇,Saverio Silli","06031,1805004",",null",专业选修课,中文,四平路校区,"2025(工业设计(精英班) 09039),2025(创新设计人才培养实验区 55003),2025(工业设计 55024),2025(艺术设计学(人工智能双学士学位) 55094),2025(艺术设计学 55099)",0,9,16,"莫娇(06031) 星期二1-4节 [16] 工坊三楼 莫娇(06031),Saverio Silli(1805004) 星期二1-4节 [15] 工坊三楼 Saverio Silli(1805004) 星期二1-4节 [9-14] 工坊三楼"
CDI000102,人工智能设计与艺术,2,张黎(),张黎,24194,,社会发展与国际视野,中文,嘉定校区,,0,1,12,张黎(24194) 星期一7-8节 [1-12] 安楼A107
CDI240501,专业设计1（字体与版式）,8,杜钦(),"魏佛兰,杜钦","13868,14201",",",专业必修课,中文,四平路校区,"2025(工业设计(精英班) 09039),2025(创新设计人才培养实验区 55003),2025(工业设计 55024),2025(艺术设计学(人工智能双学士学位) 55094),2025(艺术设计学 55099)",0,1,16,"魏佛兰(13868),杜钦(14201) 星期一5-8节 [1-16] 学院教室 魏佛兰(13868),杜钦(14201) 星期四5-8节 [1-16] 学院教室"
CDI241101,专业设计1（赋形与制造）,8,郁新安(),"莫娇,郁新安,任丽莎","06031,08152,10128",",,",专业必修课,中文,四平路校区,"2025(工业设计(精英班) 09039),2025(创新设计人才培养实验区 55003),2025(工业设计 55024),2025(艺术设计学 55099)",0,1,16,"郁新安(08152) 星期一5-8节 [1-5] 学院教室 莫娇(06031),任丽莎(10128) 星期一5-8节 [11-16] 学院教室 郁新安(08152),任丽莎(10128) 星期一5-8节 [6-10] 学院教室 莫娇(06031),任丽莎(10128) 星期四5-8节 [11-16] 学院教室 郁新安(08152),任丽莎(10128) 星期四5-8节 [6-10] 学院教室 郁新安(08152) 星期四5-8节 [1-5] 学院教室"
CDI241201,专业设计1（环境作为符号）,8,吴端(),"吴端,施胤","08067,98724",",",专业必修课,中文,四平路校区,"2025(工业设计(精英班) 09039),2025(创新设计人才培养实验区 55003),2025(工业设计 55024),2025(艺术设计学 55099)",0,1,16,"吴端(08067),施胤(98724) 星期一5-8节 [1-16] 学院教室 吴端(08067),施胤(98724) 星期四5-8节 [1-16] 学院教室"
CDI241601,专业设计1（汽车设计初步）,8,李彦龙(),李彦龙,07131,,专业必修课,中文,四平路校区,2025(创新设计人才培养实验区 55003),0,1,16,李彦龙(07131) 星期三1-8节 [1-16] 嘉定校区宁远馆造型小班专教
CDI260801,图形与印刷,2,宋善威(),宋善威,97744,,实践环节课程,中文,四平路校区,"2025(工业设计(精英班) 09039),2025(创新设计人才培养实验区 55003),2025(工业设计 55024),2025(艺术设计学 55099)",0,1,8,宋善威(97744) 星期三5-8节 [1-8] 学院教室
CDI260901,材料工学,2,莫娇(),莫娇,06031,,实践环节课程,中文,四平路校区,"2025(工业设计(精英班) 09039),2025(创新设计人才培养实验区 55003),2025(工业设计 55024),2025(艺术设计学 55099)",0,9,16,莫娇(06031) 星期五1-4节 [9-16] 工坊三楼
CDI260601,空间认知与建构,2,丁峻峰(),丁峻峰,11075,,实践环节课程,中文,四平路校区,"2025(工业设计(精英班) 09039),2025(创新设计人才培养实验区 55003),2025(工业设计 55024),2025(艺术设计学 55099)",0,9,16,丁峻峰(11075) 星期三5-8节 [9-16] 学院教室
CDI251501,行为与设计,2,胡琳娜(),胡琳娜,24077,,专业选修课,中文,四平路校区,"2025(工业设计(精英班) 09039),2025(创新设计人才培养实验区 55003),2025(工业设计 55024),2025(艺术设计学 55099)",0,1,16,胡琳娜(24077) 星期五9-10节 [1-16] 鱼缸报告厅
CDI250701,设计管理,2,范斐(),"范斐,许乙弘,邵鲁宁,Alice Alessandra Comi","04050,04089,08065,23529",",,,null",专业选修课,中文,四平路校区,"2024(工业设计 55024),2024(视觉传达设计 55034),2024(环境设计 55044),2024(产品设计 55054),2024(艺术设计学(人工智能双学士学位) 55094)",0,1,11,邵鲁宁(08065) 星期四9-11节 [9] 鱼缸报告厅 Alice Alessandra Comi(23529) 星期四9-11节 [10] 鱼缸报告厅 范斐(04050) 星期四9-11节 [1-8] 鱼缸报告厅 许乙弘(04089) 星期四9-11节 [11] 鱼缸报告厅
CDI350301,用户研究,2,袁晓芳(教授),袁晓芳,24864,,专业选修课,中文,四平路校区,"2024(工业设计 55024),2024(视觉传达设计 55034),2024(环境设计 55044),2024(产品设计 55054),2024(艺术设计学(人工智能双学士学位) 55094)",0,1,16,袁晓芳(24864) 星期三9-10节 [1-16] 暗房报告厅
CDI000801,设计、生活与创新,2,张屹南(),"张屹南,Constantinos A Terzidis,陈逸云","07186,1801089,20666043",",null,null",工程能力与创新思维,中文,四平路校区,,0,1,12,"张屹南(07186),陈逸云(20666043) 星期三7-8节 [1-2 4-12] 鱼缸报告厅 张屹南(07186),Constantinos A Terzidis(1801089) 星期三7-8节 [3] 鱼缸报告厅"
CDI000902,艺术与心灵成长,2,俞鹰(),俞鹰,04082,,人文经典与审美素养,中文,嘉定校区,,0,1,12,俞鹰(04082) 星期一9-10节 [1-12] 博楼B302
CDI120501,开源硬件与编程,3,Saverio Silli(),Saverio Silli,1805004,null,公共基础课,中文,四平路校区,2025(工业设计 55024),0,1,16,Saverio Silli(1805004) 星期四2-4节 [1-16] 暗房报告厅
CDI330101,设计技术3,4,胡琳娜(),"樊中,胡琳娜","12049,24077",",",专业基础课,中文,四平路校区,"2024(工业设计(精英班) 09039),2024(工业设计 55024),2024(产品设计 55054)",0,1,16,樊中(12049) 星期三5-8节 [9-16] IT208 胡琳娜(24077) 星期三5-8节 [1-8] IT208
CDI330102,设计技术3,4,王衍(),王衍,19512,null,专业基础课,中文,四平路校区,"2024(工业设计 55024),2024(环境设计 55044)",0,1,16,王衍(19512) 星期三5-8节 [1-16] IT209
CDI330103,设计技术3,4,柳喆俊(),"柳喆俊,王萌","05046,23080",",",专业基础课,中文,四平路校区,"2024(工业设计(精英班) 09039),2024(工业设计 55024),2024(视觉传达设计 55034),2024(艺术设计学(人工智能双学士学位) 55094)",0,1,16,"柳喆俊(05046) 星期三5-8节 [1-11] IT303+IT304 柳喆俊(05046),王萌(23080) 星期三5-8节 [12-16] IT303+IT304"
CDI250901,视觉形态创造,2,龚艳燕(),"姚雪艳,张雪青,龚艳燕","00029,00768,03068",",,",专业选修课,中文,四平路校区,"2024(艺术设计学(人工智能双学士学位) 55094),2025(工业设计(精英班) 09039),2025(创新设计人才培养实验区 55003),2025(工业设计 55024),2025(艺术设计学 55099)",0,1,16,张雪青(00768) 星期五3-4节 [5] 南205 龚艳燕(03068) 星期五3-4节 [1-4 6-11 16] 南205 姚雪艳(00029) 星期五3-4节 [12-15] 南205
CDI251001,职业规划,2,刘力丹(),刘力丹,06040,,专业选修课,中文,四平路校区,"2025(工业设计(精英班) 09039),2025(创新设计人才培养实验区 55003),2025(工业设计 55024),2025(艺术设计学 55099)",0,1,16,刘力丹(06040) 星期二9-10节 [1-16] 暗房报告厅
CDI350501,设计方法,2,Daniel Graff(),Daniel Graff,23526,null,专业选修课,中文,四平路校区,"2024(工业设计 55024),2024(视觉传达设计 55034),2024(环境设计 55044),2024(产品设计 55054),2024(艺术设计学(人工智能双学士学位) 55094),2025(工业设计(精英班) 09039),2025(创新设计人才培养实验区 55003),2025(工业设计 55024),2025(艺术设计学(人工智能双学士学位) 55094),2025(艺术设计学 55099)",0,1,8,Daniel Graff(23526) 星期二1-4节 [1-8] 鱼缸报告厅
CDI001101,创新与传播,2,俞鹰(),俞鹰,04082,,工程能力与创新思维,中文,四平路校区,,0,1,12,俞鹰(04082) 星期三7-8节 [1-12] 北315
CDI001201,中国美学史,2,邹其昌(),邹其昌,16041,,人文经典与审美素养,中文,四平路校区,,0,1,16,邹其昌(16041) 星期三9-10节 [1-16] 南105
CDI230301,设计历史,2,任丽莎(),任丽莎,10128,,专业基础课,中文,四平路校区,"2024(艺术设计学(人工智能双学士学位) 55094),2025(工业设计(精英班) 09039),2025(工业设计 55024)",0,1,16,任丽莎(10128) 星期一1-2节 [1-16] 暗房报告厅
CDI360101,专业实践（3）,4,刘震元(),"樊中,王萌","12049,23080",",",实践环节课程,中文,四平路校区,"2024(工业设计(精英班) 09039),2024(工业设计 55024),2024(产品设计 55054)",0,9,16,"樊中(12049),王萌(23080) 星期一1-4节 [9-16] IT208 樊中(12049),王萌(23080) 星期四5-8节 [9-16] IT208"
CDI360102,专业实践（3）,4,陶思旻(预聘副教授),"陶思旻,周士奇","21039,24187",",助理教授（长聘体系）",实践环节课程,中文,四平路校区,"2024(工业设计 55024),2024(环境设计 55044)",0,1,16,"陶思旻(21039),周士奇(24187) 星期四5-8节 [1-16] IT209"
CDI360103,专业实践（3）,4,忻颖(),忻颖,03073,,实践环节课程,中文,四平路校区,"2024(工业设计(精英班) 09039),2024(工业设计 55024),2024(视觉传达设计 55034)",0,9,16,忻颖(03073) 星期一1-4节 [9-16] IT303 忻颖(03073) 星期四5-8节 [9-16] IT303
CDI340101,专业设计（3）,4,樊中(讲师),"刘震元,胡琳娜","10145,24077","副教授,助理教授（长聘体系）",专业必修课,中文,四平路校区,"2024(工业设计(精英班) 09039),2024(工业设计 55024),2024(产品设计 55054)",0,1,8,"刘震元(10145),胡琳娜(24077) 星期一1-4节 [1-8] IT208 刘震元(10145),胡琳娜(24077) 星期四5-8节 [1-8] IT208"
CDI340102,专业设计（3）,4,陶思旻(预聘副教授),陶思旻,21039,,专业必修课,中文,四平路校区,"2024(工业设计 55024),2024(环境设计 55044)",0,1,16,陶思旻(21039) 星期一1-4节 [1-16] IT209
CDI340103,专业设计（3）,4,梁靖(),梁靖,12046,,专业必修课,中文,四平路校区,"2024(工业设计(精英班) 09039),2024(工业设计 55024),2024(视觉传达设计 55034)",0,1,8,梁靖(12046) 星期一1-4节 [1-8] IT303 梁靖(12046) 星期四5-8节 [1-8] IT303
CDI440101,专业设计（5）,4,,"姚雪艳,杨皓,忻颖,柳喆俊,莫娇,刘胧,张屹南,吴端,郁新安,曹静,刘震元,丁峻峰,樊中,倪旻卿,汪滋淞,刘洋,魏佛兰,石洋,赵华森,苏运升,张帅,Saverio Silli,郭炜炜,王琦,王衍,王昊奋,陈晴,陈逸云,陶思旻,胡飞,王萌,刘冠宏,孙大旺,胡琳娜,张黎,袁晓芳,韩菲琳,杨文庆,吴洁,宋善威,李咏絮","00029,00042,03073,05046,06031,07061,07186,08067,08152,10133,10145,11075,12049,12050,12207,13116,13868,17525,17527,17528,18008,1805004,18133,18529,19512,19524,20004,20666043,21039,21855,23080,23140,23536,24077,24194,24864,26084,91116,93148,97744,99727","副教授,,讲师,副教授,讲师,教授,,副教授,讲师,讲师,,讲师,讲师,讲师,副教授,讲师,助理教授（原有体系）,预聘副教授,副教授,null,预聘副教授,null,副教授,预聘副教授,null,null,副教授,null,预聘副教授,教授,预聘副教授,助理教授（长聘体系）,null,助理教授（长聘体系）,长聘教授,教授,null,副教授,教授,副教授,副教授",专业必修课,中文,四平路校区,"2023(工业设计(精英班) 09039),2023(工业设计 55024),2023(视觉传达设计 55034),2023(环境设计 55044),2023(产品设计 55054),2023(艺术设计学(人工智能双学士学位) 55094)",0,1,16,"姚雪艳(00029),杨皓(00042),忻颖(03073),柳喆俊(05046),莫娇(06031),刘胧(07061),张屹南(07186),吴端(08067),郁新安(08152),曹静(10133),刘震元(10145),丁峻峰(11075),樊中(12049),倪旻卿(12050),汪滋淞(12207),刘洋(13116),魏佛兰(13868),石洋(17525),赵华森(17527),苏运升(17528),张帅(18008),Saverio Silli(1805004),郭炜炜(18133),王琦(18529),王衍(19512),王昊奋(19524),陈晴(20004),陈逸云(20666043),陶思旻(21039),胡飞(21855),王萌(23080),刘冠宏(23140),孙大旺(23536),胡琳娜(24077),张黎(24194),袁晓芳(24864),韩菲琳(26084),杨文庆(91116),吴洁(93148),宋善威(97744),李咏絮(99727) 星期日1-4节 [1-16] 学院教室"
,设计实习（4）,4,刘震元(),刘震元,10145,,实践环节课程,中文,四平路校区,"2023(工业设计 55024),2023(产品设计 55054)",0,9,16,刘震元(10145) 星期六1-4节 [9-16] 校外 刘震元(10145) 星期日5-8节 [9-16] 校外
,设计实习（4）,4,杨皓(),杨皓,00042,,实践环节课程,中文,四平路校区,"2023(工业设计 55024),2023(环境设计 55044)",0,9,16,杨皓(00042) 星期六1-4节 [9-16] 校外 杨皓(00042) 星期日5-8节 [9-16] 校外
,设计实习（4）,4,梁靖(),梁靖,12046,,实践环节课程,中文,四平路校区,"2023(工业设计 55024),2023(视觉传达设计 55034)",0,9,16,梁靖(12046) 星期六1-4节 [9-16] 校外 梁靖(12046) 星期日5-8节 [9-16] 校外
,设计实习（4）,4,曹楠(),"曹楠,陈晴,韩菲琳","16057,20004,26084",",,null",实践环节课程,中文,四平路校区,2023(艺术设计学(人工智能双学士学位) 55094),0,9,16,"曹楠(16057),陈晴(20004),韩菲琳(26084) 星期六1-4节 [9-16] 校外 曹楠(16057),陈晴(20004),韩菲琳(26084) 星期日5-8节 [9-16] 校外"
CDI130101,设计基础（1）,4,张雪青(副教授),"姚雪艳,张雪青,龚艳燕,张屹南,曹静,孙大旺","00029,00768,03068,07186,10133,23536",",,,,,null",专业基础课,中文,四平路校区,"2025(工业设计(精英班) 09039),2025(工业设计 55024)",0,1,16,"姚雪艳(00029),张雪青(00768),龚艳燕(03068),张屹南(07186),曹静(10133),孙大旺(23536) 星期三1-4节 [6-8] 暗房报告厅+IS212-215 姚雪艳(00029),龚艳燕(03068),曹静(10133),孙大旺(23536) 星期三1-4节 [11-16] 暗房报告厅+IS212-215 姚雪艳(00029),张雪青(00768),龚艳燕(03068),曹静(10133),孙大旺(23536) 星期三1-4节 [1-5 9-10] 暗房报告厅+IS212-215"
CDI001401,设计、创新与创业,2,范斐(),范斐,04050,,工程能力与创新思维,英语,四平路校区,,0,1,8,范斐(04050) 星期一9-11节 [1-8] 南411
CDI330401,可持续设计理念,2,姚雪艳(),"姚雪艳,朱小村,刘洋","00029,04101,13116",",,",专业基础课,中文,四平路校区,"2024(工业设计(精英班) 09039),2024(工业设计 55024),2024(视觉传达设计 55034),2024(环境设计 55044),2024(产品设计 55054),2024(艺术设计学(人工智能双学士学位) 55094)",0,1,16,"姚雪艳(00029),朱小村(04101),刘洋(13116) 星期一7-8节 [1-16] 暗房报告厅"
CDI251201,三维设计与表现,2,柳喆俊(),柳喆俊,05046,,实践环节课程,中文,四平路校区,"2025(工业设计(精英班) 09039),2025(创新设计人才培养实验区 55003),2025(工业设计 55024),2025(艺术设计学 55099)",0,1,8,柳喆俊(05046) 星期五1-4节 [1-8] 学院教室
CDI251301,声音设计,2,张屹南(),"张屹南,陶思旻","07186,21039",",",专业选修课,中文,四平路校区,"2025(工业设计(精英班) 09039),2025(创新设计人才培养实验区 55003),2025(工业设计 55024),2025(艺术设计学(人工智能双学士学位) 55094),2025(艺术设计学 55099)",0,1,16,"张屹南(07186),陶思旻(21039) 星期三9-10节 [1-16] 鱼缸报告厅"
CDI001601,工匠文化,2,邹其昌(),邹其昌,16041,,人文经典与审美素养,中文,四平路校区,,0,1,12,邹其昌(16041) 星期三7-8节 [1-12] 南105
体育部,,,,,,,,,,,,,,
,,,,,,,,,,,,,,
DPE210101,体育(3),2,,朱闻欣,13133,,通识必修课,中文,四平路校区,"2025(测绘工程 03044),2025(土木工程(法学双学士学位) 03067),2025(风景园林(精英班) 09034),2025(车辆工程(汽车精英班) 09048),2025(未来技术班(工程互联网) 09053),2025(卓越计划班（机器人） 09104),2025(日语 11034),2025(日语(全球胜任力外语人才实验区) 11053)",0,1,16,朱闻欣(13133) 星期一1-2节 [1-16] 南校区手球训练馆
DPE210102,体育(3),2,,钟声,18078,,通识必修课,中文,嘉定校区,"2025(微电子科学与工程 10007),2025(软件工程 42014),2025(机械电子工程 51014),2025(传播学 60001)",0,1,16,钟声(18078) 星期一1-2节 [1-16] 体育中心篮球馆
DPE210103,体育(3),2,,全九清,96750,,通识必修课,中文,沪西校区,"2025(临床医学(5+3一体化) 14002),2025(临床医学 14004)",0,1,16,全九清(96750) 星期一1-2节 [1-16] 田径场
DPE210104,体育(3),2,,郭晓珍,11105,,通识必修课,中文,四平路校区,"2025(测绘工程 03044),2025(土木工程(法学双学士学位) 03067),2025(车辆工程(汽车精英班) 09048),2025(未来技术班(工程互联网) 09053),2025(卓越计划班（机器人） 09104),2025(日语 11034),2025(日语(全球胜任力外语人才实验区) 11053)",0,1,16,郭晓珍(11105) 星期一1-2节 [1-16] 综合训练馆体操房
DPE210105,体育(3),2,,冯辉,93761,,通识必修课,中文,四平路校区,"2025(测绘工程 03044),2025(土木工程(法学双学士学位) 03067),2025(车辆工程(汽车精英班) 09048),2025(未来技术班(工程互联网) 09053),2025(卓越计划班（机器人） 09104),2025(日语 11034),2025(日语(全球胜任力外语人才实验区) 11053)",0,1,16,冯辉(93761) 星期一1-2节 [1-16] 综合训练馆羽毛球馆
DPE210106,体育(3),2,,曲圣卿,14138,,通识必修课,中文,四平路校区,"2025(测绘工程 03044),2025(车辆工程(汽车精英班) 09048),2025(未来技术班(工程互联网) 09053),2025(卓越计划班（机器人） 09104),2025(日语 11034),2025(日语(全球胜任力外语人才实验区) 11053)",0,1,16,曲圣卿(14138) 星期一1-2节 [1-16] 南校区体育场（3号）
DPE210107,体育(3),2,,玄伟,95062,,通识必修课,中文,四平路校区,"2025(建筑学 02015),2025(计算机科学与技术(精英班) 09011),2025(环境工程(精英班) 09024),2025(基础学科拔尖基地(生命科学) 17025),2025(地球物理学 31024),2025(政治学与行政学 53014),2025(创新设计人才培养实验区 55003),2025(工业设计 55024)",0,1,16,玄伟(95062) 星期一3-4节 [1-16] 一·二九田径场
DPE210108,体育(3),2,,郭晓珍,11105,,通识必修课,中文,四平路校区,"2025(建筑学 02015),2025(计算机科学与技术(精英班) 09011),2025(基础学科拔尖基地(生命科学) 17025),2025(地球物理学 31024),2025(政治学与行政学 53014),2025(创新设计人才培养实验区 55003),2025(工业设计 55024)",0,1,16,郭晓珍(11105) 星期一3-4节 [1-16] 综合训练馆体操房
DPE210109,体育(3),2,,杨皓,16069,,通识必修课,中文,四平路校区,"2025(建筑学 02015),2025(计算机科学与技术(精英班) 09011),2025(基础学科拔尖基地(生命科学) 17025),2025(地球物理学 31024),2025(政治学与行政学 53014),2025(创新设计人才培养实验区 55003),2025(工业设计 55024)",0,1,16,杨皓(16069) 星期一3-4节 [1-16] 乒乓房
DPE210110,体育(3),2,,钟徐良,88755,,通识必修课,中文,四平路校区,"2025(建筑学 02015),2025(计算机科学与技术(精英班) 09011),2025(基础学科拔尖基地(生命科学) 17025),2025(地球物理学 31024),2025(政治学与行政学 53014),2025(创新设计人才培养实验区 55003),2025(工业设计 55024)",0,1,16,钟徐良(88755) 星期一3-4节 [1-16] 爱校路足球场（1号）
DPE210111,体育(3),2,,徐左,15047,,通识必修课,中文,四平路校区,"2025(建筑学 02015),2025(计算机科学与技术(精英班) 09011),2025(基础学科拔尖基地(生命科学) 17025),2025(地球物理学 31024),2025(政治学与行政学 53014),2025(创新设计人才培养实验区 55003),2025(工业设计 55024)",0,1,16,徐左(15047) 星期一3-4节 [1-16] 爱校路足球场（2号）
DPE210112,体育(3),2,,曲圣卿,14138,,通识必修课,中文,四平路校区,"2025(建筑学 02015),2025(计算机科学与技术(精英班) 09011),2025(基础学科拔尖基地(生命科学) 17025),2025(地球物理学 31024),2025(政治学与行政学 53014),2025(创新设计人才培养实验区 55003),2025(工业设计 55024)",0,1,16,曲圣卿(14138) 星期一3-4节 [1-16] 南校区体育场（3号）
DPE210113,体育(3),2,,郭晓珍,11105,,通识必修课,中文,四平路校区,"2025(基础学科拔尖基地(化学) 00402),2025(未来技术班(智慧空间) 09050),2025(卓越计划班（工程互联网） 09103),2025(卓越计划班（机器人） 09104),2025(数智人文拔尖班 11060),2025(政治学与行政学(PPE创新实验区) 53015),2025(应用物理学(严济慈物理学英才班) 58014)",0,1,16,郭晓珍(11105) 星期一5-6节 [1-16] 综合训练馆体操房
DPE210114,体育(3),2,,杨皓,16069,,通识必修课,中文,四平路校区,"2025(基础学科拔尖基地(化学) 00402),2025(未来技术班(智慧空间) 09050),2025(卓越计划班（工程互联网） 09103),2025(卓越计划班（机器人） 09104),2025(数智人文拔尖班 11060),2025(政治学与行政学(PPE创新实验区) 53015),2025(应用物理学(严济慈物理学英才班) 58014)",0,1,16,杨皓(16069) 星期一5-6节 [1-16] 乒乓房
DPE210115,体育(3),2,,钟徐良,88755,,通识必修课,中文,四平路校区,"2025(基础学科拔尖基地(化学) 00402),2025(卓越计划班（工程互联网） 09103),2025(卓越计划班（机器人） 09104),2025(数智人文拔尖班 11060),2025(政治学与行政学(PPE创新实验区) 53015),2025(应用物理学(严济慈物理学英才班) 58014)",0,1,16,钟徐良(88755) 星期一5-6节 [1-16] 爱校路足球场（1号）
DPE210116,体育(3),2,,徐左,15047,,通识必修课,中文,四平路校区,"2025(基础学科拔尖基地(化学) 00402),2025(卓越计划班（工程互联网） 09103),2025(卓越计划班（机器人） 09104),2025(数智人文拔尖班 11060),2025(政治学与行政学(PPE创新实验区) 53015),2025(应用物理学(严济慈物理学英才班) 58014)",0,1,16,徐左(15047) 星期一5-6节 [1-16] 爱校路足球场（2号）
DPE210117,体育(3),2,,沈寅豪,11089,,通识必修课,中文,四平路校区,"2025(基础学科拔尖基地(化学) 00402),2025(卓越计划班（工程互联网） 09103),2025(卓越计划班（机器人） 09104),2025(数智人文拔尖班 11060),2025(政治学与行政学(PPE创新实验区) 53015),2025(应用物理学(严济慈物理学英才班) 58014)",0,1,16,沈寅豪(11089) 星期一5-6节 [1-16] 南校区足球场（2号）
DPE210118,体育(3),2,,阎小乐,16047,,通识必修课,中文,四平路校区,"2025(环境工程 05014),2025(机械设计制造及其自动化(精英班) 09026),2025(建筑环境与能源应用工程(精英班) 09030),2025(建筑学(精英班) 09031),2025(地质工程(精英班) 09043),2025(未来技术班(智能网联车辆) 09052),2025(汉语言(汉语国际教育方向) 13001)",0,1,16,阎小乐(16047) 星期一7-8节 [1-16] 手球训练馆健身房
DPE210119,体育(3),2,,全九清,96750,,通识必修课,中文,四平路校区,"2025(应用化学(强基计划) 09002),2025(给排水科学与工程(精英班) 09025),2025(卓越计划班（智慧空间） 09102),2025(卓越计划班（智能网联车辆） 09105),2025(德语(政治学与行政学双学士学位) 11052),2025(法学(英语双学士学位) 52015)",0,1,16,全九清(96750) 星期二1-2节 [1-16] 一·二九田径场
DPE210120,体育(3),2,,高文倩,94423,,通识必修课,中文,四平路校区,"2025(应用化学(强基计划) 09002),2025(卓越计划班（智慧空间） 09102),2025(卓越计划班（智能网联车辆） 09105),2025(德语(政治学与行政学双学士学位) 11052),2025(法学(英语双学士学位) 52015)",0,1,16,高文倩(94423) 星期二1-2节 [1-16] 网球场
DPE210121,体育(3),2,,黄剑,90081,,通识必修课,中文,四平路校区,"2025(应用化学(强基计划) 09002),2025(卓越计划班（智慧空间） 09102),2025(卓越计划班（智能网联车辆） 09105),2025(德语(政治学与行政学双学士学位) 11052),2025(法学(英语双学士学位) 52015)",0,1,16,黄剑(90081) 星期二1-2节 [1-16] 爱校路足球场（1号）
DPE210122,体育(3),2,,曲圣卿,14138,,通识必修课,中文,四平路校区,"2025(应用化学(强基计划) 09002),2025(卓越计划班（智慧空间） 09102),2025(卓越计划班（智能网联车辆） 09105),2025(德语(政治学与行政学双学士学位) 11052),2025(法学(英语双学士学位) 52015)",0,1,16,曲圣卿(14138) 星期二1-2节 [1-16] 南校区体育场（2号）
DPE210123,体育(3),2,,全九清,96750,,通识必修课,中文,四平路校区,"2025(领军人才班(智能规划与再生建筑) 02014),2025(城乡规划 02036),2025(历史建筑保护工程 02084),2025(土木工程 03014),2025(领军人才班(未来建造) 03076),2025(汉语言文学 07004),2025(音乐表演 48014),2025(马克思主义理论 54001),2025(基础学科拔尖基地(物理学) 58004),2025(光电信息科学与工程(应用物理学双学士学位) 58006)",0,1,16,全九清(96750) 星期二3-4节 [1-16] 一·二九田径场
DPE210124,体育(3),2,,玄伟,95062,,通识必修课,中文,四平路校区,"2025(领军人才班(智能规划与再生建筑) 02014),2025(城乡规划 02036),2025(历史建筑保护工程 02084),2025(土木工程 03014),2025(领军人才班(未来建造) 03076),2025(汉语言文学 07004),2025(音乐表演 48014),2025(马克思主义理论 54001),2025(基础学科拔尖基地(物理学) 58004),2025(光电信息科学与工程(应用物理学双学士学位) 58006)",0,1,16,玄伟(95062) 星期二3-4节 [1-16] 一·二九田径场
DPE210125,体育(3),2,,高文倩,94423,,通识必修课,中文,四平路校区,"2025(领军人才班(智能规划与再生建筑) 02014),2025(城乡规划 02036),2025(历史建筑保护工程 02084),2025(土木工程 03014),2025(领军人才班(未来建造) 03076),2025(汉语言文学 07004),2025(音乐表演 48014),2025(马克思主义理论 54001),2025(基础学科拔尖基地(物理学) 58004),2025(光电信息科学与工程(应用物理学双学士学位) 58006)",0,1,16,高文倩(94423) 星期二3-4节 [1-16] 网球场
DPE210126,体育(3),2,,陈景源,92168,,通识必修课,中文,四平路校区,"2025(领军人才班(智能规划与再生建筑) 02014),2025(城乡规划 02036),2025(历史建筑保护工程 02084),2025(土木工程 03014),2025(领军人才班(未来建造) 03076),2025(汉语言文学 07004),2025(音乐表演 48014),2025(马克思主义理论 54001),2025(基础学科拔尖基地(物理学) 58004),2025(光电信息科学与工程(应用物理学双学士学位) 58006)",0,1,16,陈景源(92168) 星期二3-4节 [1-16] 综合训练馆羽毛球馆
DPE210127,体育(3),2,,黄剑,90081,,通识必修课,中文,四平路校区,"2025(领军人才班(智能规划与再生建筑) 02014),2025(城乡规划 02036),2025(历史建筑保护工程 02084),2025(土木工程 03014),2025(领军人才班(未来建造) 03076),2025(汉语言文学 07004),2025(音乐表演 48014),2025(马克思主义理论 54001),2025(基础学科拔尖基地(物理学) 58004),2025(光电信息科学与工程(应用物理学双学士学位) 58006)",0,1,16,黄剑(90081) 星期二3-4节 [1-16] 爱校路足球场（1号）
DPE210128,体育(3),2,,徐左,15047,,通识必修课,中文,四平路校区,"2025(领军人才班(智能规划与再生建筑) 02014),2025(城乡规划 02036),2025(历史建筑保护工程 02084),2025(土木工程 03014),2025(领军人才班(未来建造) 03076),2025(汉语言文学 07004),2025(音乐表演 48014),2025(马克思主义理论 54001),2025(基础学科拔尖基地(物理学) 58004),2025(光电信息科学与工程(应用物理学双学士学位) 58006)",0,1,16,徐左(15047) 星期二3-4节 [1-16] 爱校路足球场（2号）
DPE210129,体育(3),2,,曲圣卿,14138,,通识必修课,中文,四平路校区,"2025(领军人才班(智能规划与再生建筑) 02014),2025(城乡规划 02036),2025(历史建筑保护工程 02084),2025(土木工程 03014),2025(领军人才班(未来建造) 03076),2025(汉语言文学 07004),2025(音乐表演 48014),2025(马克思主义理论 54001),2025(基础学科拔尖基地(物理学) 58004),2025(光电信息科学与工程(应用物理学双学士学位) 58006)",0,1,16,曲圣卿(14138) 星期二3-4节 [1-16] 南校区体育场（3号）
DPE210130,体育(3),2,,游松辉,87125,,通识必修课,中文,四平路校区,"2025(领军人才班(智能规划与再生建筑) 02014),2025(城乡规划 02036),2025(历史建筑保护工程 02084),2025(土木工程 03014),2025(领军人才班(未来建造) 03076),2025(汉语言文学 07004),2025(音乐表演 48014),2025(马克思主义理论 54001),2025(基础学科拔尖基地(物理学) 58004),2025(光电信息科学与工程(应用物理学双学士学位) 58006)",0,1,16,游松辉(87125) 星期二3-4节 [1-16] 游泳馆
DPE210131,体育(3),2,,徐春阳,17107,,通识必修课,中文,四平路校区,"2025(风景园林 02094),2025(环境工程(数学与应用数学双学士学位) 05035),2025(数学与应用数学(强基计划) 09004),2025(卓越计划班（智能网联车辆） 09105),2025(英语(数智人文) 11024),2025(口腔医学 14025),2025(口腔医学“5+3”一体化拔尖创新实验班 14201),2025(生物信息学 17024)",0,1,16,徐春阳(17107) 星期三1-2节 [1-16] 南校区体育场
DPE210132,体育(3),2,,全九清,96750,,通识必修课,中文,四平路校区,"2025(风景园林 02094),2025(环境工程(数学与应用数学双学士学位) 05035),2025(数学与应用数学(强基计划) 09004),2025(卓越计划班（智能网联车辆） 09105),2025(英语(数智人文) 11024),2025(口腔医学 14025),2025(口腔医学“5+3”一体化拔尖创新实验班 14201),2025(生物信息学 17024)",0,1,16,全九清(96750) 星期三1-2节 [1-16] 一·二九田径场
DPE210133,体育(3),2,,郭晓珍,11105,,通识必修课,中文,四平路校区,"2025(风景园林 02094),2025(环境工程(数学与应用数学双学士学位) 05035),2025(数学与应用数学(强基计划) 09004),2025(卓越计划班（智能网联车辆） 09105),2025(英语(数智人文) 11024),2025(口腔医学 14025),2025(口腔医学“5+3”一体化拔尖创新实验班 14201),2025(生物信息学 17024)",0,1,16,郭晓珍(11105) 星期三1-2节 [1-16] 综合训练馆体操房
DPE210134,体育(3),2,,杨皓,16069,,通识必修课,中文,四平路校区,"2025(环境工程(数学与应用数学双学士学位) 05035),2025(数学与应用数学(强基计划) 09004),2025(卓越计划班（智能网联车辆） 09105),2025(英语(数智人文) 11024),2025(口腔医学 14025),2025(口腔医学“5+3”一体化拔尖创新实验班 14201),2025(生物信息学 17024)",0,1,16,杨皓(16069) 星期三1-2节 [1-16] 乒乓房
DPE210135,体育(3),2,,詹炜,93762,,通识必修课,中文,四平路校区,"2025(环境工程(数学与应用数学双学士学位) 05035),2025(数学与应用数学(强基计划) 09004),2025(卓越计划班（智能网联车辆） 09105),2025(英语(数智人文) 11024),2025(口腔医学 14025),2025(口腔医学“5+3”一体化拔尖创新实验班 14201),2025(生物信息学 17024)",0,1,16,詹炜(93762) 星期三1-2节 [1-16] 南校区足球场（2号）
DPE210136,体育(3),2,,徐春阳,17107,,通识必修课,中文,四平路校区,"2025(经济管理类(数据科学与智能决策实验区) 01098),2025(工商管理(中法班) 01414),2025(哲学 07094),2025(文化产业管理 07914),2025(通信工程(精英班) 09017),2025(能源与动力工程(精英班) 09029),2025(卓越计划班（智慧空间） 09102),2025(光电信息科学与工程 12474)",0,1,16,徐春阳(17107) 星期三3-4节 [1-16] 南校区体育场
DPE210138,体育(3),2,,全九清,96750,,通识必修课,中文,四平路校区,"2025(经济管理类(数据科学与智能决策实验区) 01098),2025(工商管理(中法班) 01414),2025(哲学 07094),2025(文化产业管理 07914),2025(通信工程(精英班) 09017),2025(卓越计划班（智慧空间） 09102),2025(光电信息科学与工程 12474)",0,1,16,全九清(96750) 星期三3-4节 [1-16] 一·二九田径场
DPE210139,体育(3),2,,顾云,21136,,通识必修课,中文,四平路校区,"2025(经济管理类(数据科学与智能决策实验区) 01098),2025(工商管理(中法班) 01414),2025(哲学 07094),2025(文化产业管理 07914),2025(通信工程(精英班) 09017),2025(卓越计划班（智慧空间） 09102),2025(光电信息科学与工程 12474)",0,1,16,顾云(21136) 星期三3-4节 [1-16] 手球训练馆健身房
DPE210140,体育(3),2,,庞佳颖,13171,,通识必修课,中文,四平路校区,"2025(经济管理类(数据科学与智能决策实验区) 01098),2025(工商管理(中法班) 01414),2025(哲学 07094),2025(文化产业管理 07914),2025(通信工程(精英班) 09017),2025(卓越计划班（智慧空间） 09102),2025(光电信息科学与工程 12474)",0,1,16,庞佳颖(13171) 星期三3-4节 [1-16] 游泳馆
DPE210141,体育(3),2,,秦海权,09102,,通识必修课,中文,四平路校区,"2025(经济管理类(数据科学与智能决策实验区) 01098),2025(工商管理(中法班) 01414),2025(哲学 07094),2025(文化产业管理 07914),2025(通信工程(精英班) 09017),2025(卓越计划班（智慧空间） 09102),2025(光电信息科学与工程 12474)",0,1,16,秦海权(09102) 星期三3-4节 [1-16] 游泳馆
DPE210142,体育(3),2,,高文倩,94423,,通识必修课,中文,四平路校区,"2025(经济管理类(数据科学与智能决策实验区) 01098),2025(工商管理(中法班) 01414),2025(哲学 07094),2025(文化产业管理 07914),2025(通信工程(精英班) 09017),2025(卓越计划班（智慧空间） 09102),2025(光电信息科学与工程 12474)",0,1,16,高文倩(94423) 星期三3-4节 [1-16] 网球场
DPE210143,体育(3),2,,巩兴红,18072,,通识必修课,中文,四平路校区,"2025(基础学科拔尖基地(数学) 00304),2025(电气工程及其自动化(精英班) 09015),2025(自动化(精英班) 09016),2025(微电子科学与工程(精英班) 09019),2025(交通工程(精英班) 09036),2025(交通运输(精英班) 09037),2025(智能建造(精英班) 09044),2025(光电信息科学与工程(精英班) 09046),2025(卓越计划班（工程互联网） 09103),2025(德语 11014),2025(法学 52014)",0,1,16,巩兴红(18072) 星期三5-6节 [1-16] 综合训练馆篮球馆
DPE210144,体育(3),2,,徐春阳,17107,,通识必修课,中文,四平路校区,"2025(基础学科拔尖基地(数学) 00304),2025(自动化(精英班) 09016),2025(微电子科学与工程(精英班) 09019),2025(交通工程(精英班) 09036),2025(光电信息科学与工程(精英班) 09046),2025(卓越计划班（工程互联网） 09103),2025(法学 52014)",0,1,16,徐春阳(17107) 星期三5-6节 [1-16] 南校区体育场
DPE210145,体育(3),2,,顾云,21136,,通识必修课,中文,四平路校区,"2025(基础学科拔尖基地(数学) 00304),2025(自动化(精英班) 09016),2025(微电子科学与工程(精英班) 09019),2025(交通工程(精英班) 09036),2025(光电信息科学与工程(精英班) 09046),2025(卓越计划班（工程互联网） 09103),2025(法学 52014)",0,1,16,顾云(21136) 星期三5-6节 [1-16] 手球训练馆健身房
DPE210146,体育(3),2,,庞佳颖,13171,,通识必修课,中文,四平路校区,"2025(基础学科拔尖基地(数学) 00304),2025(自动化(精英班) 09016),2025(微电子科学与工程(精英班) 09019),2025(交通工程(精英班) 09036),2025(卓越计划班（工程互联网） 09103),2025(法学 52014)",0,1,16,庞佳颖(13171) 星期三5-6节 [1-16] 游泳馆
DPE210147,体育(3),2,,虞智杰,21165,,通识必修课,中文,四平路校区,"2025(基础学科拔尖基地(数学) 00304),2025(自动化(精英班) 09016),2025(微电子科学与工程(精英班) 09019),2025(卓越计划班（工程互联网） 09103),2025(法学 52014)",0,1,16,虞智杰(21165) 星期三5-6节 [1-16] 网球场
DPE210148,体育(3),2,,巩兴红,18072,,通识必修课,中文,四平路校区,"2025(软件工程(精英班) 09038),2025(卓越计划班（智能网联车辆） 09105),2025(海洋科学与技术 31027)",0,1,16,巩兴红(18072) 星期三7-8节 [1-16] 综合训练馆篮球馆
DPE210149,体育(3),2,,顾云,21136,,通识必修课,中文,四平路校区,"2025(软件工程(精英班) 09038),2025(卓越计划班（智能网联车辆） 09105),2025(海洋科学与技术 31027)",0,1,16,顾云(21136) 星期三7-8节 [1-16] 手球训练馆健身房
DPE210150,体育(3),2,,徐春阳,17107,,通识必修课,中文,四平路校区,"2025(会计学 01074),2025(城市设计 02003),2025(应用物理学(强基计划) 09005),2025(工程力学(精英班) 09022),2025(工业设计(精英班) 09039),2025(车辆工程(精英班) 09040),2025(卓越计划班（工程互联网） 09103),2025(德语(法学双学士学位) 11059),2025(表演 44014)",0,1,16,徐春阳(17107) 星期四1-2节 [1-16] 南校区体育场
DPE210151,体育(3),2,,全九清,96750,,通识必修课,中文,四平路校区,"2025(会计学 01074),2025(城市设计 02003),2025(应用物理学(强基计划) 09005),2025(工业设计(精英班) 09039),2025(车辆工程(精英班) 09040),2025(卓越计划班（工程互联网） 09103),2025(德语(法学双学士学位) 11059),2025(表演 44014)",0,1,16,全九清(96750) 星期四1-2节 [1-16] 一·二九田径场
DPE210152,体育(3),2,,顾云,21136,,通识必修课,中文,四平路校区,"2025(会计学 01074),2025(城市设计 02003),2025(应用物理学(强基计划) 09005),2025(工业设计(精英班) 09039),2025(卓越计划班（工程互联网） 09103),2025(德语(法学双学士学位) 11059),2025(表演 44014)",0,1,16,顾云(21136) 星期四1-2节 [1-16] 综合训练馆多功能房
DPE210153,体育(3),2,,黄少青,14134,,通识必修课,中文,四平路校区,"2025(会计学 01074),2025(城市设计 02003),2025(应用物理学(强基计划) 09005),2025(工业设计(精英班) 09039),2025(卓越计划班（工程互联网） 09103),2025(德语(法学双学士学位) 11059),2025(表演 44014)",0,1,16,黄少青(14134) 星期四1-2节 [1-16] 拳操房
DPE210154,体育(3),2,,徐春阳,17107,,通识必修课,中文,四平路校区,"2025(运动训练 00802),2025(工程管理 01014),2025(城乡规划(法学双学士学位) 02017),2025(智能建造 03005),2025(土木工程(数学与应用数学双学士学位) 03065),2025(环境科学 05034),2025(领军人才班(数智环境) 05041),2025(测绘工程(精英班) 09010),2025(人工智能(精英班) 09018),2025(应用化学 12344),2025(生物技术 17014),2025(艺术设计学(人工智能双学士学位) 55094),2025(艺术设计学 55099)",0,1,16,徐春阳(17107) 星期四3-4节 [1-16] 南校区体育场
DPE210156,体育(3),2,,顾云,21136,,通识必修课,中文,四平路校区,"2025(运动训练 00802),2025(工程管理 01014),2025(城乡规划(法学双学士学位) 02017),2025(智能建造 03005),2025(土木工程(数学与应用数学双学士学位) 03065),2025(环境科学 05034),2025(领军人才班(数智环境) 05041),2025(人工智能(精英班) 09018),2025(应用化学 12344),2025(生物技术 17014),2025(艺术设计学(人工智能双学士学位) 55094),2025(艺术设计学 55099)",0,1,16,顾云(21136) 星期四3-4节 [1-16] 综合训练馆多功能房
DPE210157,体育(3),2,,孙天然,17111,,通识必修课,中文,四平路校区,"2025(运动训练 00802),2025(工程管理 01014),2025(智能建造 03005),2025(土木工程(数学与应用数学双学士学位) 03065),2025(环境科学 05034),2025(领军人才班(数智环境) 05041),2025(人工智能(精英班) 09018),2025(应用化学 12344),2025(生物技术 17014),2025(艺术设计学(人工智能双学士学位) 55094),2025(艺术设计学 55099)",0,1,16,孙天然(17111) 星期四3-4节 [1-16] 游泳馆
DPE210158,体育(3),2,,庞佳颖,13171,,通识必修课,中文,四平路校区,"2025(运动训练 00802),2025(工程管理 01014),2025(智能建造 03005),2025(土木工程(数学与应用数学双学士学位) 03065),2025(环境科学 05034),2025(领军人才班(数智环境) 05041),2025(人工智能(精英班) 09018),2025(应用化学 12344),2025(生物技术 17014),2025(艺术设计学(人工智能双学士学位) 55094),2025(艺术设计学 55099)",0,1,16,庞佳颖(13171) 星期四3-4节 [1-16] 游泳馆
DPE210159,体育(3),2,,贺云飞,87154,,通识必修课,中文,四平路校区,"2025(运动训练 00802),2025(工程管理 01014),2025(智能建造 03005),2025(土木工程(数学与应用数学双学士学位) 03065),2025(环境科学 05034),2025(领军人才班(数智环境) 05041),2025(人工智能(精英班) 09018),2025(应用化学 12344),2025(生物技术 17014),2025(艺术设计学(人工智能双学士学位) 55094),2025(艺术设计学 55099)",0,1,16,贺云飞(87154) 星期四3-4节 [1-16] 游泳馆
DPE210161,体育(3),2,,徐春阳,17107,,通识必修课,中文,四平路校区,"2025(金融学 01084),2025(金融学(数学与应用数学双学士学位) 01095),2025(建筑环境与能源应用工程 02011),2025(地质工程 03034),2025(地质工程(应用物理学双学士学位) 03077),2025(基础学科拔尖班(环境) 05003),2025(给排水科学与工程 05024),2025(未来技术班(机器人) 09051),2025(汉语言(经贸方向) 13014),2025(测绘工程(应用物理学双学士学位) 57001)",0,1,16,徐春阳(17107) 星期四5-6节 [1-16] 南校区体育场
DPE210162,体育(3),2,,全九清,96750,,通识必修课,中文,四平路校区,"2025(运动训练 00802),2025(工程管理 01014),2025(智能建造 03005),2025(领军人才班(数智环境) 05041),2025(人工智能(精英班) 09018),2025(应用化学 12344),2025(生物技术 17014),2025(艺术设计学(人工智能双学士学位) 55094),2025(艺术设计学 55099)",0,1,16,全九清(96750) 星期四3-4节 [1-16] 一·二九田径场
DPE210163,体育(3),2,,黄少青,14134,,通识必修课,中文,四平路校区,"2025(运动训练 00802),2025(工程管理 01014),2025(智能建造 03005),2025(领军人才班(数智环境) 05041),2025(人工智能(精英班) 09018),2025(应用化学 12344),2025(生物技术 17014),2025(艺术设计学(人工智能双学士学位) 55094),2025(艺术设计学 55099)",0,1,16,黄少青(14134) 星期四3-4节 [1-16] 拳操房
DPE210164,体育(3),2,,顾云,21136,,通识必修课,中文,四平路校区,"2025(金融学 01084),2025(金融学(数学与应用数学双学士学位) 01095),2025(建筑环境与能源应用工程 02011),2025(地质工程 03034),2025(地质工程(应用物理学双学士学位) 03077),2025(基础学科拔尖班(环境) 05003),2025(给排水科学与工程 05024),2025(未来技术班(机器人) 09051),2025(汉语言(经贸方向) 13014),2025(测绘工程(应用物理学双学士学位) 57001)",0,1,16,顾云(21136) 星期四5-6节 [1-16] 综合训练馆多功能房
DPE210165,体育(3),2,,孙天然,17111,,通识必修课,中文,四平路校区,"2025(金融学 01084),2025(金融学(数学与应用数学双学士学位) 01095),2025(建筑环境与能源应用工程 02011),2025(地质工程 03034),2025(地质工程(应用物理学双学士学位) 03077),2025(基础学科拔尖班(环境) 05003),2025(给排水科学与工程 05024),2025(未来技术班(机器人) 09051),2025(汉语言(经贸方向) 13014),2025(测绘工程(应用物理学双学士学位) 57001)",0,1,16,孙天然(17111) 星期四5-6节 [1-16] 游泳馆
DPE210166,体育(3),2,,庞佳颖,13171,,通识必修课,中文,四平路校区,"2025(金融学 01084),2025(金融学(数学与应用数学双学士学位) 01095),2025(建筑环境与能源应用工程 02011),2025(地质工程 03034),2025(地质工程(应用物理学双学士学位) 03077),2025(基础学科拔尖班(环境) 05003),2025(给排水科学与工程 05024),2025(未来技术班(机器人) 09051),2025(汉语言(经贸方向) 13014)",0,1,16,庞佳颖(13171) 星期四5-6节 [1-16] 游泳馆
DPE210167,体育(3),2,,贺云飞,87154,,通识必修课,中文,四平路校区,"2025(金融学 01084),2025(金融学(数学与应用数学双学士学位) 01095),2025(建筑环境与能源应用工程 02011),2025(地质工程 03034),2025(基础学科拔尖班(环境) 05003),2025(给排水科学与工程 05024),2025(未来技术班(机器人) 09051),2025(汉语言(经贸方向) 13014)",0,1,16,贺云飞(87154) 星期四5-6节 [1-16] 游泳馆
DPE210168,体育(3),2,,虞智杰,21165,,通识必修课,中文,四平路校区,"2025(金融学 01084),2025(金融学(数学与应用数学双学士学位) 01095),2025(建筑环境与能源应用工程 02011),2025(地质工程 03034),2025(基础学科拔尖班(环境) 05003),2025(给排水科学与工程 05024),2025(未来技术班(机器人) 09051),2025(汉语言(经贸方向) 13014)",0,1,16,虞智杰(21165) 星期四5-6节 [1-16] 网球场
DPE210169,体育(3),2,,钟声,18078,,通识必修课,中文,四平路校区,"2025(信息安全(精英班) 09012),2025(数据科学与大数据技术(精英班) 09013),2025(智能制造工程(精英班) 09028),2025(历史建筑保护工程(精英班) 09032),2025(城乡规划(精英班) 09033),2025(城市设计(精英班) 09035)",0,1,16,钟声(18078) 星期四7-8节 [1-16] 综合训练馆篮球馆
DPE210170,体育(3),2,,巩兴红,18072,,通识必修课,中文,四平路校区,"2025(数学类 00301),2025(数学与应用数学(华罗庚班) 00305),2025(环境科学(会计学双学士学位) 05036),2025(生物技术(强基计划) 09003),2025(新能源材料与器件(精英班) 09008),2025(材料科学与工程(精英班) 09009),2025(卓越计划班（机器人） 09104),2025(应用物理学 12464)",0,1,16,巩兴红(18072) 星期五1-2节 [1-16] 综合训练馆篮球馆
DPE210171,体育(3),2,,李彬,10094,,通识必修课,中文,四平路校区,"2025(数学类 00301),2025(数学与应用数学(华罗庚班) 00305),2025(环境科学(会计学双学士学位) 05036),2025(生物技术(强基计划) 09003),2025(卓越计划班（机器人） 09104),2025(应用物理学 12464)",0,1,16,李彬(10094) 星期五1-2节 [1-16] 南校区手球训练馆
DPE210172,体育(3),2,,黄少青,14134,,通识必修课,中文,四平路校区,"2025(数学类 00301),2025(数学与应用数学(华罗庚班) 00305),2025(环境科学(会计学双学士学位) 05036),2025(生物技术(强基计划) 09003),2025(卓越计划班（机器人） 09104),2025(应用物理学 12464)",0,1,16,黄少青(14134) 星期五1-2节 [1-16] 拳操房
DPE210173,体育(3),2,,刘佳宁,21137,,通识必修课,中文,四平路校区,"2025(数学类 00301),2025(数学与应用数学(华罗庚班) 00305),2025(环境科学(会计学双学士学位) 05036),2025(生物技术(强基计划) 09003),2025(卓越计划班（机器人） 09104),2025(应用物理学 12464)",0,1,16,刘佳宁(21137) 星期五1-2节 [1-16] 乒乓房
DPE210174,体育(3),2,,徐春阳,17107,,通识必修课,中文,四平路校区,"2025(信息管理与信息系统 01024),2025(工程力学(强基计划) 09001),2025(计算机科学与技术(精英班) 09011),2025(土木工程(精英班) 09042),2025(数学与应用数学(智能科学)(强基计划) 09056),2025(海洋科学与技术(强基计划) 09057),2025(德语(全球胜任力外语人才实验区) 11054)",0,1,16,徐春阳(17107) 星期五3-4节 [1-16] 南校区体育场
DPE210175,体育(3),2,,巩兴红,18072,,通识必修课,中文,四平路校区,"2025(信息管理与信息系统 01024),2025(工程力学(强基计划) 09001),2025(计算机科学与技术(精英班) 09011),2025(数学与应用数学(智能科学)(强基计划) 09056),2025(海洋科学与技术(强基计划) 09057),2025(德语(全球胜任力外语人才实验区) 11054)",0,1,16,巩兴红(18072) 星期五3-4节 [1-16] 综合训练馆篮球馆
DPE210176,体育(3),2,,李彬,10094,,通识必修课,中文,四平路校区,"2025(信息管理与信息系统 01024),2025(工程力学(强基计划) 09001),2025(计算机科学与技术(精英班) 09011),2025(数学与应用数学(智能科学)(强基计划) 09056),2025(海洋科学与技术(强基计划) 09057),2025(德语(全球胜任力外语人才实验区) 11054)",0,1,16,李彬(10094) 星期五3-4节 [1-16] 南校区手球训练馆
DPE210177,体育(3),2,,孙天然,17111,,通识必修课,中文,四平路校区,"2025(信息管理与信息系统 01024),2025(工程力学(强基计划) 09001),2025(计算机科学与技术(精英班) 09011),2025(数学与应用数学(智能科学)(强基计划) 09056),2025(海洋科学与技术(强基计划) 09057),2025(德语(全球胜任力外语人才实验区) 11054)",0,1,16,孙天然(17111) 星期五3-4节 [1-16] 游泳馆
DPE210178,体育(3),2,,李彬,10094,,通识必修课,中文,四平路校区,,0,1,16,李彬(10094) 星期五5-6节 [1-16] 综合训练馆多功能房
DPE210179,体育(3),2,,贺云飞,87154,,通识必修课,中文,四平路校区,,0,1,16,贺云飞(87154) 星期五5-6节 [1-16] 游泳馆
DPE210180,体育(3),2,,王静,00769,,通识必修课,中文,嘉定校区,"2025(微电子科学与工程 10007),2025(软件工程 42014),2025(机械电子工程 51014),2025(传播学 60001)",0,1,16,王静(00769) 星期一1-2节 [1-16] 体育中心体操房114
DPE210181,体育(3),2,,冯琳琳,10098,,通识必修课,中文,嘉定校区,"2025(微电子科学与工程 10007),2025(软件工程 42014),2025(机械电子工程 51014),2025(传播学 60001)",0,1,16,冯琳琳(10098) 星期一1-2节 [1-16] 体育中心游泳馆
DPE210182,体育(3),2,,刘敏,97756,,通识必修课,中文,嘉定校区,"2025(微电子科学与工程 10007),2025(软件工程 42014),2025(机械电子工程 51014),2025(传播学 60001)",0,1,16,刘敏(97756) 星期一1-2节 [1-16] 体育中心游泳馆
DPE210183,体育(3),2,,王玥,15046,,通识必修课,中文,嘉定校区,"2025(微电子科学与工程 10007),2025(软件工程 42014),2025(机械电子工程 51014),2025(传播学 60001)",0,1,16,王玥(15046) 星期一1-2节 [1-16] 网球场
DPE210184,体育(3),2,,钟声,18078,,通识必修课,中文,嘉定校区,"2025(交通工程 15014),2025(交通运输 15024)",0,1,16,钟声(18078) 星期一3-4节 [1-16] 体育中心篮球馆
DPE210185,体育(3),2,,冯琳琳,10098,,通识必修课,中文,嘉定校区,"2025(交通工程 15014),2025(交通运输 15024)",0,1,16,冯琳琳(10098) 星期一3-4节 [1-16] 体育中心游泳馆
DPE210186,体育(3),2,,刘敏,97756,,通识必修课,中文,嘉定校区,"2025(交通工程 15014),2025(交通运输 15024)",0,1,16,刘敏(97756) 星期一3-4节 [1-16] 体育中心游泳馆
DPE210187,体育(3),2,,王玥,15046,,通识必修课,中文,嘉定校区,"2025(交通工程 15014),2025(交通运输 15024)",0,1,16,王玥(15046) 星期一3-4节 [1-16] 网球场
DPE210188,体育(3),2,,周翔,90750,,通识必修课,中文,嘉定校区,"2025(交通工程 15014),2025(交通运输 15024)",0,1,16,周翔(90750) 星期一3-4节 [1-16] 嘉定足球场（1号）
DPE210189,体育(3),2,,钟声,18078,,通识必修课,中文,嘉定校区,"2025(计算机科学与技术 10014),2025(人工智能(拔尖班) 10082)",0,1,16,钟声(18078) 星期一5-6节 [1-16] 体育中心篮球馆
DPE210190,体育(3),2,,王静,00769,,通识必修课,中文,嘉定校区,"2025(计算机科学与技术 10014),2025(人工智能(拔尖班) 10082)",0,1,16,王静(00769) 星期一5-6节 [1-16] 体育中心体操房114
DPE210191,体育(3),2,,冯琳琳,10098,,通识必修课,中文,嘉定校区,"2025(计算机科学与技术 10014),2025(人工智能(拔尖班) 10082)",0,1,16,冯琳琳(10098) 星期一5-6节 [1-16] 体育中心游泳馆
DPE210192,体育(3),2,,刘敏,97756,,通识必修课,中文,嘉定校区,"2025(计算机科学与技术 10014),2025(人工智能(拔尖班) 10082)",0,1,16,刘敏(97756) 星期一5-6节 [1-16] 体育中心游泳馆
DPE210193,体育(3),2,,于正直,21138,,通识必修课,中文,嘉定校区,"2025(计算机科学与技术 10014),2025(人工智能(拔尖班) 10082)",0,1,16,于正直(21138) 星期一5-6节 [1-16] 第1周体育中心二楼，2-16同舟河
DPE210194,体育(3),2,,陈杨,23173,null,通识必修课,中文,嘉定校区,"2025(计算机科学与技术 10014),2025(人工智能(拔尖班) 10082)",0,1,16,陈杨(23173) 星期一5-6节 [1-16] 高尔夫球场
DPE210195,体育(3),2,,梁同福,11122,,通识必修课,中文,嘉定校区,"2025(计算机科学与技术 10014),2025(人工智能(拔尖班) 10082)",0,1,16,梁同福(11122) 星期一5-6节 [1-16] 嘉定足球场（2号）
DPE210196,体育(3),2,,王静,00769,,通识必修课,中文,嘉定校区,"2025(微电子科学与工程(应用物理学双学士学位) 10078),2025(车辆工程(汽车) 19027)",0,1,16,王静(00769) 星期一7-8节 [1-16] 体育中心体操房114
DPE210197,体育(3),2,,于正直,21138,,通识必修课,中文,嘉定校区,"2025(微电子科学与工程(应用物理学双学士学位) 10078),2025(车辆工程(汽车) 19027)",0,1,16,于正直(21138) 星期一7-8节 [1-16] 第1周体育中心二楼，2-16同舟河
DPE210198,体育(3),2,,钟声,18078,,通识必修课,中文,嘉定校区,"2025(材料科学与工程(先进材料蕴元班) 08016),2025(信息安全 10064),2025(计算机科学与技术(图灵班) 10065),2025(基础学科拔尖基地(力学) 45092)",0,1,16,钟声(18078) 星期二1-2节 [1-16] 体育中心篮球馆
DPE210199,体育(3),2,,王静,00769,,通识必修课,中文,嘉定校区,"2025(材料科学与工程(先进材料蕴元班) 08016),2025(信息安全 10064),2025(计算机科学与技术(图灵班) 10065),2025(基础学科拔尖基地(力学) 45092)",0,1,16,王静(00769) 星期二1-2节 [1-16] 体育中心体操房114
DPE2101A0,体育(3),2,,唐奕,20003,,通识必修课,中文,嘉定校区,"2025(材料科学与工程(先进材料蕴元班) 08016),2025(信息安全 10064),2025(计算机科学与技术(图灵班) 10065),2025(基础学科拔尖基地(力学) 45092)",0,1,16,唐奕(20003) 星期二1-2节 [1-16] 体育中心游泳馆
DPE2101A1,体育(3),2,,王玥,15046,,通识必修课,中文,嘉定校区,"2025(材料科学与工程(先进材料蕴元班) 08016),2025(信息安全 10064),2025(计算机科学与技术(图灵班) 10065),2025(基础学科拔尖基地(力学) 45092)",0,1,16,王玥(15046) 星期二1-2节 [1-16] 网球场
DPE2101A2,体育(3),2,,钟声,18078,,通识必修课,中文,嘉定校区,2025(机械电子工程 51014),0,1,16,钟声(18078) 星期二3-4节 [1-16] 体育中心篮球馆
DPE2101A3,体育(3),2,,唐奕,20003,,通识必修课,中文,嘉定校区,2025(机械电子工程 51014),0,1,16,唐奕(20003) 星期二3-4节 [1-16] 体育中心游泳馆
DPE2101A4,体育(3),2,,陈杨,23173,null,通识必修课,中文,嘉定校区,2025(机械电子工程 51014),0,1,16,陈杨(23173) 星期二3-4节 [1-16] 高尔夫球场
DPE2101A5,体育(3),2,,巩明,92878,,通识必修课,中文,嘉定校区,"2025(电气工程及其自动化 10044),2025(机械电子工程 51014)",0,1,16,巩明(92878) 星期三1-2节 [1-16] 体育中心篮球馆
DPE2101A6,体育(3),2,,刘敏,97756,,通识必修课,中文,嘉定校区,"2025(电气工程及其自动化 10044),2025(机械电子工程 51014)",0,1,16,刘敏(97756) 星期三1-2节 [1-16] 体育中心游泳馆
DPE2101A7,体育(3),2,,唐奕,20003,,通识必修课,中文,嘉定校区,"2025(电气工程及其自动化 10044),2025(机械电子工程 51014)",0,1,16,唐奕(20003) 星期三1-2节 [1-16] 体育中心游泳馆
DPE2101A8,体育(3),2,,汪立新,13164,,通识必修课,中文,嘉定校区,"2025(电气工程及其自动化 10044),2025(机械电子工程 51014)",0,1,16,汪立新(13164) 星期三1-2节 [1-16] 体育中心乒乓馆
DPE2101A9,体育(3),2,,陈杨,23173,null,通识必修课,中文,嘉定校区,"2025(电气工程及其自动化 10044),2025(机械电子工程 51014)",0,1,16,陈杨(23173) 星期三1-2节 [1-16] 高尔夫球场
DPE2101B0,体育(3),2,,巩明,92878,,通识必修课,中文,嘉定校区,"2025(新能源材料与器件 08003),2025(人工智能 10008),2025(软件工程 42014)",0,1,16,巩明(92878) 星期三3-4节 [1-16] 体育中心篮球馆
DPE2101B1,体育(3),2,,杜长宏,16070,,通识必修课,中文,嘉定校区,"2025(新能源材料与器件 08003),2025(人工智能 10008),2025(软件工程 42014)",0,1,16,杜长宏(16070) 星期三3-4节 [1-16] 体育中心体操房114
DPE2101B2,体育(3),2,,刘敏,97756,,通识必修课,中文,嘉定校区,"2025(新能源材料与器件 08003),2025(人工智能 10008),2025(软件工程 42014)",0,1,16,刘敏(97756) 星期三3-4节 [1-16] 体育中心游泳馆
DPE2101B3,体育(3),2,,唐奕,20003,,通识必修课,中文,嘉定校区,"2025(新能源材料与器件 08003),2025(人工智能 10008),2025(软件工程 42014)",0,1,16,唐奕(20003) 星期三3-4节 [1-16] 体育中心游泳馆
DPE2101B4,体育(3),2,,汪立新,13164,,通识必修课,中文,嘉定校区,"2025(新能源材料与器件 08003),2025(人工智能 10008),2025(软件工程 42014)",0,1,16,汪立新(13164) 星期三3-4节 [1-16] 体育中心乒乓馆
DPE2101B5,体育(3),2,,陈杨,23173,null,通识必修课,中文,嘉定校区,"2025(新能源材料与器件 08003),2025(人工智能 10008),2025(软件工程 42014)",0,1,16,陈杨(23173) 星期三3-4节 [1-16] 高尔夫球场
DPE2101B6,体育(3),2,,刘宗麒,21129,,通识必修课,中文,嘉定校区,"2025(新能源材料与器件 08003),2025(人工智能 10008),2025(软件工程 42014)",0,1,16,刘宗麒(21129) 星期三3-4节 [1-16] 嘉定足球场（2号）
DPE2101B7,体育(3),2,,巩明,92878,,通识必修课,中文,嘉定校区,"2025(交通工程 15014),2025(交通工程(数学与应用数学双学士学位) 15025),2025(工程力学 45014),2025(建筑电气与智能化 51034),2025(车辆工程 51035)",0,1,16,巩明(92878) 星期三5-6节 [1-16] 体育中心篮球馆
DPE2101B8,体育(3),2,,王小鹏,93101,,通识必修课,中文,嘉定校区,"2025(交通工程 15014),2025(交通工程(数学与应用数学双学士学位) 15025),2025(工程力学 45014),2025(建筑电气与智能化 51034),2025(车辆工程 51035)",0,1,16,王小鹏(93101) 星期三5-6节 [1-16] 体育中心体操房112
DPE2101B9,体育(3),2,,冯琳琳,10098,,通识必修课,中文,嘉定校区,"2025(交通工程 15014),2025(交通工程(数学与应用数学双学士学位) 15025),2025(工程力学 45014),2025(建筑电气与智能化 51034),2025(车辆工程 51035)",0,1,16,冯琳琳(10098) 星期三5-6节 [1-16] 体育中心游泳馆
DPE2101C0,体育(3),2,,刘敏,97756,,通识必修课,中文,嘉定校区,"2025(交通工程 15014),2025(交通工程(数学与应用数学双学士学位) 15025),2025(工程力学 45014),2025(建筑电气与智能化 51034),2025(车辆工程 51035)",0,1,16,刘敏(97756) 星期三5-6节 [1-16] 体育中心游泳馆
DPE2101C1,体育(3),2,,邹凝祥,85668,,通识必修课,中文,嘉定校区,"2025(交通工程 15014),2025(交通工程(数学与应用数学双学士学位) 15025),2025(工程力学 45014),2025(建筑电气与智能化 51034),2025(车辆工程 51035)",0,1,16,邹凝祥(85668) 星期三5-6节 [1-16] 第1周体育中心二楼，2-16同舟河
DPE2101C2,体育(3),2,,汪立新,13164,,通识必修课,中文,嘉定校区,"2025(交通工程 15014),2025(交通工程(数学与应用数学双学士学位) 15025),2025(工程力学 45014),2025(建筑电气与智能化 51034),2025(车辆工程 51035)",0,1,16,汪立新(13164) 星期三5-6节 [1-16] 体育中心乒乓馆
DPE2101C3,体育(3),2,,陈杨,23173,null,通识必修课,中文,嘉定校区,"2025(交通工程 15014),2025(交通工程(数学与应用数学双学士学位) 15025),2025(工程力学 45014),2025(建筑电气与智能化 51034),2025(车辆工程 51035)",0,1,16,陈杨(23173) 星期三5-6节 [1-16] 高尔夫球场
DPE2101C4,体育(3),2,,王小鹏,93101,,通识必修课,中文,嘉定校区,"2025(能源与动力工程(应用化学双学士学位) 04065),2025(数据科学与大数据技术 10005),2025(通信工程 10054),2025(商用大飞机校企联合人才培养创新模式实验班 45003)",0,1,16,王小鹏(93101) 星期三7-8节 [1-16] 体育中心体操房112
DPE2101C5,体育(3),2,,冯琳琳,10098,,通识必修课,中文,嘉定校区,"2025(能源与动力工程(应用化学双学士学位) 04065),2025(数据科学与大数据技术 10005),2025(通信工程 10054),2025(商用大飞机校企联合人才培养创新模式实验班 45003)",0,1,16,冯琳琳(10098) 星期三7-8节 [1-16] 体育中心游泳馆
DPE2101C6,体育(3),2,,于正直,21138,,通识必修课,中文,嘉定校区,"2025(能源与动力工程(应用化学双学士学位) 04065),2025(数据科学与大数据技术 10005),2025(通信工程 10054),2025(商用大飞机校企联合人才培养创新模式实验班 45003)",0,1,16,于正直(21138) 星期三7-8节 [1-16] 第1周体育中心二楼，2-16同舟河
DPE2101C7,体育(3),2,,周意男,15045,,通识必修课,中文,嘉定校区,"2025(能源与动力工程(应用化学双学士学位) 04065),2025(数据科学与大数据技术 10005),2025(通信工程 10054),2025(商用大飞机校企联合人才培养创新模式实验班 45003)",0,1,16,周意男(15045) 星期三7-8节 [1-16] 第1周体育中心二楼，2-16同舟河
DPE2101C8,体育(3),2,,邹凝祥,85668,,通识必修课,中文,嘉定校区,"2025(能源与动力工程(应用化学双学士学位) 04065),2025(数据科学与大数据技术 10005),2025(通信工程 10054),2025(商用大飞机校企联合人才培养创新模式实验班 45003)",0,1,16,邹凝祥(85668) 星期三7-8节 [1-16] 第1周体育中心二楼，2-16同舟河
DPE2101C9,体育(3),2,,巩明,92878,,通识必修课,中文,嘉定校区,"2025(智能制造工程 04009),2025(机械设计制造及其自动化 04034),2025(计算机科学与技术 10014)",0,1,16,巩明(92878) 星期四1-2节 [1-16] 体育中心篮球馆
DPE2101D0,体育(3),2,,邹凝祥,85668,,通识必修课,中文,嘉定校区,"2025(智能制造工程 04009),2025(机械设计制造及其自动化 04034),2025(计算机科学与技术 10014)",0,1,16,邹凝祥(85668) 星期四1-2节 [1-16] 第1周体育中心二楼，2-16同舟河
DPE2101D1,体育(3),2,,唐奕,20003,,通识必修课,中文,嘉定校区,"2025(智能制造工程 04009),2025(机械设计制造及其自动化 04034),2025(计算机科学与技术 10014)",0,1,16,唐奕(20003) 星期四1-2节 [1-16] 体育中心游泳馆
DPE2101D2,体育(3),2,,孙亦峰,94775,,通识必修课,中文,嘉定校区,"2025(智能制造工程 04009),2025(机械设计制造及其自动化 04034),2025(计算机科学与技术 10014)",0,1,16,孙亦峰(94775) 星期四1-2节 [1-16] 体育中心羽毛球场
DPE2101D3,体育(3),2,,叶宇,92153,,通识必修课,中文,嘉定校区,"2025(智能制造工程 04009),2025(机械设计制造及其自动化 04034),2025(计算机科学与技术 10014)",0,1,16,叶宇(92153) 星期四1-2节 [1-16] 高尔夫球场
DPE2101D4,体育(3),2,,王玥,15046,,通识必修课,中文,嘉定校区,"2025(智能制造工程 04009),2025(机械设计制造及其自动化 04034),2025(计算机科学与技术 10014)",0,1,16,王玥(15046) 星期四1-2节 [1-16] 网球场
DPE2101D5,体育(3),2,,巩明,92878,,通识必修课,中文,嘉定校区,"2025(中德机械工程与机器人(创新实验区) 04004),2025(能源与动力工程 04024),2025(交通工程 15014),2025(广播电视编导 18024),2025(动画 18044),2025(中德智慧新能源车辆(创新实验区) 19033),2025(飞行器制造工程 45024),2025(数据科学与大数据技术(数据科学与智能决策实验区) 81001)",0,1,16,巩明(92878) 星期四3-4节 [1-16] 体育中心篮球馆
DPE2101D6,体育(3),2,,杜长宏,16070,,通识必修课,中文,嘉定校区,"2025(中德机械工程与机器人(创新实验区) 04004),2025(能源与动力工程 04024),2025(交通工程 15014),2025(广播电视编导 18024),2025(动画 18044),2025(中德智慧新能源车辆(创新实验区) 19033),2025(飞行器制造工程 45024),2025(数据科学与大数据技术(数据科学与智能决策实验区) 81001)",0,1,16,杜长宏(16070) 星期四3-4节 [1-16] 体育中心体操房112
DPE2101D7,体育(3),2,,于正直,21138,,通识必修课,中文,嘉定校区,"2025(中德机械工程与机器人(创新实验区) 04004),2025(能源与动力工程 04024),2025(交通工程 15014),2025(广播电视编导 18024),2025(动画 18044),2025(中德智慧新能源车辆(创新实验区) 19033),2025(飞行器制造工程 45024),2025(数据科学与大数据技术(数据科学与智能决策实验区) 81001)",0,1,16,于正直(21138) 星期四3-4节 [1-16] 第1周体育中心二楼，2-16同舟河
DPE2101D8,体育(3),2,,周意男,15045,,通识必修课,中文,嘉定校区,"2025(中德机械工程与机器人(创新实验区) 04004),2025(能源与动力工程 04024),2025(交通工程 15014),2025(广播电视编导 18024),2025(动画 18044),2025(中德智慧新能源车辆(创新实验区) 19033),2025(飞行器制造工程 45024),2025(数据科学与大数据技术(数据科学与智能决策实验区) 81001)",0,1,16,周意男(15045) 星期四3-4节 [1-16] 第1周体育中心二楼；第2周游泳馆；第3-4周赛艇船库；5-16周同舟河
DPE2101D9,体育(3),2,,唐奕,20003,,通识必修课,中文,嘉定校区,"2025(中德机械工程与机器人(创新实验区) 04004),2025(能源与动力工程 04024),2025(交通工程 15014),2025(广播电视编导 18024),2025(动画 18044),2025(中德智慧新能源车辆(创新实验区) 19033),2025(飞行器制造工程 45024),2025(数据科学与大数据技术(数据科学与智能决策实验区) 81001)",0,1,16,唐奕(20003) 星期四3-4节 [1-16] 体育中心游泳馆
DPE2101E0,体育(3),2,,孙亦峰,94775,,通识必修课,中文,嘉定校区,"2025(中德机械工程与机器人(创新实验区) 04004),2025(能源与动力工程 04024),2025(交通工程 15014),2025(广播电视编导 18024),2025(动画 18044),2025(中德智慧新能源车辆(创新实验区) 19033),2025(飞行器制造工程 45024),2025(数据科学与大数据技术(数据科学与智能决策实验区) 81001)",0,1,16,孙亦峰(94775) 星期四3-4节 [1-16] 体育中心羽毛球场
DPE2101E1,体育(3),2,,汪立新,13164,,通识必修课,中文,嘉定校区,"2025(中德机械工程与机器人(创新实验区) 04004),2025(能源与动力工程 04024),2025(交通工程 15014),2025(广播电视编导 18024),2025(动画 18044),2025(中德智慧新能源车辆(创新实验区) 19033),2025(飞行器制造工程 45024),2025(数据科学与大数据技术(数据科学与智能决策实验区) 81001)",0,1,16,汪立新(13164) 星期四3-4节 [1-16] 体育中心乒乓馆
DPE2101E2,体育(3),2,,叶宇,92153,,通识必修课,中文,嘉定校区,"2025(中德机械工程与机器人(创新实验区) 04004),2025(能源与动力工程 04024),2025(交通工程 15014),2025(广播电视编导 18024),2025(动画 18044),2025(中德智慧新能源车辆(创新实验区) 19033),2025(飞行器制造工程 45024),2025(数据科学与大数据技术(数据科学与智能决策实验区) 81001)",0,1,16,叶宇(92153) 星期四3-4节 [1-16] 高尔夫球场
DPE2101E3,体育(3),2,,巩明,92878,,通识必修课,中文,嘉定校区,"2025(材料科学与工程 08014),2025(电子信息工程(国际班) 10080),2025(车辆工程 43002)",0,1,16,巩明(92878) 星期四5-6节 [1-16] 体育中心篮球馆
DPE2101E4,体育(3),2,,王小鹏,93101,,通识必修课,中文,嘉定校区,"2025(材料科学与工程 08014),2025(电子信息工程(国际班) 10080),2025(车辆工程 43002)",0,1,16,王小鹏(93101) 星期四5-6节 [1-16] 体育中心体操房114
DPE2101E5,体育(3),2,,于正直,21138,,通识必修课,中文,嘉定校区,"2025(材料科学与工程 08014),2025(电子信息工程(国际班) 10080),2025(车辆工程 43002)",0,1,16,于正直(21138) 星期四5-6节 [1-16] 第1周体育中心二楼，2-16同舟河
DPE2101E7,体育(3),2,,孙亦峰,94775,,通识必修课,中文,嘉定校区,"2025(材料科学与工程 08014),2025(电子信息工程(国际班) 10080),2025(车辆工程 43002)",0,1,16,孙亦峰(94775) 星期四5-6节 [1-16] 体育中心羽毛球场
DPE2101E8,体育(3),2,,刘宗麒,21129,,通识必修课,中文,嘉定校区,"2025(材料科学与工程 08014),2025(电子信息工程(国际班) 10080),2025(车辆工程 43002)",0,1,16,刘宗麒(21129) 星期四5-6节 [1-16] 嘉定足球场（1号）
DPE2101E9,体育(3),2,,王小鹏,93101,,通识必修课,中文,嘉定校区,2025(车辆工程(汽车) 19027),0,1,16,王小鹏(93101) 星期四7-8节 [1-16] 体育中心体操房114
DPE2101F0,体育(3),2,,周意男,15045,,通识必修课,中文,嘉定校区,2025(车辆工程(汽车) 19027),0,1,16,周意男(15045) 星期四7-8节 [1-16] 第1周体育中心二楼；第2周游泳馆；第3-4周赛艇船库；5-16周同舟河
DPE2101F1,体育(3),2,,刘敏,97756,,通识必修课,中文,嘉定校区,2025(自动化 10024),0,1,16,刘敏(97756) 星期五1-2节 [1-16] 体育中心游泳馆
DPE2101F2,体育(3),2,,陈杨,23173,null,通识必修课,中文,嘉定校区,2025(自动化 10024),0,1,16,陈杨(23173) 星期五1-2节 [1-16] 高尔夫球场
DPE2101F3,体育(3),2,,王玥,15046,,通识必修课,中文,嘉定校区,2025(自动化 10024),0,1,16,王玥(15046) 星期五1-2节 [1-16] 网球场
DPE2101F4,体育(3),2,,刘敏,97756,,通识必修课,中文,嘉定校区,2025(车辆工程(汽车) 19027),0,1,16,刘敏(97756) 星期五3-4节 [1-16] 体育中心游泳馆
DPE2101F5,体育(3),2,,陈杨,23173,null,通识必修课,中文,嘉定校区,2025(车辆工程(汽车) 19027),0,1,16,陈杨(23173) 星期五3-4节 [1-16] 高尔夫球场
DPE2101F7,体育(3),2,,全九清,96750,,通识必修课,中文,沪西校区,"2025(临床医学(5+3一体化) 14002),2025(临床医学 14004)",0,1,16,全九清(96750) 星期一3-4节 [1-16] 田径场
DPE2101F8,体育(3),2,,王静,00769,,通识必修课,中文,沪西校区,"2025(临床医学(5+3一体化) 14002),2025(临床医学 14004)",0,1,16,王静(00769) 星期三1-2节 [1-16] 体操房
DPE2101F9,体育(3),2,,王静,00769,,通识必修课,中文,沪西校区,"2025(临床医学(5+3一体化) 14002),2025(临床医学 14004)",0,1,16,王静(00769) 星期三3-4节 [1-16] 体操房
DPE2101G0,体育(3),2,,陈颐清,96749,,通识必修课,中文,沪西校区,"2025(护理学 14044),2025(康复物理治疗 14056),2025(临床医学（福大班） 14066)",0,1,16,陈颐清(96749) 星期四1-2节 [1-16] 体操房
DPE2101G1,体育(3),2,,陈妮,13127,,通识必修课,中文,沪西校区,"2025(护理学 14044),2025(康复物理治疗 14056),2025(临床医学（福大班） 14066)",0,1,16,陈妮(13127) 星期四1-2节 [1-16] 综合训练馆羽毛球馆
DPE2101G2,体育(3),2,,陈颐清,96749,,通识必修课,中文,沪西校区,"2025(护理学 14044),2025(康复物理治疗 14056),2025(临床医学（福大班） 14066)",0,1,16,陈颐清(96749) 星期四3-4节 [1-16] 体操房
DPE2101G3,体育(3),2,,陈妮,13127,,通识必修课,中文,沪西校区,"2025(护理学 14044),2025(康复物理治疗 14056),2025(临床医学（福大班） 14066)",0,1,16,陈妮(13127) 星期四3-4节 [1-16] 综合训练馆羽毛球馆
DPE2101G4,体育(3),2,,全九清,96750,,通识必修课,中文,沪西校区,"2025(医学试验班(国豪精英班) 09007),2025(基础医学 14060),2025(临床医学(中德实验班) 14061),2025(临床医学(领军人才培养) 14065)",0,1,16,全九清(96750) 星期五1-2节 [1-16] 田径场
DPE2101G5,体育(3),2,,冯辉,93761,,通识必修课,中文,沪西校区,"2025(医学试验班(国豪精英班) 09007),2025(基础医学 14060),2025(临床医学(中德实验班) 14061),2025(临床医学(领军人才培养) 14065)",0,1,16,冯辉(93761) 星期五1-2节 [1-16] 综合训练馆羽毛球馆
DPE2101G6,体育(3),2,,全九清,96750,,通识必修课,中文,沪西校区,"2025(医学试验班(国豪精英班) 09007),2025(基础医学 14060),2025(临床医学(中德实验班) 14061),2025(临床医学(领军人才培养) 14065)",0,1,16,全九清(96750) 星期五3-4节 [1-16] 田径场
DPE2101G7,体育(3),2,,冯辉,93761,,通识必修课,中文,沪西校区,"2025(医学试验班(国豪精英班) 09007),2025(基础医学 14060),2025(临床医学(中德实验班) 14061),2025(临床医学(领军人才培养) 14065)",0,1,16,冯辉(93761) 星期五3-4节 [1-16] 综合训练馆羽毛球馆
DPE310101,体育(5),1,,徐左,15047,,通识必修课,中文,四平路校区,"2024(生物技术 17014),2024(光电信息科学与工程(应用物理学双学士学位) 58006)",0,1,16,徐左(15047) 星期一1-2节 [1-15单] 爱校路足球场（2号）
DPE310102,体育(5),1,,陈杨,23173,null,通识必修课,中文,嘉定校区,2024(计算机科学与技术 10014),0,1,16,陈杨(23173) 星期一1-2节 [1-15单] 高尔夫球场
DPE310103,体育(5),1,,陈颐清,96749,,通识必修课,中文,沪西校区,"2024(医学试验班(国豪精英班) 09007),2024(基础医学 14060)",0,1,16,陈颐清(96749) 星期六9-10节 [1-15单] 关注Canvas通知
DPE310104,体育(5),1,,徐左,15047,,通识必修课,中文,四平路校区,"2024(工程管理 01014),2024(环境科学 05034),2024(英语(数智人文) 11024)",0,2,16,徐左(15047) 星期一1-2节 [2-16双] 爱校路足球场（2号）
DPE310105,体育(5),1,,赵韦光,24163,null,通识必修课,中文,四平路校区,"2024(哲学 07094),2024(汉语言(经贸方向) 13014)",0,1,16,赵韦光(24163) 星期一3-4节 [1-15单] 综合训练馆篮球馆
DPE310106,体育(5),1,,赵韦光,24163,null,通识必修课,中文,四平路校区,"2024(哲学 07094),2024(政治学与行政学(PPE创新实验区) 53015)",0,2,16,赵韦光(24163) 星期一3-4节 [2-16双] 综合训练馆篮球馆
DPE310107,体育(5),1,,赵韦光,24163,null,通识必修课,中文,四平路校区,"2024(土木工程 03014),2024(地质工程 03034),2024(生物技术(强基计划) 09003),2024(工业设计(精英班) 09039)",0,1,16,赵韦光(24163) 星期一5-6节 [1-15单] 综合训练馆篮球馆
DPE310108,体育(5),1,,赵韦光,24163,null,通识必修课,中文,四平路校区,"2024(土木工程 03014),2024(工业设计 55024)",0,2,16,赵韦光(24163) 星期一5-6节 [2-16双] 综合训练馆篮球馆
DPE310109,体育(5),1,,曲圣卿,14138,,通识必修课,中文,四平路校区,"2024(土木工程 03014),2024(地质工程 03034),2024(生物技术(强基计划) 09003),2024(工业设计(精英班) 09039)",0,1,16,曲圣卿(14138) 星期一5-6节 [1-15单] 南校区体育场（3号）
DPE310110,体育(5),1,,曲圣卿,14138,,通识必修课,中文,四平路校区,"2024(土木工程 03014),2024(工业设计 55024)",0,2,16,曲圣卿(14138) 星期一5-6节 [2-16双] 南校区体育场（3号）
DPE310111,体育(5),1,,朱闻欣,13133,,通识必修课,中文,四平路校区,"2024(土木工程 03014),2024(测绘工程 03044),2024(文化产业管理 07914),2024(光电信息科学与工程 12474)",0,1,16,朱闻欣(13133) 星期二1-2节 [1-15单] 南校区手球训练馆
DPE310112,体育(5),1,,朱闻欣,13133,,通识必修课,中文,四平路校区,"2024(信息管理与信息系统 01024),2024(测绘工程 03044),2024(未来技术班(工程互联网) 09053),2024(音乐表演 48014)",0,2,16,朱闻欣(13133) 星期二1-2节 [2-16双] 南校区手球训练馆
DPE310113,体育(5),1,,周云鹤,07141,,通识必修课,中文,四平路校区,"2024(土木工程 03014),2024(测绘工程 03044),2024(文化产业管理 07914),2024(光电信息科学与工程 12474)",0,1,16,周云鹤(07141) 星期二1-2节 [1-15单] 综合训练馆多功能房
DPE310114,体育(5),1,,周云鹤,07141,,通识必修课,中文,四平路校区,"2024(信息管理与信息系统 01024),2024(测绘工程 03044),2024(未来技术班(工程互联网) 09053),2024(音乐表演 48014)",0,2,16,周云鹤(07141) 星期二1-2节 [2-16双] 综合训练馆多功能房
DPE310115,体育(5),1,,徐左,15047,,通识必修课,中文,四平路校区,"2024(土木工程 03014),2024(测绘工程 03044),2024(文化产业管理 07914),2024(光电信息科学与工程 12474)",0,1,16,徐左(15047) 星期二1-2节 [1-15单] 爱校路足球场（2号）
DPE310116,体育(5),1,,徐左,15047,,通识必修课,中文,四平路校区,"2024(信息管理与信息系统 01024),2024(测绘工程 03044),2024(未来技术班(工程互联网) 09053),2024(音乐表演 48014)",0,2,16,徐左(15047) 星期二1-2节 [2-16双] 爱校路足球场（2号）
DPE310117,体育(5),1,,朱闻欣,13133,,通识必修课,中文,四平路校区,"2024(环境科学(会计学双学士学位) 05036),2024(光电信息科学与工程(精英班) 09046),2024(海洋科学(强基计划) 09047),2024(应用化学 12344),2024(马克思主义理论 54001)",0,1,16,朱闻欣(13133) 星期二3-4节 [1-15单] 南校区手球训练馆
DPE310118,体育(5),1,,朱闻欣,13133,,通识必修课,中文,四平路校区,"2024(基础学科拔尖基地(化学) 00402),2024(应用化学 12344),2024(马克思主义理论 54001)",0,2,16,朱闻欣(13133) 星期二3-4节 [2-16双] 南校区手球训练馆
DPE310119,体育(5),1,,周云鹤,07141,,通识必修课,中文,四平路校区,"2024(环境科学(会计学双学士学位) 05036),2024(光电信息科学与工程(精英班) 09046),2024(海洋科学(强基计划) 09047),2024(应用化学 12344),2024(马克思主义理论 54001)",0,1,16,周云鹤(07141) 星期二3-4节 [1-15单] 综合训练馆多功能房
DPE310120,体育(5),1,,周云鹤,07141,,通识必修课,中文,四平路校区,"2024(基础学科拔尖基地(化学) 00402),2024(应用化学 12344),2024(马克思主义理论 54001)",0,2,16,周云鹤(07141) 星期二3-4节 [2-16双] 综合训练馆多功能房
DPE310121,体育(5),1,,朱闻欣,13133,,通识必修课,中文,四平路校区,"2024(物流管理 01094),2024(建筑学 02015),2024(应用化学(强基计划) 09002),2024(汉语言(汉语国际教育方向) 13001)",0,1,16,朱闻欣(13133) 星期三1-2节 [1-15单] 南校区手球训练馆
DPE310122,体育(5),1,,朱闻欣,13133,,通识必修课,中文,四平路校区,"2024(建筑学 02015),2024(土木工程 03014),2024(基础学科拔尖班(环境) 05003)",0,2,16,朱闻欣(13133) 星期三1-2节 [2-16双] 南校区手球训练馆
DPE310123,体育(5),1,,王欢,21139,,通识必修课,中文,四平路校区,"2024(物流管理 01094),2024(建筑学 02015),2024(应用化学(强基计划) 09002),2024(汉语言(汉语国际教育方向) 13001)",0,1,16,王欢(21139) 星期三1-2节 [1-15单] 一·二九田径场
DPE310124,体育(5),1,,王欢,21139,,通识必修课,中文,四平路校区,"2024(建筑学 02015),2024(土木工程 03014),2024(基础学科拔尖班(环境) 05003)",0,2,16,王欢(21139) 星期三1-2节 [2-16双] 一·二九田径场
DPE310125,体育(5),1,,朱闻欣,13133,,通识必修课,中文,四平路校区,"2024(未来技术班(智慧空间) 09050),2024(德语(政治学与行政学双学士学位) 11052),2024(法学 52014),2024(光电信息科学与工程(应用物理学双学士学位) 58006)",0,1,16,朱闻欣(13133) 星期三3-4节 [1-15单] 南校区手球训练馆
DPE310126,体育(5),1,,朱闻欣,13133,,通识必修课,中文,四平路校区,"2024(基础学科拔尖基地(数学) 00304),2024(德语(法学双学士学位) 11059),2024(数学与应用数学 12234)",0,2,16,朱闻欣(13133) 星期三3-4节 [2-16双] 南校区手球训练馆
DPE310127,体育(5),1,,王欢,21139,,通识必修课,中文,四平路校区,"2024(德语(政治学与行政学双学士学位) 11052),2024(法学 52014),2024(光电信息科学与工程(应用物理学双学士学位) 58006)",0,1,16,王欢(21139) 星期三3-4节 [1-15单] 一·二九田径场
DPE310128,体育(5),1,,王欢,21139,,通识必修课,中文,四平路校区,"2024(基础学科拔尖基地(数学) 00304),2024(德语(法学双学士学位) 11059),2024(数学与应用数学 12234)",0,2,16,王欢(21139) 星期三3-4节 [2-16双] 一·二九田径场
DPE310129,体育(5),1,,郭晓珍,11105,,通识必修课,中文,四平路校区,"2024(德语(政治学与行政学双学士学位) 11052),2024(法学 52014),2024(光电信息科学与工程(应用物理学双学士学位) 58006)",0,1,16,郭晓珍(11105) 星期三3-4节 [1-15单] 综合训练馆体操房
DPE310130,体育(5),1,,郭晓珍,11105,,通识必修课,中文,四平路校区,"2024(基础学科拔尖基地(数学) 00304),2024(德语(法学双学士学位) 11059),2024(数学与应用数学 12234)",0,2,16,郭晓珍(11105) 星期三3-4节 [2-16双] 综合训练馆体操房
DPE310131,体育(5),1,,全九清,96750,,通识必修课,中文,四平路校区,"2024(土木工程 03014),2024(德语(全球胜任力外语人才实验区) 11054),2024(基础学科拔尖基地(生命科学) 17025),2024(基础学科拔尖基地(物理学) 58004)",0,1,16,全九清(96750) 星期三5-6节 [1-15单] 一·二九田径场
DPE310132,体育(5),1,,全九清,96750,,通识必修课,中文,四平路校区,"2024(城市设计 02003),2024(城市设计(卓越班) 02025),2024(生物技术 17014),2024(基础学科拔尖基地(物理学) 58004)",0,2,16,全九清(96750) 星期三5-6节 [2-16双] 一·二九田径场
DPE310133,体育(5),1,,郭晓珍,11105,,通识必修课,中文,四平路校区,"2024(土木工程 03014),2024(德语(全球胜任力外语人才实验区) 11054),2024(基础学科拔尖基地(生命科学) 17025),2024(基础学科拔尖基地(物理学) 58004)",0,1,16,郭晓珍(11105) 星期三5-6节 [1-15单] 综合训练馆体操房
DPE310134,体育(5),1,,郭晓珍,11105,,通识必修课,中文,四平路校区,"2024(城市设计 02003),2024(城市设计(卓越班) 02025),2024(生物技术 17014),2024(基础学科拔尖基地(物理学) 58004)",0,2,16,郭晓珍(11105) 星期三5-6节 [2-16双] 综合训练馆体操房
DPE310135,体育(5),1,,冯辉,93761,,通识必修课,中文,四平路校区,"2024(数学与应用数学(华罗庚班) 00305),2024(工商管理(中法班) 01414),2024(统计学 12284),2024(基础学科拔尖班(海洋) 31005)",0,1,16,冯辉(93761) 星期四1-2节 [1-15单] 综合训练馆羽毛球馆
DPE310136,体育(5),1,,冯辉,93761,,通识必修课,中文,四平路校区,"2024(运动训练 00802),2024(建筑类(复合型创新人才实验班) 02009),2024(给排水科学与工程 05024)",0,2,16,冯辉(93761) 星期四1-2节 [2-16双] 综合训练馆羽毛球馆
DPE310137,体育(5),1,,刘佳宁,21137,,通识必修课,中文,四平路校区,"2024(数学与应用数学(华罗庚班) 00305),2024(工商管理(中法班) 01414),2024(统计学 12284),2024(基础学科拔尖班(海洋) 31005)",0,1,16,刘佳宁(21137) 星期四1-2节 [1-15单] 乒乓房
DPE310138,体育(5),1,,刘佳宁,21137,,通识必修课,中文,四平路校区,"2024(运动训练 00802),2024(建筑类(复合型创新人才实验班) 02009),2024(给排水科学与工程 05024)",0,2,16,刘佳宁(21137) 星期四1-2节 [2-16双] 乒乓房
DPE310139,体育(5),1,,巩兴红,18072,,通识必修课,中文,四平路校区,"2024(测绘工程 03044),2024(应用物理学(强基计划) 09005),2024(海洋科学 31006),2024(表演 44014),2024(测绘工程(应用物理学双学士学位) 57001)",0,1,16,巩兴红(18072) 星期四3-4节 [1-15单] 综合训练馆篮球馆
DPE310140,体育(5),1,,巩兴红,18072,,通识必修课,中文,四平路校区,"2024(金融学 01084),2024(金融学(数学与应用数学双学士学位) 01095),2024(风景园林 02094),2024(智能建造 03005),2024(表演 44014),2024(法学(英语双学士学位) 52015)",0,2,16,巩兴红(18072) 星期四3-4节 [2-16双] 综合训练馆篮球馆
DPE310141,体育(5),1,,魏巍,95424,,通识必修课,中文,四平路校区,"2024(测绘工程 03044),2024(应用物理学(强基计划) 09005),2024(海洋科学 31006),2024(表演 44014),2024(测绘工程(应用物理学双学士学位) 57001)",0,1,16,魏巍(95424) 星期四3-4节 [1-15单] 综合训练馆力量房
DPE310142,体育(5),1,,魏巍,95424,,通识必修课,中文,四平路校区,"2024(金融学 01084),2024(金融学(数学与应用数学双学士学位) 01095),2024(风景园林 02094),2024(智能建造 03005),2024(表演 44014),2024(法学(英语双学士学位) 52015)",0,2,16,魏巍(95424) 星期四3-4节 [2-16双] 综合训练馆力量房
DPE310143,体育(5),1,,虞智杰,21165,,通识必修课,中文,四平路校区,"2024(测绘工程 03044),2024(应用物理学(强基计划) 09005),2024(海洋科学 31006),2024(表演 44014),2024(测绘工程(应用物理学双学士学位) 57001)",0,1,16,虞智杰(21165) 星期四3-4节 [1-15单] 网球场
DPE310144,体育(5),1,,虞智杰,21165,,通识必修课,中文,四平路校区,"2024(金融学 01084),2024(金融学(数学与应用数学双学士学位) 01095),2024(风景园林 02094),2024(智能建造 03005),2024(表演 44014),2024(法学(英语双学士学位) 52015)",0,2,16,虞智杰(21165) 星期四3-4节 [2-16双] 网球场
DPE310145,体育(5),1,,冯辉,93761,,通识必修课,中文,四平路校区,"2024(测绘工程 03044),2024(应用物理学(强基计划) 09005),2024(海洋科学 31006),2024(表演 44014),2024(测绘工程(应用物理学双学士学位) 57001)",0,1,16,冯辉(93761) 星期四3-4节 [1-15单] 综合训练馆羽毛球馆
DPE310146,体育(5),1,,冯辉,93761,,通识必修课,中文,四平路校区,"2024(金融学 01084),2024(金融学(数学与应用数学双学士学位) 01095),2024(风景园林 02094),2024(智能建造 03005),2024(表演 44014),2024(法学(英语双学士学位) 52015)",0,2,16,冯辉(93761) 星期四3-4节 [2-16双] 综合训练馆羽毛球馆
DPE310147,体育(5),1,,王欢,21139,,通识必修课,中文,四平路校区,"2024(历史建筑保护工程 02084),2024(汉语言文学 07004),2024(政治学与行政学 53014)",0,1,16,王欢(21139) 星期五1-2节 [1-15单] 一·二九田径场
DPE310148,体育(5),1,,王欢,21139,,通识必修课,中文,四平路校区,"2024(环境工程 05014),2024(环境工程(数学与应用数学双学士学位) 05035),2024(产品设计 55054),2024(艺术设计学(人工智能双学士学位) 55094)",0,2,16,王欢(21139) 星期五1-2节 [2-16双] 一·二九田径场
DPE310149,体育(5),1,,徐业栋,88104,,通识必修课,中文,四平路校区,"2024(历史建筑保护工程 02084),2024(汉语言文学 07004),2024(政治学与行政学 53014)",0,1,16,徐业栋(88104) 星期五1-2节 [1-15单] 综合训练馆羽毛球馆
DPE310150,体育(5),1,,徐业栋,88104,,通识必修课,中文,四平路校区,"2024(环境工程 05014),2024(环境工程(数学与应用数学双学士学位) 05035),2024(产品设计 55054),2024(艺术设计学(人工智能双学士学位) 55094)",0,2,16,徐业栋(88104) 星期五1-2节 [2-16双] 综合训练馆羽毛球馆
DPE310151,体育(5),1,,王欢,21139,,通识必修课,中文,四平路校区,"2024(会计学 01074),2024(日语(全球胜任力外语人才实验区) 11053),2024(视觉传达设计 55034)",0,1,16,王欢(21139) 星期五3-4节 [1-15单] 一·二九田径场
DPE310152,体育(5),1,,王欢,21139,,通识必修课,中文,四平路校区,"2024(工程管理 01014),2024(数学与应用数学(强基计划) 09004),2024(日语 11034),2024(环境设计 55044)",0,2,16,王欢(21139) 星期五3-4节 [2-16双] 一·二九田径场
DPE310153,体育(5),1,,徐业栋,88104,,通识必修课,中文,四平路校区,"2024(会计学 01074),2024(日语(全球胜任力外语人才实验区) 11053),2024(视觉传达设计 55034)",0,1,16,徐业栋(88104) 星期五3-4节 [1-15单] 综合训练馆羽毛球馆
DPE310154,体育(5),1,,徐业栋,88104,,通识必修课,中文,四平路校区,"2024(工程管理 01014),2024(数学与应用数学(强基计划) 09004),2024(日语 11034),2024(环境设计 55044)",0,2,16,徐业栋(88104) 星期五3-4节 [2-16双] 综合训练馆羽毛球馆
DPE310155,体育(5),1,,汪立新,13164,,通识必修课,中文,四平路校区,,0,1,16,汪立新(13164) 星期五7-8节 [1-15单] 乒乓房
DPE310156,体育(5),1,,汪立新,13164,,通识必修课,中文,四平路校区,,0,2,16,汪立新(13164) 星期五7-8节 [2-16双] 乒乓房
DPE310157,体育(5),1,,陈杨,23173,null,通识必修课,中文,嘉定校区,"2024(机械设计制造及其自动化 04034),2024(计算机科学与技术 10014)",0,1,16,陈杨(23173) 星期一1-2节 [2-16双] 高尔夫球场
DPE310158,体育(5),1,,陈杨,23173,null,通识必修课,中文,嘉定校区,"2024(工程力学(强基计划) 09001),2024(人工智能(精英班) 09018),2024(微电子科学与工程(精英班) 09019)",0,1,16,陈杨(23173) 星期一3-4节 [1-15单] 高尔夫球场
DPE310159,体育(5),1,,陈杨,23173,null,通识必修课,中文,嘉定校区,2024(车辆工程(汽车) 19027),0,2,16,陈杨(23173) 星期一3-4节 [2-16双] 高尔夫球场
DPE310160,体育(5),1,,汪立新,13164,,通识必修课,中文,嘉定校区,2024(机械电子工程 51014),0,1,16,汪立新(13164) 星期四1-2节 [1-15单] 体育中心乒乓馆
DPE310161,体育(5),1,,汪立新,13164,,通识必修课,中文,嘉定校区,"2024(智能制造工程 04009),2024(车辆工程(汽车精英班) 09048),2024(机械电子工程 51014)",0,2,16,汪立新(13164) 星期四1-2节 [2-16双] 体育中心乒乓馆
DPE310162,体育(5),1,,王小鹏,93101,,通识必修课,中文,嘉定校区,"2024(材料科学与工程(精英班) 09009),2024(电气工程及其自动化(精英班) 09015),2024(通信工程(精英班) 09017),2024(工程力学(精英班) 09022),2024(未来技术班(机器人) 09051),2024(未来技术班(智能网联车辆) 09052)",0,1,16,王小鹏(93101) 星期四3-4节 [1-15单] 体育中心体操房114
DPE310163,体育(5),1,,王小鹏,93101,,通识必修课,中文,嘉定校区,"2024(建筑环境与能源应用工程 04014),2024(商用大飞机校企联合人才培养创新模式实验班 45003)",0,2,16,王小鹏(93101) 星期四3-4节 [2-16双] 体育中心体操房114
DPE310164,体育(5),1,,巩明,92878,,通识必修课,中文,嘉定校区,2024(机械设计制造及其自动化 04034),0,1,16,巩明(92878) 星期五1-2节 [1-15单] 体育中心篮球馆
DPE310165,体育(5),1,,巩明,92878,,通识必修课,中文,嘉定校区,"2024(智能制造工程 04009),2024(智能制造工程(精英班) 09028),2024(软件工程 42014)",0,2,16,巩明(92878) 星期五1-2节 [2-16双] 体育中心篮球馆
DPE310166,体育(5),1,,杜长宏,16070,,通识必修课,中文,嘉定校区,2024(机械设计制造及其自动化 04034),0,1,16,杜长宏(16070) 星期五1-2节 [1-15单] 体育中心体操房114
DPE310167,体育(5),1,,杜长宏,16070,,通识必修课,中文,嘉定校区,"2024(智能制造工程 04009),2024(软件工程 42014)",0,2,16,杜长宏(16070) 星期五1-2节 [2-16双] 体育中心体操房114
DPE310168,体育(5),1,,巩明,92878,,通识必修课,中文,嘉定校区,2024(软件工程 42014),0,1,16,巩明(92878) 星期五3-4节 [1-15单] 体育中心篮球馆
DPE310170,体育(5),1,,冯辉,93761,,通识必修课,中文,四平路校区,"2024(土木工程(数学与应用数学双学士学位) 03065),2024(环境工程(精英班) 09024),2024(德语 11014),2024(生物信息学 17024),2024(表演 44014)",0,1,16,冯辉(93761) 星期四5-6节 [1-15单] 综合训练馆羽毛球馆
DPE310171,体育(5),1,,冯辉,93761,,通识必修课,中文,四平路校区,"2024(土木工程 03014),2024(土木工程(法学双学士学位) 03067),2024(应用物理学 12464),2024(地球物理学 31024)",0,2,16,冯辉(93761) 星期四5-6节 [2-16双] 综合训练馆羽毛球馆
DPE310172,体育(5),1,,刘佳宁,21137,,通识必修课,中文,四平路校区,"2024(土木工程(数学与应用数学双学士学位) 03065),2024(德语 11014),2024(生物信息学 17024),2024(表演 44014)",0,1,16,刘佳宁(21137) 星期四5-6节 [1-15单] 乒乓房
DPE310173,体育(5),1,,刘佳宁,21137,,通识必修课,中文,四平路校区,"2024(土木工程 03014),2024(土木工程(法学双学士学位) 03067),2024(应用物理学 12464),2024(地球物理学 31024)",0,2,16,刘佳宁(21137) 星期四5-6节 [2-16双] 乒乓房
DPE310174,体育(5),1,,梁同福,11122,,通识必修课,中文,嘉定校区,"2024(工程力学(强基计划) 09001),2024(人工智能(精英班) 09018),2024(微电子科学与工程(精英班) 09019)",0,1,16,梁同福(11122) 星期一3-4节 [1-15单] 嘉定足球场（2号）
DPE310175,体育(5),1,,梁同福,11122,,通识必修课,中文,嘉定校区,2024(车辆工程(汽车) 19027),0,2,16,梁同福(11122) 星期一3-4节 [2-16双] 嘉定足球场（2号）
DPE310176,体育(5),1,,周翔,90750,,通识必修课,中文,嘉定校区,2024(计算机科学与技术 10014),0,1,16,周翔(90750) 星期一1-2节 [1-15单] 嘉定足球场（1号）
DPE310177,体育(5),1,,周翔,90750,,通识必修课,中文,嘉定校区,"2024(机械设计制造及其自动化 04034),2024(计算机科学与技术 10014)",0,2,16,周翔(90750) 星期一1-2节 [2-16双] 嘉定足球场（1号）
DPE310178,体育(5),1,,刘宗麒,21129,,通识必修课,中文,嘉定校区,"2024(中德机械工程与机器人(创新实验区) 04004),2024(能源与动力工程 04024),2024(信息安全(精英班) 09012),2024(机械设计制造及其自动化(精英班) 09026),2024(交通工程(精英班) 09036),2024(交通运输(精英班) 09037),2024(车辆工程(精英班) 09040),2024(汽车服务工程 51024)",0,1,16,刘宗麒(21129) 星期三1-2节 [1-15单] 嘉定足球场（1号）
DPE310179,体育(5),1,,刘宗麒,21129,,通识必修课,中文,嘉定校区,"2024(能源与动力工程(应用化学双学士学位) 04065),2024(计算机科学与技术(精英班) 09011)",0,2,16,刘宗麒(21129) 星期三1-2节 [2-16双] 嘉定足球场（1号）
DPE310169,体育(5),1,,巩明,92878,,通识必修课,中文,嘉定校区,"2024(工程力学 45014),2024(飞行器制造工程 45024)",0,2,16,巩明(92878) 星期五3-4节 [2-16双] 体育中心篮球馆
DPE310180,体育(5),1,,周翔,90750,,通识必修课,中文,嘉定校区,"2024(计算机科学与技术(图灵班) 10065),2024(电子信息工程(国际班) 10080),2024(交通工程(数学与应用数学双学士学位) 15025),2024(建筑电气与智能化 51034)",0,1,16,周翔(90750) 星期二1-2节 [1-15单] 高尔夫球场
DPE310181,体育(5),1,,周翔,90750,,通识必修课,中文,嘉定校区,2024(软件工程 42014),0,2,16,周翔(90750) 星期二1-2节 [2-16双] 高尔夫球场
DPE310182,体育(5),1,,王静,00769,,通识必修课,中文,嘉定校区,"2024(信息安全 10064),2024(传播学 60001)",0,1,16,王静(00769) 星期二3-4节 [1-15单] 体育中心体操房114
DPE310183,体育(5),1,,王静,00769,,通识必修课,中文,嘉定校区,2024(机械设计制造及其自动化 04034),0,2,16,王静(00769) 星期二3-4节 [2-16双] 体育中心体操房114
DPE310184,体育(5),1,,周翔,90750,,通识必修课,中文,嘉定校区,"2024(自动化(精英班) 09016),2024(动画 18044)",0,1,16,周翔(90750) 星期一5-6节 [1-15单] 嘉定足球场（1号）
DPE310185,体育(5),1,,周翔,90750,,通识必修课,中文,嘉定校区,"2024(软件工程(精英班) 09038),2024(微电子科学与工程(应用物理学双学士学位) 10078)",0,2,16,周翔(90750) 星期一5-6节 [2-16双] 嘉定足球场（1号）
DPE310186,体育(5),1,,孙亦峰,94775,,通识必修课,中文,嘉定校区,"2024(中德机械工程与机器人(创新实验区) 04004),2024(能源与动力工程 04024),2024(信息安全(精英班) 09012),2024(机械设计制造及其自动化(精英班) 09026),2024(交通工程(精英班) 09036),2024(车辆工程(精英班) 09040),2024(汽车服务工程 51024)",0,1,16,孙亦峰(94775) 星期三1-2节 [1-15单] 体育中心羽毛球场
DPE310187,体育(5),1,,孙亦峰,94775,,通识必修课,中文,嘉定校区,"2024(能源与动力工程(应用化学双学士学位) 04065),2024(计算机科学与技术(精英班) 09011)",0,2,16,孙亦峰(94775) 星期三1-2节 [2-16双] 体育中心羽毛球场
DPE310188,体育(5),1,,陈杨,23173,null,通识必修课,中文,嘉定校区,"2024(计算机科学与技术(图灵班) 10065),2024(电子信息工程(国际班) 10080),2024(交通工程(数学与应用数学双学士学位) 15025),2024(建筑电气与智能化 51034)",0,1,16,陈杨(23173) 星期二1-2节 [1-15单] 高尔夫球场
DPE310189,体育(5),1,,陈杨,23173,null,通识必修课,中文,嘉定校区,2024(软件工程 42014),0,2,16,陈杨(23173) 星期二1-2节 [2-16双] 高尔夫球场
DPE310190,体育(5),1,,周翔,90750,,通识必修课,中文,嘉定校区,"2024(信息安全 10064),2024(传播学 60001)",0,1,16,周翔(90750) 星期二3-4节 [1-15单] 嘉定足球场（1号）
DPE310191,体育(5),1,,周翔,90750,,通识必修课,中文,嘉定校区,2024(机械设计制造及其自动化 04034),0,2,16,周翔(90750) 星期二3-4节 [2-16双] 嘉定足球场（1号）
DPE310192,体育(5),1,,于正直,21138,,通识必修课,中文,嘉定校区,"2024(微电子科学与工程 10007),2024(人工智能 10008)",0,1,16,于正直(21138) 星期三3-4节 [1-15单] 第1周体育中心二楼，2-16同舟河
DPE310193,体育(5),1,,于正直,21138,,通识必修课,中文,嘉定校区,"2024(自动化 10024),2024(广播电视编导 18024),2024(基础学科拔尖基地(力学) 45092)",0,2,16,于正直(21138) 星期三3-4节 [2-16双] 第1周体育中心二楼，2-16同舟河
DPE310194,体育(5),1,,周意男,15045,,通识必修课,中文,嘉定校区,"2024(微电子科学与工程 10007),2024(人工智能 10008)",0,1,16,周意男(15045) 星期三3-4节 [1-15单] 第1周体育中心二楼，2-16同舟河
DPE310195,体育(5),1,,周意男,15045,,通识必修课,中文,嘉定校区,"2024(自动化 10024),2024(广播电视编导 18024),2024(基础学科拔尖基地(力学) 45092)",0,2,16,周意男(15045) 星期三3-4节 [2-16双] 第1周体育中心二楼，2-16同舟河
DPE310196,体育(5),1,,周意男,15045,,通识必修课,中文,嘉定校区,"2024(通信工程 10054),2024(车辆工程 43002)",0,1,16,周意男(15045) 星期三5-6节 [1-15单] 第1周体育中心二楼，2-16同舟河
DPE310197,体育(5),1,,周意男,15045,,通识必修课,中文,嘉定校区,"2024(数据科学与大数据技术(精英班) 09013),2024(数据科学与大数据技术 10005),2024(电气工程及其自动化 10044),2024(车辆工程(创新实验区) 19030),2024(工业设计(车辆造型实验区) 55092)",0,2,16,周意男(15045) 星期三5-6节 [2-16双] 第1周体育中心二楼，2-16同舟河
DPE310198,体育(5),1,,于正直,21138,,通识必修课,中文,嘉定校区,"2024(通信工程 10054),2024(车辆工程 43002)",0,1,16,于正直(21138) 星期三5-6节 [1-15单] 第1周体育中心二楼，2-16同舟河
DPE310199,体育(5),1,,于正直,21138,,通识必修课,中文,嘉定校区,"2024(数据科学与大数据技术(精英班) 09013),2024(数据科学与大数据技术 10005),2024(电气工程及其自动化 10044),2024(车辆工程(创新实验区) 19030),2024(工业设计(车辆造型实验区) 55092)",0,2,16,于正直(21138) 星期三5-6节 [2-16双] 第1周体育中心二楼，2-16同舟河
DPE3101A0,体育(5),1,,黄少青,14134,,通识必修课,中文,嘉定校区,"2024(通信工程 10054),2024(车辆工程 43002)",0,1,16,黄少青(14134) 星期三5-6节 [1-15单] 体育中心体操房114
DPE3101A1,体育(5),1,,黄少青,14134,,通识必修课,中文,嘉定校区,"2024(数据科学与大数据技术(精英班) 09013),2024(数据科学与大数据技术 10005),2024(电气工程及其自动化 10044),2024(车辆工程(创新实验区) 19030)",0,2,16,黄少青(14134) 星期三5-6节 [2-16双] 体育中心体操房114
DPE3101A2,体育(5),1,,黄少青,14134,,通识必修课,中文,嘉定校区,2024(交通运输 15024),0,1,16,黄少青(14134) 星期三7-8节 [1-15单] 体育中心体操房114
DPE3101A3,体育(5),1,,黄少青,14134,,通识必修课,中文,嘉定校区,2024(车辆工程(汽车) 19027),0,2,16,黄少青(14134) 星期三7-8节 [2-16双] 体育中心体操房114
DPE3101A4,体育(5),1,,杜长宏,16070,,通识必修课,中文,嘉定校区,2024(材料科学与工程 08014),0,1,16,杜长宏(16070) 星期四5-6节 [1-15单] 体育中心体操房114
DPE3101A5,体育(5),1,,杜长宏,16070,,通识必修课,中文,嘉定校区,"2024(新能源材料与器件 08003),2024(材料科学与工程 08014),2024(材料科学与工程(先进材料蕴元班) 08016)",0,2,16,杜长宏(16070) 星期四5-6节 [2-16双] 体育中心体操房114
DPE3101A6,体育(5),1,,杜长宏,16070,,通识必修课,中文,嘉定校区,2024(交通工程 15014),0,1,16,杜长宏(16070) 星期四7-8节 [1-15单] 体育中心体操房114
DPE3101A7,体育(5),1,,杜长宏,16070,,通识必修课,中文,嘉定校区,2024(车辆工程(汽车) 19027),0,2,16,杜长宏(16070) 星期四7-8节 [2-16双] 体育中心体操房114
DPE3101A8,体育(5),1,,杜长宏,16070,,通识必修课,中文,嘉定校区,2024(软件工程 42014),0,1,16,杜长宏(16070) 星期五3-4节 [1-15单] 体育中心体操房112
DPE3101A9,体育(5),1,,杜长宏,16070,,通识必修课,中文,嘉定校区,"2024(工程力学 45014),2024(飞行器制造工程 45024)",0,2,16,杜长宏(16070) 星期五3-4节 [2-16双] 体育中心体操房112
DPE3101B0,体育(5),1,,汪立新,13164,,通识必修课,中文,嘉定校区,2024(材料科学与工程 08014),0,1,16,汪立新(13164) 星期四5-6节 [1-15单] 乒乓房
DPE3101B1,体育(5),1,,汪立新,13164,,通识必修课,中文,嘉定校区,"2024(新能源材料与器件 08003),2024(材料科学与工程 08014),2024(材料科学与工程(先进材料蕴元班) 08016)",0,2,16,汪立新(13164) 星期四5-6节 [2-16双] 乒乓房
DPE3101B2,体育(5),1,,王玥,15046,,通识必修课,中文,嘉定校区,"2024(中德机械工程与机器人(创新实验区) 04004),2024(能源与动力工程 04024),2024(交通工程(精英班) 09036),2024(汽车服务工程 51024)",0,1,16,王玥(15046) 星期三1-2节 [1-15单] 网球场
DPE3101B3,体育(5),1,,王玥,15046,,通识必修课,中文,嘉定校区,"2024(能源与动力工程(应用化学双学士学位) 04065),2024(计算机科学与技术(精英班) 09011)",0,2,16,王玥(15046) 星期三1-2节 [2-16双] 网球场
DPE3101B4,体育(5),1,,于正直,21138,,通识必修课,中文,嘉定校区,2024(交通工程 15014),0,1,16,于正直(21138) 星期四7-8节 [1-15单] 第1周体育中心二楼，2-16同舟河
DPE3101B5,体育(5),1,,于正直,21138,,通识必修课,中文,嘉定校区,2024(车辆工程(汽车) 19027),0,2,16,于正直(21138) 星期四7-8节 [2-16双] 第1周体育中心二楼，2-16同舟河
DPE3101B6,体育(5),1,,刘宗麒,21129,,通识必修课,中文,嘉定校区,"2024(通信工程 10054),2024(车辆工程 43002)",0,1,16,刘宗麒(21129) 星期三5-6节 [1-15单] 嘉定足球场（2号）
DPE3101B7,体育(5),1,,刘宗麒,21129,,通识必修课,中文,嘉定校区,"2024(数据科学与大数据技术(精英班) 09013),2024(数据科学与大数据技术 10005),2024(电气工程及其自动化 10044),2024(车辆工程(创新实验区) 19030)",0,2,16,刘宗麒(21129) 星期三5-6节 [2-16双] 嘉定足球场（2号）
DPE3101B8,体育(5),1,,刘宗麒,21129,,通识必修课,中文,嘉定校区,2024(机械电子工程 51014),0,1,16,刘宗麒(21129) 星期四1-2节 [1-15单] 嘉定足球场（1号）
DPE3101B9,体育(5),1,,刘宗麒,21129,,通识必修课,中文,嘉定校区,"2024(智能制造工程 04009),2024(车辆工程(汽车精英班) 09048),2024(机械电子工程 51014)",0,2,16,刘宗麒(21129) 星期四1-2节 [2-16双] 嘉定足球场（1号）
DPE3101C0,体育(5),1,,刘宗麒,21129,,通识必修课,中文,嘉定校区,"2024(通信工程(精英班) 09017),2024(未来技术班(机器人) 09051),2024(未来技术班(智能网联车辆) 09052)",0,1,16,刘宗麒(21129) 星期四3-4节 [1-15单] 嘉定足球场（1号）
DPE3101C1,体育(5),1,,刘宗麒,21129,,通识必修课,中文,嘉定校区,"2024(建筑环境与能源应用工程 04014),2024(商用大飞机校企联合人才培养创新模式实验班 45003)",0,2,16,刘宗麒(21129) 星期四3-4节 [2-16双] 嘉定足球场（1号）
DPE3101C2,体育(5),1,,王小鹏,93101,,通识必修课,中文,嘉定校区,"2024(微电子科学与工程 10007),2024(人工智能 10008)",0,1,16,王小鹏(93101) 星期三3-4节 [1-15单] 体育中心体操房112
DPE3101C3,体育(5),1,,王小鹏,93101,,通识必修课,中文,嘉定校区,"2024(自动化 10024),2024(广播电视编导 18024),2024(基础学科拔尖基地(力学) 45092)",0,2,16,王小鹏(93101) 星期三3-4节 [2-16双] 体育中心体操房112
DPE3101C4,体育(5),1,,孙亦峰,94775,,通识必修课,中文,嘉定校区,"2024(微电子科学与工程 10007),2024(人工智能 10008)",0,1,16,孙亦峰(94775) 星期三3-4节 [1-15单] 体育中心羽毛球场
DPE3101C5,体育(5),1,,孙亦峰,94775,,通识必修课,中文,嘉定校区,"2024(自动化 10024),2024(广播电视编导 18024),2024(基础学科拔尖基地(力学) 45092)",0,2,16,孙亦峰(94775) 星期三3-4节 [2-16双] 体育中心羽毛球场
DPE3101C6,体育(5),1,,孙亦峰,94775,,通识必修课,中文,嘉定校区,"2024(通信工程 10054),2024(车辆工程 43002)",0,1,16,孙亦峰(94775) 星期三5-6节 [1-15单] 体育中心羽毛球场
DPE3101C7,体育(5),1,,孙亦峰,94775,,通识必修课,中文,嘉定校区,"2024(数据科学与大数据技术(精英班) 09013),2024(数据科学与大数据技术 10005),2024(电气工程及其自动化 10044)",0,2,16,孙亦峰(94775) 星期三5-6节 [2-16双] 体育中心羽毛球场
DPE3101C8,体育(5),1,,陈颐清,96749,,通识必修课,中文,沪西校区,"2024(临床医学(5+3一体化) 14002),2024(临床医学 14004),2024(护理学 14044),2024(临床医学(中德实验班) 14061),2024(临床医学(领军人才培养) 14065)",0,1,16,陈颐清(96749) 星期六1-2节 [2-16双] 在线体育课，开学关注Canvas公告
DPE3101C9,体育(5),1,,陈颐清,96749,,通识必修课,中文,沪西校区,"2024(临床医学(5+3一体化) 14002),2024(临床医学 14004),2024(康复物理治疗 14056),2024(临床医学(中德实验班) 14061),2024(临床医学(领军人才培养) 14065)",0,1,16,陈颐清(96749) 星期六1-2节 [1-15单] 在线体育课，开学关注Canvas公告
DPE3101D0,体育(5),1,,冯琳琳,10098,,通识必修课,中文,沪西校区,"2024(临床医学(5+3一体化) 14002),2024(临床医学 14004),2024(口腔医学 14025),2024(临床医学(中德实验班) 14061),2024(临床医学(领军人才培养) 14065),2024(口腔医学“5+3”一体化拔尖创新实验班 14201)",0,1,16,冯琳琳(10098) 星期六3-4节 [2-16双] 在线体育课，开学关注Canvas公告
DPE3101D1,体育(5),1,,冯琳琳,10098,,通识必修课,中文,沪西校区,"2024(临床医学(5+3一体化) 14002),2024(临床医学 14004),2024(口腔医学 14025),2024(临床医学(中德实验班) 14061),2024(临床医学(领军人才培养) 14065)",0,1,16,冯琳琳(10098) 星期六3-4节 [1-15单] 在线体育课，开学关注Canvas公告
DPE3101D2,体育(5),1,,李纪霞,12098,,通识必修课,中文,沪西校区,"2024(临床医学(5+3一体化) 14002),2024(临床医学 14004),2024(临床医学(中德实验班) 14061),2024(临床医学(领军人才培养) 14065)",0,1,16,李纪霞(12098) 星期日1-2节 [2-16双] 在线体育课，开学关注Canvas公告
DPE3101D3,体育(5),1,,李纪霞,12098,,通识必修课,中文,沪西校区,"2024(临床医学(5+3一体化) 14002),2024(临床医学 14004),2024(临床医学(中德实验班) 14061),2024(临床医学(领军人才培养) 14065)",0,1,16,李纪霞(12098) 星期日1-2节 [1-15单] 在线体育课，开学关注Canvas公告
DPE3101D4,体育(5),1,,卢天凤,02110,,通识必修课,中文,沪西校区,"2024(临床医学(5+3一体化) 14002),2024(临床医学 14004),2024(临床医学(中德实验班) 14061),2024(临床医学(领军人才培养) 14065)",0,1,16,卢天凤(02110) 星期日3-4节 [2-16双] 在线体育课，开学关注Canvas公告
DPE3101D5,体育(5),1,,卢天凤,02110,,通识必修课,中文,沪西校区,"2024(临床医学(5+3一体化) 14002),2024(临床医学 14004),2024(临床医学(中德实验班) 14061),2024(临床医学(领军人才培养) 14065)",0,1,16,卢天凤(02110) 星期日3-4节 [1-15单] 在线体育课，开学关注Canvas公告
DPE3101D6,体育(5),1,,周意男,15045,,通识必修课,中文,嘉定校区,,0,1,16,周意男(15045) 星期四5-6节 [1-16] 赛艇
DPE3101D7,体育(5),1,,周意男,15045,,通识必修课,中文,嘉定校区,,0,2,16,周意男(15045) 星期四5-6节 [2-16] 赛艇
DPE410101,体育(7),2,,全九清,96750,,通识必修课,中文,四平路校区,"2023(基础学科拔尖基地(化学) 00402),2023(运动训练 00802),2023(工程管理 01014),2023(信息管理与信息系统 01024),2023(会计学 01074),2023(金融学 01084),2023(物流管理 01094),2023(金融学(数学与应用数学双学士学位) 01095),2023(工商管理(中法班) 01414),2023(城市设计 02003),2023(建筑类(复合型创新人才实验班) 02009),2023(建筑学 02015),2023(城市设计(卓越班) 02025),2023(历史建筑保护工程 02084),2023(风景园林 02094),2023(城乡规划(四) 02096),2023(建筑学(四) 02114),2023(智能建造 03005),2023(土木工程 03014),2023(地质工程 03034),2023(土木工程(数学与应用数学双学士学位) 03065),2023(土木工程(法学双学士学位) 03067),2023(德语 11014),2023(英语(数智人文) 11024),2023(日语 11034),2023(德语(政治学与行政学双学士学位) 11052),2023(日语(全球胜任力外语人才实验区) 11053),2023(德语(全球胜任力外语人才实验区) 11054),2023(应用物理学 12464),2023(光电信息科学与工程 12474),2023(生物技术 17014),2023(生物信息学 17024),2023(基础学科拔尖基地(生命科学) 17025),2023(表演 44014),2023(音乐表演 48014),2023(基础学科拔尖基地(物理学) 58004),2023(光电信息科学与工程(应用物理学双学士学位) 58006)",0,1,16,全九清(96750) 星期六3-4节 [1-16] 在线体育课，开学关注Canvas公告
DPE410102,体育(7),2,,王欢,21139,,通识必修课,中文,嘉定校区,"2023(中德机械工程与机器人(创新实验区) 04004),2023(智能制造工程 04009),2023(建筑环境与能源应用工程 04014),2023(机械设计制造及其自动化 04034),2023(新能源材料与器件 08003),2023(材料科学与工程 08014),2023(微电子科学与工程 10007),2023(人工智能 10008),2023(自动化 10024),2023(电气工程及其自动化 10044),2023(通信工程 10054),2023(电子信息工程(国际班) 10080),2023(广播电视编导 18024),2023(广播电视学 18034),2023(动画 18044),2023(商用大飞机校企联合人才培养创新模式实验班 45003),2023(工程力学 45014),2023(飞行器制造工程 45024),2023(基础学科拔尖基地(力学) 45092)",0,1,16,王欢(21139) 星期日1-2节 [1-16] 在线体育课，开学关注Canvas公告
DPE410103,体育(7),2,,陈颐清,96749,,通识必修课,中文,沪西校区,"2023(医学试验班(国豪精英班) 09007),2023(临床医学(5+3一体化) 14002),2023(临床医学 14004),2023(护理学 14044),2023(康复物理治疗 14056),2023(临床医学中德实验班 14057),2023(临床医学(贯通培养) 14058),2023(基础医学 14060)",0,1,16,陈颐清(96749) 星期六7-8节 [1-16] 在线体育课，开学关注Canvas公告
DPE410104,体育(7),2,,全九清,96750,,通识必修课,中文,四平路校区,"2023(基础学科拔尖基地(数学) 00304),2023(测绘工程 03044),2023(基础学科拔尖班(环境) 05003),2023(环境工程 05014),2023(给排水科学与工程 05024),2023(环境科学 05034),2023(环境工程(数学与应用数学双学士学位) 05035),2023(环境科学(会计学双学士学位) 05036),2023(汉语言文学 07004),2023(哲学 07094),2023(文化产业管理 07914),2023(应用化学(强基计划) 09002),2023(生物技术(强基计划) 09003),2023(数学与应用数学(强基计划) 09004),2023(应用物理学(强基计划) 09005),2023(建筑学(精英班) 09031),2023(工业设计(精英班) 09039),2023(土木工程(精英班) 09042),2023(数学与应用数学 12234),2023(统计学 12284),2023(应用化学 12344),2023(汉语言(汉语国际教育方向) 13001),2023(汉语言(经贸方向) 13014),2023(口腔医学 14025),2023(口腔医学“5+3”一体化拔尖创新实验班 14201),2023(基础学科拔尖班(海洋) 31005),2023(海洋科学 31006),2023(地球物理学 31024),2023(软件工程 42014),2023(法学 52014),2023(法学(英语双学士学位) 52015),2023(政治学与行政学 53014),2023(马克思主义理论 54001),2023(工业设计 55024),2023(视觉传达设计 55034),2023(环境设计 55044),2023(产品设计 55054),2023(艺术设计学(人工智能双学士学位) 55094),2023(测绘工程(应用物理学双学士学位) 57001)",0,1,16,全九清(96750) 星期六5-6节 [1-16] 在线体育课，开学关注Canvas公告
DPE410105,体育(7),2,,王欢,21139,,通识必修课,中文,嘉定校区,"2023(能源与动力工程 04024),2023(能源与动力工程(应用化学双学士学位) 04065),2023(工程力学(强基计划) 09001),2023(新能源材料与器件(精英班) 09008),2023(材料科学与工程(精英班) 09009),2023(计算机科学与技术(精英班) 09011),2023(信息安全(精英班) 09012),2023(数据科学与大数据技术(精英班) 09013),2023(自动化(精英班) 09016),2023(通信工程(精英班) 09017),2023(人工智能(精英班) 09018),2023(微电子科学与工程(精英班) 09019),2023(智能制造工程(精英班) 09028),2023(交通工程(精英班) 09036),2023(软件工程(精英班) 09038),2023(车辆工程(精英班五年制) 09041),2023(数据科学与大数据技术 10005),2023(计算机科学与技术 10014),2023(信息安全 10064),2023(计算机科学与技术(图灵班) 10065),2023(交通工程 15014),2023(交通运输 15024),2023(交通工程(数学与应用数学双学士学位) 15025),2023(车辆工程(创新实验区) 19002),2023(车辆工程(汽车) 19025),2023(车辆工程 43002),2023(工业设计(车辆造型实验区) 55092)",0,1,16,王欢(21139) 星期日3-4节 [1-16] 在线体育课，开学关注Canvas公告
DPE003401,运动营养与健康,2,,柯丹丹,24179,,科学探索与生命关怀,中文,四平路校区,,0,1,12,柯丹丹(24179) 星期一7-8节 [1-12] 南410
DPE003402,运动营养与健康,2,,秦黎黎,12214,,科学探索与生命关怀,中文,四平路校区,,0,1,12,秦黎黎(12214) 星期四7-8节 [1-12] 南307
DPE003801,脊柱健康与运动康复,2,,董静梅,13089,,科学探索与生命关怀,中文,四平路校区,,0,1,12,董静梅(13089) 星期四9-10节 [1-12] 南317
DPE003901,身体评价与功能训练,2,,陈涛,20128,,科学探索与生命关怀,中文,四平路校区,,0,1,12,陈涛(20128) 星期三9-10节 [1-12] 南416
DPE004201,运动与心理健康,2,,刘佳宁,21137,,科学探索与生命关怀,中文,四平路校区,,0,1,12,刘佳宁(21137) 星期一7-8节 [1-12] 北319
DPE230101,健康教育学,2,秦黎黎(教授),"李红,秦黎黎,柯丹丹","05075,12214,24179",",,",专业基础课,中文,四平路校区,2025(运动训练 32001),0,1,16,李红(05075) 星期二3-4节 [11-15] 北307 秦黎黎(12214) 星期二3-4节 [1 5-10 16] 北307 柯丹丹(24179) 星期二3-4节 [2-4] 北307
DPE230201,运动生理学,4,孙婧瑜(副教授),孙婧瑜,14181,,专业基础课,中文,四平路校区,2025(运动训练 32001),0,1,16,孙婧瑜(14181) 星期二1-2节 [1-16] 北307 孙婧瑜(14181) 星期三1-2节 [1-16] 北307
DPE330101,体育心理学,2,,刘佳宁,21137,,专业基础课,中文,四平路校区,2024(运动训练 32001),0,1,16,刘佳宁(21137) 星期一9-10节 [1-16] 南211
DPE340101,体育竞赛学,2,,胡小丽,21175,助理教授（长聘体系）,专业必修课,中文,四平路校区,2024(运动训练 32001),0,1,16,胡小丽(21175) 星期三5-6节 [1-16] 南311
DPE240401,专项教学训练理论与实践3,6,,张文佳,19098,,专业必修课,中文,四平路校区,2025(运动训练 32001),0,1,16,张文佳(19098) 星期三5-8节 [1-16] 四平校区游泳馆 张文佳(19098) 星期四7-8节 [1-16] 四平校区游泳馆
DPE240402,专项教学训练理论与实践3,6,,"王欢,龚星洲,玄伟","21139,94774,95062",",,",专业必修课,中文,四平路校区,2025(运动训练 32001),0,1,16,王欢(21139) 星期一5-6节 [1-16] 一二九田径场 玄伟(95062) 星期三5-6节 [1-16] 一二九田径场 龚星洲(94774) 星期四5-6节 [1-16] 一二九田径场
DPE240403,专项教学训练理论与实践3,6,,陈景源,92168,,专业必修课,中文,四平路校区,2025(运动训练 32001),0,1,16,陈景源(92168) 星期一7-8节 [1-16] 综合训练馆羽毛球馆 陈景源(92168) 星期三7-8节 [1-16] 综合训练馆羽毛球馆 陈景源(92168) 星期四7-8节 [1-16] 综合训练馆羽毛球馆
DPE340201,专项教学训练理论与实践5,6,,张丰林,17106,,专业必修课,中文,四平路校区,2024(运动训练 32001),0,1,16,张丰林(17106) 星期一5-6节 [1-16] 四平校区游泳馆 张丰林(17106) 星期三7-8节 [1-16] 四平校区游泳馆 张丰林(17106) 星期四5-6节 [1-16] 四平校区游泳馆
DPE340202,专项教学训练理论与实践5,6,,"王欢,龚星洲,玄伟","21139,94774,95062",",,",专业必修课,中文,四平路校区,2024(运动训练 32001),0,1,16,龚星洲(94774) 星期一5-6节 [1-16] 一二九田径场 王欢(21139) 星期三7-8节 [1-16] 一二九田径场 玄伟(95062) 星期四5-6节 [1-16] 一二九田径场
DPE340203,专项教学训练理论与实践5,6,,陈妮,13127,,专业必修课,中文,四平路校区,2024(运动训练 32001),0,1,16,陈妮(13127) 星期一7-8节 [1-16] 综合训练馆羽毛球馆 陈妮(13127) 星期三7-8节 [1-16] 综合训练馆羽毛球馆 陈妮(13127) 星期四7-8节 [1-16] 综合训练馆羽毛球馆
DPE340401,运动营养学,2,,秦黎黎,12214,,专业必修课,中文,四平路校区,2024(运动训练 32001),0,1,16,秦黎黎(12214) 星期四3-4节 [1-16] 南311
DPE350101,学校体育学,2,,李纪霞,12098,,专业选修课,中文,四平路校区,2024(运动训练 32001),0,1,16,李纪霞(12098) 星期三3-4节 [1-16] 南418
DPE250201,足球（运训类用）,2,,贾峰,91503,,专业选修课,中文,四平路校区,2025(运动训练 32001),0,1,16,贾峰(91503) 星期四1-2节 [1-16] 南校区足球场
DPE250301,篮球（运训类用）,2,,巩兴红,18072,,专业选修课,中文,四平路校区,2025(运动训练 32001),0,1,16,巩兴红(18072) 星期三3-4节 [1-16] 综合训练馆篮球馆
DPE250401,排球（运训类用）,2,,陈颐清,96749,,专业选修课,中文,四平路校区,2025(运动训练 32001),0,1,16,陈颐清(96749) 星期日7-8节 [1-16] 不排教室
DPE350201,田径（运训类用）,2,,龚星洲,94774,,专业选修课,中文,四平路校区,2024(运动训练 32001),0,1,16,龚星洲(94774) 星期一3-4节 [1-16] 一二九田径场
DPE350301,游泳（运训类用）,2,,冯琳琳,10098,,专业选修课,中文,四平路校区,2024(运动训练 32001),0,1,16,冯琳琳(10098) 星期二3-4节 [1-16] 四平校区游泳馆
DPE350401,网球（运训类用）,2,,虞智杰,21165,,专业选修课,中文,四平路校区,2024(运动训练 32001),0,1,16,虞智杰(21165) 星期一1-2节 [1-16] 南大道网球场
DPE350501,乒乓球（运训类用）,2,,杨皓,16069,,专业选修课,中文,四平路校区,2024(运动训练 32001),0,1,16,杨皓(16069) 星期二1-2节 [1-16] 乒乓球馆
DPE350901,体育管理学,2,,黄珺珮,23174,,专业选修课,中文,四平路校区,2024(运动训练 32001),0,1,16,黄珺珮(23174) 星期五1-2节 [1-16] 南412
DPE351001,体育政策与法规,2,,秦黎黎,12214,,专业选修课,中文,四平路校区,2024(运动训练 32001),0,1,16,秦黎黎(12214) 星期日7-8节 [1-16] 不排教室
DPE351201,体育产业导论,2,,黄珺珮,23174,,专业选修课,中文,四平路校区,2024(运动训练 32001),0,1,16,黄珺珮(23174) 星期五3-4节 [1-16] 南412
DPE351301,体育市场营销,2,,秦黎黎,12214,,专业选修课,中文,四平路校区,2024(运动训练 32001),0,1,16,秦黎黎(12214) 星期日5-6节 [1-16] 不排教室
DPE351501,体育竞赛组织与管理,2,,秦黎黎,12214,,专业选修课,中文,四平路校区,2024(运动训练 32001),0,1,16,秦黎黎(12214) 星期日3-4节 [1-16] 不排教室
DPE351701,运动生物力学,2,,王乐军,10064,,专业选修课,中文,四平路校区,2024(运动训练 32001),0,1,16,王乐军(10064) 星期四1-2节 [1-16] 南311
DPE351901,康复体能训练,2,,柯丹丹,24179,,专业选修课,中文,四平路校区,2024(运动训练 32001),0,1,16,柯丹丹(24179) 星期三9-10节 [1-16] 南411
DPE240101,基础西班牙语3,2,,俞吉恩,17079,null,专业必修课,双语(其他),四平路校区,2025(运动训练 32001),0,1,16,俞吉恩(17079) 星期五1-2节 [1-16] 运筹楼407
DPE460101,专业实习,8,,陈颐清,96749,,实践环节课程,中文,四平路校区,2023(运动训练 32001),0,1,16,陈颐清(96749) 星期一7-8节 [1-16] 外出实践 陈颐清(96749) 星期三1-6节 [1-16] 外出实践
DPE460201,毕业设计实训,2,,"王乐军,秦黎黎,董静梅,黄珺珮,柯丹丹","10064,12214,13089,23174,24179",",,,,",实践环节课程,中文,四平路校区,2023(运动训练 32001),0,1,16,董静梅(13089) 星期日1-2节 [8-10] 学院安排 秦黎黎(12214) 星期日1-2节 [4-7] 学院安排 王乐军(10064) 星期日1-2节 [1-3] 学院安排 柯丹丹(24179) 星期日1-2节 [14-16] 学院安排 黄珺珮(23174) 星期日1-2节 [11-13] 学院安排
DPE330201,体育科研方法与人工智能,2,,王乐军,10064,,专业基础课,中文,四平路校区,2024(运动训练 32001),0,1,16,王乐军(10064) 星期三1-2节 [1-16] 南418
马克思主义学院,,,,,,,,,,,,,,
,,,,,,,,,,,,,,
CMA000101,演讲与口才,2,,薛念文,94046,,社会发展与国际视野,中文,四平路校区,,0,1,12,薛念文(94046) 星期三9-10节 [1-12] 南108
CMA230301,马克思主义经典著作选读（一）,3,,王平,16162,,专业基础课,中文,四平路校区,2025(马克思主义理论 54001),0,1,16,王平(16162) 星期三1-2节 [2-16双] 南310 王平(16162) 星期四7-8节 [1-16] 南316
CMA230402,马克思主义发展史,3,,柯萌,20093,,专业基础课,中文,四平路校区,"2025(数智人文拔尖班 11060),2025(马克思主义理论 54001)",0,1,16,柯萌(20093) 星期二1-2节 [1-16] 南211 柯萌(20093) 星期四3-4节 [1-15单] 南211
CMA240201,中国近现代史,3,,江烜,23139,,专业必修课,中文,四平路校区,2025(马克思主义理论 54001),0,1,16,江烜(23139) 星期三7-8节 [1-16] 南310 江烜(23139) 星期四3-4节 [2-16双] 南219
CMA340501,教育学概论,2,,廖小琴,23108,,专业必修课,中文,四平路校区,2024(马克思主义理论 54001),0,1,16,廖小琴(23108) 星期四1-2节 [1-16] 南409
CMA440701,专业英语文献选读,2,,梁冰洋,20028,,专业必修课,中文,四平路校区,2023(马克思主义理论 54001),0,1,16,梁冰洋(20028) 星期二3-4节 [1-16] 南407
CMA250101,中国化马克思主义,2,,刘勇,20106,,专业选修课,中文,四平路校区,2025(马克思主义理论 54001),0,1,16,刘勇(20106) 星期三5-6节 [1-16] 南208
CMA250201,中国政治思想史,2,,孙小金,02074,,专业选修课,中文,四平路校区,2025(马克思主义理论 54001),0,1,16,孙小金(02074) 星期四1-2节 [1-16] 南320
CMA250301,《共产党宣言》导读,2,,张茂钰,19061,,专业选修课,中文,四平路校区,2025(马克思主义理论 54001),0,1,16,张茂钰(19061) 星期五3-4节 [1-16] 南309
CMA350501,西方政治思想史,2,,任博,21074,,专业选修课,中文,四平路校区,2024(马克思主义理论 54001),0,1,16,任博(21074) 星期四3-4节 [1-16] 南212
CMA350601,《资本论》导读,2,,刘顺,20097,,专业选修课,中文,四平路校区,2024(马克思主义理论 54001),0,1,16,刘顺(20097) 星期一7-8节 [1-16] 北308
CMA350701,社会科学研究方法概论,2,,王滨,98105,,专业选修课,中文,四平路校区,2024(马克思主义理论 54001),0,1,16,王滨(98105) 星期三5-6节 [1-16] 北312
CMA450901,马克思主义民族理论与民族政策,2,,刘骞,11102,,专业选修课,中文,四平路校区,2023(马克思主义理论 54001),0,1,16,刘骞(11102) 星期一1-2节 [1-16] 北305
CMA451001,学术论文写作,2,,王少,20014,,专业选修课,中文,四平路校区,2023(马克思主义理论 54001),0,1,16,王少(20014) 星期一3-4节 [1-16] 北218
CMA340801,中国共产党思想政治教育史,2,,"徐蓉,许家烨","18043,21087",",",专业必修课,中文,四平路校区,2024(马克思主义理论 54001),0,1,16,许家烨(21087) 星期三7-8节 [2-16] 北312 徐蓉(18043) 星期三7-8节 [1] 北312
CMA351201,中国哲学史,2,,许国艳,12097,,专业选修课,中文,四平路校区,2024(马克思主义理论 54001),0,1,16,许国艳(12097) 星期二1-2节 [1-16] 南309
CMA210201,毛泽东思想和中国特色社会主义理论体系概论,3,,运迪,13104,,通识必修课,中文,嘉定校区,"2024(通信工程(精英班) 09017),2024(工程力学(精英班) 09022),2024(车辆工程(汽车精英班) 09048),2025(计算机科学与技术(图灵班) 10065),2025(机械电子工程 51014)",0,1,16,运迪(13104) 星期四5-7节 [1-16] 广楼G404
CMA210202,毛泽东思想和中国特色社会主义理论体系概论,3,,刘顺,20097,,通识必修课,中文,四平路校区,"2025(城市设计 02003),2025(领军人才班(智能规划与再生建筑) 02014),2025(城乡规划 02036),2025(风景园林 02094),2025(运动训练 32001),2025(音乐表演 48014),2025(政治学与行政学(PPE创新实验区) 53015)",0,1,16,刘顺(20097) 星期一1-3节 [1-16] 衷和楼203
CMA210203,毛泽东思想和中国特色社会主义理论体系概论,3,,运迪,13104,,通识必修课,中文,嘉定校区,"2025(微电子科学与工程(应用物理学双学士学位) 10078),2025(建筑电气与智能化 51034),2025(车辆工程 51035)",0,1,16,运迪(13104) 星期四9-11节 [1-16] 广楼G404
CMA210204,毛泽东思想和中国特色社会主义理论体系概论,3,,康兰心,24164,,通识必修课,中文,嘉定校区,"2024(通信工程(精英班) 09017),2024(车辆工程(汽车精英班) 09048),2025(计算机科学与技术(图灵班) 10065),2025(机械电子工程 51014)",0,1,16,康兰心(24164) 星期四5-7节 [1-16] 广楼G405
CMA210205,毛泽东思想和中国特色社会主义理论体系概论,3,,汪洪涛,97012,,通识必修课,中文,嘉定校区,"2025(能源与动力工程 04024),2025(机械设计制造及其自动化 04034),2025(能源与动力工程(应用化学双学士学位) 04065),2025(商用大飞机校企联合人才培养创新模式实验班 45003),2025(工程力学 45014),2025(飞行器制造工程 45024)",0,1,16,汪洪涛(97012) 星期一5-7节 [1-16] 广楼G405
CMA210206,毛泽东思想和中国特色社会主义理论体系概论,3,,汪洪涛,97012,,通识必修课,中文,嘉定校区,"2024(数据科学与大数据技术(精英班) 09013),2024(未来技术班(机器人) 09051)",0,1,16,汪洪涛(97012) 星期一1-3节 [1-16] 广楼G405
CMA210207,毛泽东思想和中国特色社会主义理论体系概论,3,,任博,21074,,通识必修课,中文,嘉定校区,"2024(电气工程及其自动化(精英班) 09015),2024(人工智能(精英班) 09018),2024(软件工程(精英班) 09038),2025(智能制造工程 04009),2025(中德智慧新能源车辆(创新实验区) 19033)",0,1,16,任博(21074) 星期三1-3节 [1-16] 广楼G403
CMA210208,毛泽东思想和中国特色社会主义理论体系概论,3,,任博,21074,,通识必修课,中文,嘉定校区,"2024(自动化(精英班) 09016),2024(未来技术班(智能网联车辆) 09052),2025(新能源材料与器件 08003),2025(材料科学与工程 08014),2025(材料科学与工程(先进材料蕴元班) 08016)",0,1,16,任博(21074) 星期三5-7节 [1-16] 广楼G403
CMA210209,毛泽东思想和中国特色社会主义理论体系概论,3,,苟利武,23128,,通识必修课,中文,嘉定校区,"2025(能源与动力工程 04024),2025(机械设计制造及其自动化 04034),2025(能源与动力工程(应用化学双学士学位) 04065),2025(商用大飞机校企联合人才培养创新模式实验班 45003),2025(工程力学 45014),2025(飞行器制造工程 45024)",0,1,16,苟利武(23128) 星期一5-7节 [1-16] 广楼G407
CMA210210,毛泽东思想和中国特色社会主义理论体系概论,3,,苟利武,23128,,通识必修课,中文,嘉定校区,"2024(材料科学与工程(精英班) 09009),2024(信息安全(精英班) 09012),2024(人工智能(精英班) 09018),2024(微电子科学与工程(精英班) 09019),2024(机械设计制造及其自动化(精英班) 09026),2024(智能制造工程(精英班) 09028),2024(交通工程(精英班) 09036),2024(交通运输(精英班) 09037),2024(车辆工程(精英班) 09040),2025(中德机械工程与机器人(创新实验区) 04004),2025(动画 18044)",0,1,16,苟利武(23128) 星期一9-11节 [1-16] 广楼G407
CMA210211,毛泽东思想和中国特色社会主义理论体系概论,3,,汪洪涛,97012,副教授,通识必修课,中文,嘉定校区,2024(计算机科学与技术(精英班) 09011),0,1,16,汪洪涛(97012) 星期二1-3节 [1-16] 广楼G209
CMA210212,毛泽东思想和中国特色社会主义理论体系概论,3,,"朱佩禧,吕健","09092,14019","副教授,",通识必修课,中文,四平路校区,"2024(工业设计(精英班) 09039),2024(未来技术班(智慧空间) 09050),2025(金融学(数学与应用数学双学士学位) 01095),2025(卓越计划班（机器人） 09104),2025(德语(政治学与行政学双学士学位) 11052),2025(德语(全球胜任力外语人才实验区) 11054)",0,1,16,吕健(14019) 星期四1-3节 [1-6 11-16] 衷和楼205 朱佩禧(09092) 星期四1-3节 [7-10] 衷和楼205
CMA210213,毛泽东思想和中国特色社会主义理论体系概论,3,,吕健,14019,,通识必修课,中文,四平路校区,"2024(环境工程(精英班) 09024),2025(智能建造 03005),2025(基础学科拔尖班(环境) 05003),2025(给排水科学与工程 05024),2025(环境科学 05034),2025(日语(全球胜任力外语人才实验区) 11053),2025(地球物理学 31024),2025(法学(英语双学士学位) 52015)",0,1,16,吕健(14019) 星期五1-3节 [1-16] 衷和楼205
CMA210214,毛泽东思想和中国特色社会主义理论体系概论,3,,罗红杰,21109,,通识必修课,中文,四平路校区,"2024(光电信息科学与工程(精英班) 09046),2024(未来技术班(工程互联网) 09053),2025(工商管理(中法班) 01414),2025(卓越计划班（智慧空间） 09102),2025(基础学科拔尖基地(物理学) 58004)",0,1,16,罗红杰(21109) 星期三5-7节 [1-16] 衷和楼203
CMA210215,毛泽东思想和中国特色社会主义理论体系概论,3,,罗红杰,21109,,通识必修课,中文,四平路校区,"2025(运动训练 00802),2025(环境科学(会计学双学士学位) 05036),2025(卓越计划班（智能网联车辆） 09105)",0,1,16,罗红杰(21109) 星期三9-11节 [1-16] 衷和楼203
CMA210216,毛泽东思想和中国特色社会主义理论体系概论,3,,龚晓莺,13098,,通识必修课,中文,四平路校区,"2025(城乡规划(法学双学士学位) 02017),2025(地质工程 03034),2025(卓越计划班（工程互联网） 09103),2025(德语(法学双学士学位) 11059)",0,1,16,龚晓莺(13098) 星期二1-3节 [1-16] 中法B101
CMA210217,毛泽东思想和中国特色社会主义理论体系概论,3,,龚晓莺,13098,,通识必修课,中文,四平路校区,"2025(基础学科拔尖基地(化学) 00402),2025(地质工程(应用物理学双学士学位) 03077),2025(应用化学 12344),2025(应用物理学 12464),2025(表演 44014),2025(应用物理学(严济慈物理学英才班) 58014)",0,1,16,龚晓莺(13098) 星期三1-3节 [1-16] 中法B101
CMA210218,毛泽东思想和中国特色社会主义理论体系概论,3,,朱佩禧,09092,,通识必修课,中文,四平路校区,"2024(光电信息科学与工程(精英班) 09046),2024(未来技术班(工程互联网) 09053),2025(工商管理(中法班) 01414),2025(卓越计划班（智慧空间） 09102),2025(基础学科拔尖基地(物理学) 58004)",0,1,16,朱佩禧(09092) 星期三5-7节 [1-16] 中法B101
CMA210219,毛泽东思想和中国特色社会主义理论体系概论,3,,"朱佩禧,吕健","09092,14019",",教授",通识必修课,中文,四平路校区,"2025(环境工程 05014),2025(环境工程(数学与应用数学双学士学位) 05035),2025(领军人才班(数智环境) 05041),2025(海洋科学与技术(强基计划) 09057),2025(海洋科学与技术 31027),2025(光电信息科学与工程(应用物理学双学士学位) 58006)",0,1,16,吕健(14019) 星期四5-7节 [7-10] 中法B101 朱佩禧(09092) 星期四5-7节 [1-6 11-16] 中法B101
CMA210220,毛泽东思想和中国特色社会主义理论体系概论,3,,董玥,21095,,通识必修课,中文,四平路校区,"2025(建筑环境与能源应用工程 02011),2025(口腔医学 14025),2025(口腔医学“5+3”一体化拔尖创新实验班 14201),2025(基础学科拔尖基地(生命科学) 17025)",0,1,16,董玥(21095) 星期一9-11节 [1-16] 北313
CMA210221,毛泽东思想和中国特色社会主义理论体系概论,3,,董玥,21095,,通识必修课,中文,四平路校区,"2025(运动训练 00802),2025(环境科学(会计学双学士学位) 05036),2025(卓越计划班（智能网联车辆） 09105)",0,1,16,董玥(21095) 星期三9-11节 [1-16] 北313
CMA210222,毛泽东思想和中国特色社会主义理论体系概论,3,,岳彩,24174,,通识必修课,中文,四平路校区,"2025(城乡规划(法学双学士学位) 02017),2025(地质工程 03034),2025(卓越计划班（工程互联网） 09103),2025(德语(法学双学士学位) 11059)",0,1,16,岳彩(24174) 星期二1-3节 [1-16] 衷和楼203
CMA210223,毛泽东思想和中国特色社会主义理论体系概论,3,,苟利武,23128,助理教授（长聘体系）,通识必修课,中文,四平路校区,"2024(工业设计(精英班) 09039),2025(金融学(数学与应用数学双学士学位) 01095),2025(卓越计划班（机器人） 09104),2025(德语(政治学与行政学双学士学位) 11052),2025(德语(全球胜任力外语人才实验区) 11054)",0,1,16,苟利武(23128) 星期四1-3节 [1-16] 中法B101
CMA310101,习近平新时代中国特色社会主义思想概论,3,,单鑫,25120,null,通识必修课,中文,嘉定校区,"2024(数据科学与大数据技术 10005),2024(计算机科学与技术(图灵班) 10065)",0,1,16,单鑫(25120) 星期一1-3节 [1-16] 广楼G309
CMA310102,习近平新时代中国特色社会主义思想概论,3,,王鹏,98057,,通识必修课,中文,沪西校区,"2024(临床医学(5+3一体化) 14002),2024(康复物理治疗 14056),2024(临床医学(中德实验班) 14061)",0,1,16,王鹏(98057) 星期四9-11节 [1-16] 沪西二教122大教室
CMA310103,习近平新时代中国特色社会主义思想概论,3,,杨琰,13186,副教授,通识必修课,中文,四平路校区,"2024(环境工程 05014),2024(给排水科学与工程 05024),2024(环境科学 05034),2024(海洋科学(强基计划) 09047),2024(基础学科拔尖班(海洋) 31005),2024(海洋科学 31006),2024(产品设计 55054)",0,1,16,杨琰(13186) 星期一9-11节 [1-16] 衷和楼203
CMA310104,习近平新时代中国特色社会主义思想概论,3,,单鑫,25120,null,通识必修课,中文,嘉定校区,"2024(计算机科学与技术 10014),2024(信息安全 10064),2024(传播学 60001)",0,1,16,单鑫(25120) 星期一5-7节 [1-16] 广楼G404
CMA310105,习近平新时代中国特色社会主义思想概论,3,,吕小宁,25145,null,通识必修课,中文,嘉定校区,"2024(微电子科学与工程 10007),2024(车辆工程(创新实验区) 19030)",0,1,16,吕小宁(25145) 星期一9-11节 [1-16] 广楼G404
CMA310106,习近平新时代中国特色社会主义思想概论,3,,吕小宁,25145,null,通识必修课,中文,嘉定校区,"2024(计算机科学与技术 10014),2024(信息安全 10064),2024(传播学 60001)",0,1,16,吕小宁(25145) 星期一5-7节 [1-16] 广楼G209
CMA310107,习近平新时代中国特色社会主义思想概论,3,,汪文慧,24168,助理教授（长聘体系）,通识必修课,中文,嘉定校区,"2024(工程力学(强基计划) 09001),2024(微电子科学与工程(应用物理学双学士学位) 10078),2024(动画 18044),2024(软件工程 42014),2024(商用大飞机校企联合人才培养创新模式实验班 45003),2024(工程力学 45014),2024(飞行器制造工程 45024),2024(基础学科拔尖基地(力学) 45092)",0,1,16,汪文慧(24168) 星期四5-7节 [1-16] 广楼G307
CMA310108,习近平新时代中国特色社会主义思想概论,3,,弓昭民,23145,助理教授（长聘体系）,通识必修课,中文,嘉定校区,"2024(人工智能 10008),2024(自动化 10024),2024(通信工程 10054),2024(广播电视编导 18024)",0,1,16,弓昭民(23145) 星期四9-11节 [1-16] 广楼G307
CMA310109,习近平新时代中国特色社会主义思想概论,3,,汪文慧,24168,助理教授（长聘体系）,通识必修课,中文,嘉定校区,"2024(人工智能 10008),2024(自动化 10024),2024(通信工程 10054),2024(广播电视编导 18024)",0,1,16,汪文慧(24168) 星期四9-11节 [1-16] 广楼G205
CMA310110,习近平新时代中国特色社会主义思想概论,3,,弓昭民,23145,助理教授（长聘体系）,通识必修课,中文,嘉定校区,"2024(材料科学与工程(先进材料蕴元班) 08016),2024(电气工程及其自动化 10044),2024(车辆工程 43002)",0,1,16,弓昭民(23145) 星期四1-3节 [1-16] 广楼G309
CMA310111,习近平新时代中国特色社会主义思想概论,3,,赵建波,21143,助理教授（长聘体系）,通识必修课,中文,嘉定校区,"2024(工程力学(强基计划) 09001),2024(微电子科学与工程(应用物理学双学士学位) 10078),2024(动画 18044),2024(软件工程 42014),2024(商用大飞机校企联合人才培养创新模式实验班 45003),2024(工程力学 45014),2024(飞行器制造工程 45024),2024(基础学科拔尖基地(力学) 45092)",0,1,16,赵建波(21143) 星期四5-7节 [1-16] 广楼G309
CMA310112,习近平新时代中国特色社会主义思想概论,3,,陈双珠,19068,副教授,通识必修课,中文,嘉定校区,"2024(工程力学(强基计划) 09001),2024(微电子科学与工程(应用物理学双学士学位) 10078),2024(动画 18044),2024(软件工程 42014),2024(商用大飞机校企联合人才培养创新模式实验班 45003),2024(工程力学 45014),2024(飞行器制造工程 45024),2024(基础学科拔尖基地(力学) 45092)",0,1,16,陈双珠(19068) 星期四5-7节 [1-16] 广楼G403
CMA310113,习近平新时代中国特色社会主义思想概论,3,,陈双珠,19068,副教授,通识必修课,中文,嘉定校区,"2024(人工智能 10008),2024(自动化 10024),2024(通信工程 10054),2024(广播电视编导 18024)",0,1,16,陈双珠(19068) 星期四9-11节 [1-16] 广楼G403
CMA310114,习近平新时代中国特色社会主义思想概论,3,,许家烨,21087,助理教授（长聘体系）,通识必修课,中文,嘉定校区,"2024(材料科学与工程(先进材料蕴元班) 08016),2024(电气工程及其自动化 10044),2024(车辆工程 43002)",0,1,16,许家烨(21087) 星期四1-3节 [1-16] 广楼G207
CMA310115,习近平新时代中国特色社会主义思想概论,3,,王莹莹,21080,助理教授（长聘体系）,通识必修课,中文,嘉定校区,"2024(工程力学(强基计划) 09001),2024(微电子科学与工程(应用物理学双学士学位) 10078),2024(动画 18044),2024(软件工程 42014),2024(商用大飞机校企联合人才培养创新模式实验班 45003),2024(工程力学 45014),2024(飞行器制造工程 45024),2024(基础学科拔尖基地(力学) 45092)",0,1,16,王莹莹(21080) 星期四5-7节 [1-16] 广楼G207
CMA310116,习近平新时代中国特色社会主义思想概论,3,,周荣尚,98736,讲师,通识必修课,中文,沪西校区,"2024(临床医学(5+3一体化) 14002),2024(康复物理治疗 14056),2024(临床医学(中德实验班) 14061)",0,1,16,周荣尚(98736) 星期四9-11节 [1-16] 沪西二教212大教室
CMA310117,习近平新时代中国特色社会主义思想概论,3,,崔欣玉,17002,副教授,通识必修课,中文,沪西校区,"2024(医学试验班(国豪精英班) 09007),2024(临床医学 14004),2024(护理学 14044),2024(基础医学 14060),2024(临床医学(领军人才培养) 14065)",0,1,16,崔欣玉(17002) 星期一9-11节 [1-16] 沪西二教122大教室
CMA310118,习近平新时代中国特色社会主义思想概论,3,,杨琰,13186,副教授,通识必修课,中文,四平路校区,"2023(应用物理学(强基计划) 09005),2024(数学与应用数学(华罗庚班) 00305),2024(测绘工程 03044),2024(应用化学(强基计划) 09002),2024(数学与应用数学(强基计划) 09004),2024(数学与应用数学 12234),2024(生物信息学 17024)",0,1,16,杨琰(13186) 星期五5-7节 [1-16] 一教202
CMA310119,习近平新时代中国特色社会主义思想概论,3,,胡键,24091,长聘教授,通识必修课,中文,四平路校区,"2024(基础学科拔尖基地(数学) 00304),2024(运动训练 00802),2024(运动训练 32001)",0,1,16,胡键(24091) 星期四9-11节 [1-16] 中法B101
CMA310120,习近平新时代中国特色社会主义思想概论,3,,薛念文,94046,教授,通识必修课,中文,四平路校区,"2024(工业设计 55024),2024(视觉传达设计 55034),2024(环境设计 55044),2024(艺术设计学(人工智能双学士学位) 55094)",0,1,16,薛念文(94046) 星期四1-3节 [1-16] 瑞安楼阶3
CMA310121,习近平新时代中国特色社会主义思想概论,3,,王少,20014,预聘副教授,通识必修课,中文,四平路校区,"2023(应用物理学(强基计划) 09005),2024(数学与应用数学(华罗庚班) 00305),2024(测绘工程 03044),2024(应用化学(强基计划) 09002),2024(数学与应用数学(强基计划) 09004),2024(数学与应用数学 12234),2024(生物信息学 17024)",0,1,16,王少(20014) 星期五5-7节 [1-16] 中法B101
CMA310122,习近平新时代中国特色社会主义思想概论,3,,廖小琴,23108,教授,通识必修课,中文,四平路校区,"2024(法学 52014),2024(法学(英语双学士学位) 52015)",0,1,16,廖小琴(23108) 星期五1-3节 [1-16] 中法B101
CMA310123,习近平新时代中国特色社会主义思想概论,3,,徐蓉,18043,教授,通识必修课,中文,四平路校区,"2024(基础学科拔尖班(环境) 05003),2024(环境工程(数学与应用数学双学士学位) 05035),2024(环境科学(会计学双学士学位) 05036),2024(生物技术(强基计划) 09003),2024(统计学 12284),2024(生物技术 17014),2024(基础学科拔尖基地(生命科学) 17025),2024(政治学与行政学(PPE创新实验区) 53015),2024(测绘工程(应用物理学双学士学位) 57001)",0,1,16,徐蓉(18043) 星期三9-11节 [1-16] 衷和楼201
CMA310124,习近平新时代中国特色社会主义思想概论,3,,万立明,07083,教授,通识必修课,中文,四平路校区,"2023(应用物理学(强基计划) 09005),2024(数学与应用数学(华罗庚班) 00305),2024(测绘工程 03044),2024(应用化学(强基计划) 09002),2024(数学与应用数学(强基计划) 09004),2024(数学与应用数学 12234),2024(生物信息学 17024)",0,1,16,万立明(07083) 星期五5-7节 [1-16] 一教324
CMA310125,习近平新时代中国特色社会主义思想概论,3,,孙小金,02074,副教授,通识必修课,中文,四平路校区,"2024(地球物理学 31024),2024(表演 44014),2024(音乐表演 48014),2024(政治学与行政学 53014)",0,1,16,孙小金(02074) 星期三1-3节 [1-16] 一教102
CMA310126,习近平新时代中国特色社会主义思想概论,3,,王谋寅,09097,副教授,通识必修课,中文,四平路校区,"2024(基础学科拔尖班(环境) 05003),2024(环境工程(数学与应用数学双学士学位) 05035),2024(环境科学(会计学双学士学位) 05036),2024(生物技术(强基计划) 09003),2024(统计学 12284),2024(生物技术 17014),2024(基础学科拔尖基地(生命科学) 17025),2024(政治学与行政学(PPE创新实验区) 53015),2024(测绘工程(应用物理学双学士学位) 57001)",0,1,16,王谋寅(09097) 星期三9-11节 [1-16] 中法B101
CMA000201,乡村振兴的上海图景认知,2,,"运迪,孙羽捷","13104,16059",",",社会发展与国际视野,中文,四平路校区,,0,1,12,"运迪(13104),孙羽捷(16059) 星期六1-4节 [5] 外出实践 运迪(13104) 星期六1-4节 [1 9] 南208 运迪(13104) 星期六1-4节 [7] 外出实践 运迪(13104) 星期六5-8节 [5-7单] 外出实践"
CMA110601,四史新讲,1,,姚莉萍,07154,,通识必修课,中文,嘉定校区,"2025(机械电子工程 51014),2025(建筑电气与智能化 51034),2025(车辆工程 51035)",0,1,16,姚莉萍(07154) 星期二1-2节 [1-15单] 线上课堂
CMA110602,四史新讲,1,,刘顺,20097,,通识必修课,中文,嘉定校区,"2025(机械电子工程 51014),2025(建筑电气与智能化 51034),2025(车辆工程 51035)",0,1,16,刘顺(20097) 星期二1-2节 [1-15单] 线上课堂
CMA001101,宏观经济学,2,,杨小勇,10026,,社会发展与国际视野,中文,四平路校区,,0,1,12,杨小勇(10026) 星期四9-10节 [1-12] 北210
CMA000901,中国道路,1,,刘顺,20097,,社会发展与国际视野,中文,四平路校区,,0,1,16,刘顺(20097) 星期四9-10节 [2-16双] 文106
CMA000801,马克思主义政治经济学,2,,龚晓莺,13098,,社会发展与国际视野,中文,四平路校区,,0,1,12,龚晓莺(13098) 星期三7-8节 [1-12] 北112
CMA001001,改革开放与新时代,2,,运迪,13104,,社会发展与国际视野,中文,四平路校区,,0,1,12,运迪(13104) 星期一9-10节 [1-12] 南215
CMA001002,改革开放与新时代,2,,"葛畅,运迪","10047,13104","副教授,",社会发展与国际视野,中文,嘉定校区,,0,1,16,葛畅(10047) 星期三7-8节 [4-5] 博楼B203 运迪(13104) 星期三7-8节 [1-3 6-12] 博楼B203
CMA110101,中国近现代史纲要,3,,胡键,24091,,通识必修课,中文,嘉定校区,2025(数据科学与大数据技术(数据科学与智能决策实验区) 81001),0,1,16,胡键(24091) 星期三9-11节 [1-16] 安楼A402
CMA110102,中国近现代史纲要,3,,江烜,23139,,通识必修课,中文,四平路校区,"2025(新能源材料与器件(精英班) 09008),2025(材料科学与工程(精英班) 09009),2025(计算机科学与技术(精英班) 09011),2025(信息安全(精英班) 09012),2025(数据科学与大数据技术(精英班) 09013),2025(工程力学(精英班) 09022),2025(环境工程(精英班) 09024),2025(给排水科学与工程(精英班) 09025),2025(机械设计制造及其自动化(精英班) 09026),2025(智能制造工程(精英班) 09028),2025(建筑环境与能源应用工程(精英班) 09030),2025(城市设计(精英班) 09035),2025(软件工程(精英班) 09038),2025(土木工程(精英班) 09042),2025(智能建造(精英班) 09044)",0,1,16,江烜(23139) 星期三1-3节 [1-16] 一教126
CMA110103,中国近现代史纲要,3,,江烜,23139,,通识必修课,中文,四平路校区,"2025(测绘工程(精英班) 09010),2025(电气工程及其自动化(精英班) 09015),2025(自动化(精英班) 09016),2025(通信工程(精英班) 09017),2025(微电子科学与工程(精英班) 09019),2025(飞行器制造工程(精英班) 09021),2025(能源与动力工程(精英班) 09029),2025(建筑学(精英班) 09031),2025(历史建筑保护工程(精英班) 09032),2025(城乡规划(精英班) 09033),2025(风景园林(精英班) 09034),2025(交通工程(精英班) 09036),2025(交通运输(精英班) 09037),2025(工业设计(精英班) 09039),2025(车辆工程(精英班) 09040),2025(地质工程(精英班) 09043),2025(光电信息科学与工程(精英班) 09046),2025(车辆工程(汽车精英班) 09048),2025(未来技术班(智慧空间) 09050),2025(未来技术班(机器人) 09051),2025(未来技术班(智能网联车辆) 09052),2025(未来技术班(工程互联网) 09053)",0,1,16,江烜(23139) 星期四9-11节 [1-16] 北101
CMA341101,心理学,2,,"赵盈,康兰心","07048,24164",",",专业必修课,中文,四平路校区,2024(马克思主义理论 54001),0,1,16,康兰心(24164) 星期三3-4节 [2-16] 南221 赵盈(07048) 星期三3-4节 [1] 南221
CMA351601,当代中国文化建设,2,,王谋寅,09097,,专业选修课,中文,四平路校区,2024(马克思主义理论 54001),0,1,16,王谋寅(09097) 星期一5-6节 [1-16] 北308
CMA251801,公共关系学,2,,李雅茹,97066,,专业选修课,中文,四平路校区,2025(马克思主义理论 54001),0,1,16,李雅茹(97066) 星期五1-2节 [1-16] 南309
CMA341201,逻辑学,2,,王滨,98105,,专业必修课,中文,四平路校区,2024(马克思主义理论 54001),0,1,16,王滨(98105) 星期三1-2节 [1-16] 南409
CMA270102,中国道路,1,,刘顺,20097,,个性化课程,中文,四平路校区,"2025(数智人文拔尖班 11060),2025(马克思主义理论 54001)",0,1,16,刘顺(20097) 星期四9-10节 [2-16双] 文106
CMA210301,形势与政策(3),1,,刘骞,11102,,通识必修课,中文,四平路校区,"2025(信息管理与信息系统 01024),2025(金融学(数学与应用数学双学士学位) 01095),2025(经济管理类(数据科学与智能决策实验区) 01098),2025(工商管理(中法班) 01414),2025(城市设计 02003),2025(建筑环境与能源应用工程 02011),2025(领军人才班(智能规划与再生建筑) 02014),2025(建筑学 02015),2025(城乡规划(法学双学士学位) 02017),2025(城乡规划 02036),2025(历史建筑保护工程 02084),2025(智能建造 03005),2025(土木工程 03014),2025(地质工程 03034),2025(领军人才班(未来建造) 03076),2025(环境科学 05034),2025(领军人才班(数智环境) 05041),2025(汉语言文学 07004),2025(哲学 07094),2025(文化产业管理 07914),2025(英语(数智人文) 11024),2025(德语(法学双学士学位) 11059),2025(数智人文拔尖班 11060),2025(光电信息科学与工程 12474),2025(生物技术 17014),2025(生物信息学 17024),2025(基础学科拔尖基地(生命科学) 17025),2025(地球物理学 31024),2025(表演 44014),2025(音乐表演 48014),2025(创新设计人才培养实验区 55003),2025(工业设计 55024),2025(艺术设计学(人工智能双学士学位) 55094),2025(艺术设计学 55099),2025(基础学科拔尖基地(物理学) 58004),2025(光电信息科学与工程(应用物理学双学士学位) 58006),2025(应用物理学(严济慈物理学英才班) 58014)",0,3,6,刘骞(11102) 星期二5-6节 [3-6] 北101
CMA210302,形势与政策(3),1,,克热木·阿布都米吉提,18030,,通识必修课,中文,嘉定校区,"2025(中德机械工程与机器人(创新实验区) 04004),2025(智能制造工程 04009),2025(机械设计制造及其自动化 04034),2025(新能源材料与器件 08003),2025(材料科学与工程 08014),2025(材料科学与工程(先进材料蕴元班) 08016),2025(广播电视编导 18024),2025(动画 18044),2025(商用大飞机校企联合人才培养创新模式实验班 45003),2025(工程力学 45014),2025(飞行器制造工程 45024),2025(基础学科拔尖基地(力学) 45092),2025(机械电子工程 51014),2025(建筑电气与智能化 51034),2025(车辆工程 51035),2025(传播学 60001)",0,3,6,克热木·阿布都米吉提(18030) 星期二5-6节 [3-6] 安楼A404
CMA210303,形势与政策(3),1,,张铤,25118,预聘副教授,通识必修课,中文,沪西校区,2025(临床医学(5+3一体化) 14002),0,3,6,张铤(25118) 星期二5-6节 [3-6] 沪西二教135阶梯教室
CMA210304,形势与政策(3),1,,裴培,20144,,通识必修课,中文,四平路校区,"2025(数学类 00301),2025(基础学科拔尖基地(数学) 00304),2025(数学与应用数学(华罗庚班) 00305),2025(基础学科拔尖基地(化学) 00402),2025(运动训练 00802),2025(工程管理 01014),2025(会计学 01074),2025(金融学 01084),2025(风景园林 02094),2025(测绘工程 03044),2025(土木工程(数学与应用数学双学士学位) 03065),2025(工程力学(强基计划) 09001),2025(应用化学(强基计划) 09002),2025(生物技术(强基计划) 09003),2025(数学与应用数学(强基计划) 09004),2025(应用物理学(强基计划) 09005),2025(计算机科学与技术(精英班) 09011),2025(信息安全(精英班) 09012),2025(数据科学与大数据技术(精英班) 09013),2025(电气工程及其自动化(精英班) 09015),2025(自动化(精英班) 09016),2025(通信工程(精英班) 09017),2025(人工智能(精英班) 09018),2025(微电子科学与工程(精英班) 09019),2025(飞行器制造工程(精英班) 09021),2025(工程力学(精英班) 09022),2025(环境工程(精英班) 09024),2025(给排水科学与工程(精英班) 09025),2025(能源与动力工程(精英班) 09029),2025(建筑环境与能源应用工程(精英班) 09030),2025(德语 11014),2025(应用化学 12344),2025(口腔医学 14025),2025(口腔医学“5+3”一体化拔尖创新实验班 14201),2025(运动训练 32001),2025(法学 52014),2025(法学(英语双学士学位) 52015),2025(政治学与行政学 53014),2025(政治学与行政学(PPE创新实验区) 53015),2025(马克思主义理论 54001)",0,7,10,裴培(20144) 星期二5-6节 [7-10] 北101
CMA210305,形势与政策(3),1,,裴培,20144,,通识必修课,中文,四平路校区,"2025(土木工程(法学双学士学位) 03067),2025(地质工程(应用物理学双学士学位) 03077),2025(基础学科拔尖班(环境) 05003),2025(环境工程 05014),2025(给排水科学与工程 05024),2025(环境工程(数学与应用数学双学士学位) 05035),2025(环境科学(会计学双学士学位) 05036),2025(新能源材料与器件(精英班) 09008),2025(材料科学与工程(精英班) 09009),2025(测绘工程(精英班) 09010),2025(机械设计制造及其自动化(精英班) 09026),2025(智能制造工程(精英班) 09028),2025(建筑学(精英班) 09031),2025(历史建筑保护工程(精英班) 09032),2025(城乡规划(精英班) 09033),2025(风景园林(精英班) 09034),2025(城市设计(精英班) 09035),2025(交通工程(精英班) 09036),2025(交通运输(精英班) 09037),2025(软件工程(精英班) 09038),2025(工业设计(精英班) 09039),2025(车辆工程(精英班) 09040),2025(土木工程(精英班) 09042),2025(地质工程(精英班) 09043),2025(智能建造(精英班) 09044),2025(光电信息科学与工程(精英班) 09046),2025(车辆工程(汽车精英班) 09048),2025(未来技术班(智慧空间) 09050),2025(未来技术班(机器人) 09051),2025(未来技术班(智能网联车辆) 09052),2025(未来技术班(工程互联网) 09053),2025(数学与应用数学(智能科学)(强基计划) 09056),2025(海洋科学与技术(强基计划) 09057),2025(卓越计划班（智慧空间） 09102),2025(卓越计划班（工程互联网） 09103),2025(卓越计划班（机器人） 09104),2025(卓越计划班（智能网联车辆） 09105),2025(日语 11034),2025(德语(政治学与行政学双学士学位) 11052),2025(日语(全球胜任力外语人才实验区) 11053),2025(德语(全球胜任力外语人才实验区) 11054),2025(应用物理学 12464),2025(海洋科学与技术 31027),2025(测绘工程(应用物理学双学士学位) 57001)",0,11,14,裴培(20144) 星期二5-6节 [11-14] 北101
CMA210306,形势与政策(3),1,,姚玉红,01067,,通识必修课,中文,四平路校区,"2025(信息管理与信息系统 01024),2025(金融学(数学与应用数学双学士学位) 01095),2025(经济管理类(数据科学与智能决策实验区) 01098),2025(工商管理(中法班) 01414),2025(城市设计 02003),2025(建筑环境与能源应用工程 02011),2025(领军人才班(智能规划与再生建筑) 02014),2025(建筑学 02015),2025(城乡规划(法学双学士学位) 02017),2025(城乡规划 02036),2025(历史建筑保护工程 02084),2025(智能建造 03005),2025(土木工程 03014),2025(地质工程 03034),2025(领军人才班(未来建造) 03076),2025(环境科学 05034),2025(领军人才班(数智环境) 05041),2025(汉语言文学 07004),2025(哲学 07094),2025(文化产业管理 07914),2025(英语(数智人文) 11024),2025(德语(法学双学士学位) 11059),2025(数智人文拔尖班 11060),2025(光电信息科学与工程 12474),2025(生物技术 17014),2025(生物信息学 17024),2025(基础学科拔尖基地(生命科学) 17025),2025(地球物理学 31024),2025(表演 44014),2025(音乐表演 48014),2025(创新设计人才培养实验区 55003),2025(工业设计 55024),2025(艺术设计学(人工智能双学士学位) 55094),2025(艺术设计学 55099),2025(基础学科拔尖基地(物理学) 58004),2025(光电信息科学与工程(应用物理学双学士学位) 58006),2025(应用物理学(严济慈物理学英才班) 58014)",0,3,6,姚玉红(01067) 星期二5-6节 [3-6] 南101
CMA210307,形势与政策(3),1,,江烜,23139,助理教授（长聘体系）,通识必修课,中文,四平路校区,"2025(数学类 00301),2025(基础学科拔尖基地(数学) 00304),2025(数学与应用数学(华罗庚班) 00305),2025(基础学科拔尖基地(化学) 00402),2025(运动训练 00802),2025(工程管理 01014),2025(会计学 01074),2025(金融学 01084),2025(风景园林 02094),2025(测绘工程 03044),2025(土木工程(数学与应用数学双学士学位) 03065),2025(工程力学(强基计划) 09001),2025(应用化学(强基计划) 09002),2025(生物技术(强基计划) 09003),2025(数学与应用数学(强基计划) 09004),2025(应用物理学(强基计划) 09005),2025(计算机科学与技术(精英班) 09011),2025(信息安全(精英班) 09012),2025(数据科学与大数据技术(精英班) 09013),2025(自动化(精英班) 09016),2025(通信工程(精英班) 09017),2025(人工智能(精英班) 09018),2025(微电子科学与工程(精英班) 09019),2025(应用化学 12344),2025(口腔医学 14025),2025(口腔医学“5+3”一体化拔尖创新实验班 14201),2025(运动训练 32001),2025(法学 52014),2025(法学(英语双学士学位) 52015),2025(政治学与行政学 53014),2025(政治学与行政学(PPE创新实验区) 53015),2025(马克思主义理论 54001)",0,7,10,江烜(23139) 星期二5-6节 [7-10] 南101
CMA210308,形势与政策(3),1,,江烜,23139,助理教授（长聘体系）,通识必修课,中文,四平路校区,"2025(土木工程(法学双学士学位) 03067),2025(地质工程(应用物理学双学士学位) 03077),2025(基础学科拔尖班(环境) 05003),2025(环境工程 05014),2025(给排水科学与工程 05024),2025(环境工程(数学与应用数学双学士学位) 05035),2025(环境科学(会计学双学士学位) 05036),2025(机械设计制造及其自动化(精英班) 09026),2025(交通工程(精英班) 09036),2025(软件工程(精英班) 09038),2025(工业设计(精英班) 09039),2025(车辆工程(精英班) 09040),2025(光电信息科学与工程(精英班) 09046),2025(车辆工程(汽车精英班) 09048),2025(未来技术班(智慧空间) 09050),2025(未来技术班(机器人) 09051),2025(未来技术班(智能网联车辆) 09052),2025(未来技术班(工程互联网) 09053),2025(数学与应用数学(智能科学)(强基计划) 09056),2025(海洋科学与技术(强基计划) 09057),2025(卓越计划班（智慧空间） 09102),2025(卓越计划班（工程互联网） 09103),2025(卓越计划班（机器人） 09104),2025(卓越计划班（智能网联车辆） 09105),2025(日语 11034),2025(德语(政治学与行政学双学士学位) 11052),2025(日语(全球胜任力外语人才实验区) 11053),2025(德语(全球胜任力外语人才实验区) 11054),2025(应用物理学 12464),2025(海洋科学与技术 31027),2025(测绘工程(应用物理学双学士学位) 57001)",0,11,14,江烜(23139) 星期二5-6节 [11-14] 南101
CMA210309,形势与政策(3),1,,方雅静,08046,,通识必修课,中文,四平路校区,"2025(信息管理与信息系统 01024),2025(金融学(数学与应用数学双学士学位) 01095),2025(经济管理类(数据科学与智能决策实验区) 01098),2025(工商管理(中法班) 01414),2025(城市设计 02003),2025(建筑环境与能源应用工程 02011),2025(领军人才班(智能规划与再生建筑) 02014),2025(建筑学 02015),2025(城乡规划(法学双学士学位) 02017),2025(城乡规划 02036),2025(历史建筑保护工程 02084),2025(智能建造 03005),2025(土木工程 03014),2025(地质工程 03034),2025(领军人才班(未来建造) 03076),2025(环境科学 05034),2025(领军人才班(数智环境) 05041),2025(汉语言文学 07004),2025(哲学 07094),2025(文化产业管理 07914),2025(英语(数智人文) 11024),2025(德语(法学双学士学位) 11059),2025(数智人文拔尖班 11060),2025(光电信息科学与工程 12474),2025(生物技术 17014),2025(生物信息学 17024),2025(基础学科拔尖基地(生命科学) 17025),2025(地球物理学 31024),2025(表演 44014),2025(音乐表演 48014),2025(创新设计人才培养实验区 55003),2025(工业设计 55024),2025(艺术设计学(人工智能双学士学位) 55094),2025(艺术设计学 55099),2025(基础学科拔尖基地(物理学) 58004),2025(光电信息科学与工程(应用物理学双学士学位) 58006),2025(应用物理学(严济慈物理学英才班) 58014)",0,3,6,方雅静(08046) 星期二5-6节 [3-6] 北129
CMA210310,形势与政策(3),1,,方雅静,08046,,通识必修课,中文,四平路校区,"2025(数学类 00301),2025(基础学科拔尖基地(数学) 00304),2025(数学与应用数学(华罗庚班) 00305),2025(基础学科拔尖基地(化学) 00402),2025(运动训练 00802),2025(工程管理 01014),2025(会计学 01074),2025(金融学 01084),2025(风景园林 02094),2025(测绘工程 03044),2025(土木工程(数学与应用数学双学士学位) 03065),2025(工程力学(强基计划) 09001),2025(应用化学(强基计划) 09002),2025(生物技术(强基计划) 09003),2025(数学与应用数学(强基计划) 09004),2025(应用物理学(强基计划) 09005),2025(计算机科学与技术(精英班) 09011),2025(数据科学与大数据技术(精英班) 09013),2025(自动化(精英班) 09016),2025(通信工程(精英班) 09017),2025(人工智能(精英班) 09018),2025(微电子科学与工程(精英班) 09019),2025(应用化学 12344),2025(口腔医学 14025),2025(口腔医学“5+3”一体化拔尖创新实验班 14201),2025(运动训练 32001),2025(法学 52014),2025(法学(英语双学士学位) 52015),2025(政治学与行政学 53014),2025(政治学与行政学(PPE创新实验区) 53015),2025(马克思主义理论 54001)",0,7,10,方雅静(08046) 星期二5-6节 [7-10] 北129
CMA210311,形势与政策(3),1,,方雅静,08046,,通识必修课,中文,四平路校区,"2025(土木工程(法学双学士学位) 03067),2025(地质工程(应用物理学双学士学位) 03077),2025(基础学科拔尖班(环境) 05003),2025(环境工程 05014),2025(给排水科学与工程 05024),2025(环境工程(数学与应用数学双学士学位) 05035),2025(环境科学(会计学双学士学位) 05036),2025(交通工程(精英班) 09036),2025(软件工程(精英班) 09038),2025(工业设计(精英班) 09039),2025(光电信息科学与工程(精英班) 09046),2025(车辆工程(汽车精英班) 09048),2025(未来技术班(机器人) 09051),2025(未来技术班(智能网联车辆) 09052),2025(未来技术班(工程互联网) 09053),2025(数学与应用数学(智能科学)(强基计划) 09056),2025(海洋科学与技术(强基计划) 09057),2025(卓越计划班（智慧空间） 09102),2025(卓越计划班（工程互联网） 09103),2025(卓越计划班（机器人） 09104),2025(卓越计划班（智能网联车辆） 09105),2025(日语 11034),2025(德语(政治学与行政学双学士学位) 11052),2025(日语(全球胜任力外语人才实验区) 11053),2025(德语(全球胜任力外语人才实验区) 11054),2025(应用物理学 12464),2025(海洋科学与技术 31027),2025(测绘工程(应用物理学双学士学位) 57001)",0,11,14,方雅静(08046) 星期二5-6节 [11-14] 北129
CMA210312,形势与政策(3),1,,苏娜,15139,,通识必修课,中文,四平路校区,"2025(信息管理与信息系统 01024),2025(金融学(数学与应用数学双学士学位) 01095),2025(经济管理类(数据科学与智能决策实验区) 01098),2025(工商管理(中法班) 01414),2025(城市设计 02003),2025(建筑环境与能源应用工程 02011),2025(领军人才班(智能规划与再生建筑) 02014),2025(建筑学 02015),2025(城乡规划 02036),2025(历史建筑保护工程 02084),2025(智能建造 03005),2025(土木工程 03014),2025(地质工程 03034),2025(领军人才班(未来建造) 03076),2025(环境科学 05034),2025(领军人才班(数智环境) 05041),2025(汉语言文学 07004),2025(哲学 07094),2025(文化产业管理 07914),2025(英语(数智人文) 11024),2025(德语(法学双学士学位) 11059),2025(数智人文拔尖班 11060),2025(光电信息科学与工程 12474),2025(生物技术 17014),2025(生物信息学 17024),2025(基础学科拔尖基地(生命科学) 17025),2025(地球物理学 31024),2025(表演 44014),2025(音乐表演 48014),2025(创新设计人才培养实验区 55003),2025(工业设计 55024),2025(艺术设计学(人工智能双学士学位) 55094),2025(艺术设计学 55099),2025(基础学科拔尖基地(物理学) 58004),2025(光电信息科学与工程(应用物理学双学士学位) 58006),2025(应用物理学(严济慈物理学英才班) 58014)",0,3,6,苏娜(15139) 星期二5-6节 [3-6] 南129
CMA210313,形势与政策(3),1,,苏娜,15139,,通识必修课,中文,四平路校区,"2025(数学类 00301),2025(基础学科拔尖基地(数学) 00304),2025(数学与应用数学(华罗庚班) 00305),2025(基础学科拔尖基地(化学) 00402),2025(运动训练 00802),2025(工程管理 01014),2025(会计学 01074),2025(金融学 01084),2025(测绘工程 03044),2025(土木工程(数学与应用数学双学士学位) 03065),2025(工程力学(强基计划) 09001),2025(应用化学(强基计划) 09002),2025(生物技术(强基计划) 09003),2025(数学与应用数学(强基计划) 09004),2025(应用物理学(强基计划) 09005),2025(计算机科学与技术(精英班) 09011),2025(数据科学与大数据技术(精英班) 09013),2025(自动化(精英班) 09016),2025(通信工程(精英班) 09017),2025(人工智能(精英班) 09018),2025(微电子科学与工程(精英班) 09019),2025(应用化学 12344),2025(口腔医学 14025),2025(口腔医学“5+3”一体化拔尖创新实验班 14201),2025(运动训练 32001),2025(法学 52014),2025(法学(英语双学士学位) 52015),2025(政治学与行政学 53014),2025(政治学与行政学(PPE创新实验区) 53015),2025(马克思主义理论 54001)",0,7,10,苏娜(15139) 星期二5-6节 [7-10] 南129
CMA210314,形势与政策(3),1,,苏娜,15139,,通识必修课,中文,四平路校区,"2025(地质工程(应用物理学双学士学位) 03077),2025(基础学科拔尖班(环境) 05003),2025(环境工程 05014),2025(给排水科学与工程 05024),2025(环境工程(数学与应用数学双学士学位) 05035),2025(环境科学(会计学双学士学位) 05036),2025(交通工程(精英班) 09036),2025(软件工程(精英班) 09038),2025(工业设计(精英班) 09039),2025(车辆工程(汽车精英班) 09048),2025(未来技术班(机器人) 09051),2025(未来技术班(智能网联车辆) 09052),2025(未来技术班(工程互联网) 09053),2025(数学与应用数学(智能科学)(强基计划) 09056),2025(海洋科学与技术(强基计划) 09057),2025(卓越计划班（智慧空间） 09102),2025(卓越计划班（工程互联网） 09103),2025(卓越计划班（机器人） 09104),2025(卓越计划班（智能网联车辆） 09105),2025(日语 11034),2025(德语(政治学与行政学双学士学位) 11052),2025(日语(全球胜任力外语人才实验区) 11053),2025(德语(全球胜任力外语人才实验区) 11054),2025(应用物理学 12464),2025(海洋科学与技术 31027),2025(测绘工程(应用物理学双学士学位) 57001)",0,11,14,苏娜(15139) 星期二5-6节 [11-14] 南129
CMA210315,形势与政策(3),1,,马林海,06069,,通识必修课,中文,四平路校区,"2025(信息管理与信息系统 01024),2025(金融学(数学与应用数学双学士学位) 01095),2025(经济管理类(数据科学与智能决策实验区) 01098),2025(工商管理(中法班) 01414),2025(建筑环境与能源应用工程 02011),2025(领军人才班(智能规划与再生建筑) 02014),2025(建筑学 02015),2025(城乡规划 02036),2025(历史建筑保护工程 02084),2025(智能建造 03005),2025(土木工程 03014),2025(地质工程 03034),2025(领军人才班(未来建造) 03076),2025(环境科学 05034),2025(领军人才班(数智环境) 05041),2025(汉语言文学 07004),2025(哲学 07094),2025(文化产业管理 07914),2025(英语(数智人文) 11024),2025(德语(法学双学士学位) 11059),2025(数智人文拔尖班 11060),2025(光电信息科学与工程 12474),2025(生物技术 17014),2025(生物信息学 17024),2025(基础学科拔尖基地(生命科学) 17025),2025(地球物理学 31024),2025(表演 44014),2025(音乐表演 48014),2025(创新设计人才培养实验区 55003),2025(工业设计 55024),2025(艺术设计学(人工智能双学士学位) 55094),2025(艺术设计学 55099),2025(基础学科拔尖基地(物理学) 58004),2025(光电信息科学与工程(应用物理学双学士学位) 58006),2025(应用物理学(严济慈物理学英才班) 58014)",0,3,6,马林海(06069) 星期二5-6节 [3-6] 北201
CMA210316,形势与政策(3),1,,马林海,06069,,通识必修课,中文,四平路校区,"2025(数学类 00301),2025(基础学科拔尖基地(数学) 00304),2025(数学与应用数学(华罗庚班) 00305),2025(基础学科拔尖基地(化学) 00402),2025(运动训练 00802),2025(工程管理 01014),2025(会计学 01074),2025(金融学 01084),2025(测绘工程 03044),2025(土木工程(数学与应用数学双学士学位) 03065),2025(工程力学(强基计划) 09001),2025(应用化学(强基计划) 09002),2025(生物技术(强基计划) 09003),2025(数学与应用数学(强基计划) 09004),2025(应用物理学(强基计划) 09005),2025(计算机科学与技术(精英班) 09011),2025(数据科学与大数据技术(精英班) 09013),2025(自动化(精英班) 09016),2025(通信工程(精英班) 09017),2025(人工智能(精英班) 09018),2025(微电子科学与工程(精英班) 09019),2025(应用化学 12344),2025(口腔医学 14025),2025(口腔医学“5+3”一体化拔尖创新实验班 14201),2025(运动训练 32001),2025(法学 52014),2025(法学(英语双学士学位) 52015),2025(政治学与行政学 53014),2025(政治学与行政学(PPE创新实验区) 53015),2025(马克思主义理论 54001)",0,7,10,马林海(06069) 星期二5-6节 [7-10] 北201
CMA210317,形势与政策(3),1,,马林海,06069,,通识必修课,中文,四平路校区,"2025(地质工程(应用物理学双学士学位) 03077),2025(基础学科拔尖班(环境) 05003),2025(环境工程 05014),2025(给排水科学与工程 05024),2025(环境工程(数学与应用数学双学士学位) 05035),2025(环境科学(会计学双学士学位) 05036),2025(软件工程(精英班) 09038),2025(工业设计(精英班) 09039),2025(车辆工程(汽车精英班) 09048),2025(未来技术班(机器人) 09051),2025(未来技术班(智能网联车辆) 09052),2025(未来技术班(工程互联网) 09053),2025(数学与应用数学(智能科学)(强基计划) 09056),2025(海洋科学与技术(强基计划) 09057),2025(卓越计划班（智慧空间） 09102),2025(卓越计划班（工程互联网） 09103),2025(卓越计划班（机器人） 09104),2025(卓越计划班（智能网联车辆） 09105),2025(日语 11034),2025(德语(政治学与行政学双学士学位) 11052),2025(日语(全球胜任力外语人才实验区) 11053),2025(应用物理学 12464),2025(海洋科学与技术 31027)",0,11,14,马林海(06069) 星期二5-6节 [11-14] 北201
CMA210318,形势与政策(3),1,,岑余璐,15140,,通识必修课,中文,四平路校区,"2025(信息管理与信息系统 01024),2025(金融学(数学与应用数学双学士学位) 01095),2025(经济管理类(数据科学与智能决策实验区) 01098),2025(工商管理(中法班) 01414),2025(建筑环境与能源应用工程 02011),2025(领军人才班(智能规划与再生建筑) 02014),2025(建筑学 02015),2025(城乡规划 02036),2025(历史建筑保护工程 02084),2025(智能建造 03005),2025(土木工程 03014),2025(地质工程 03034),2025(领军人才班(未来建造) 03076),2025(环境科学 05034),2025(领军人才班(数智环境) 05041),2025(汉语言文学 07004),2025(哲学 07094),2025(文化产业管理 07914),2025(英语(数智人文) 11024),2025(德语(法学双学士学位) 11059),2025(数智人文拔尖班 11060),2025(光电信息科学与工程 12474),2025(生物技术 17014),2025(生物信息学 17024),2025(基础学科拔尖基地(生命科学) 17025),2025(地球物理学 31024),2025(表演 44014),2025(音乐表演 48014),2025(创新设计人才培养实验区 55003),2025(工业设计 55024),2025(艺术设计学(人工智能双学士学位) 55094),2025(艺术设计学 55099),2025(基础学科拔尖基地(物理学) 58004),2025(光电信息科学与工程(应用物理学双学士学位) 58006),2025(应用物理学(严济慈物理学英才班) 58014)",0,3,6,岑余璐(15140) 星期二5-6节 [3-6] 南201
CMA210319,形势与政策(3),1,,岑余璐,15140,,通识必修课,中文,四平路校区,"2025(数学类 00301),2025(基础学科拔尖基地(数学) 00304),2025(数学与应用数学(华罗庚班) 00305),2025(基础学科拔尖基地(化学) 00402),2025(运动训练 00802),2025(工程管理 01014),2025(会计学 01074),2025(金融学 01084),2025(测绘工程 03044),2025(土木工程(数学与应用数学双学士学位) 03065),2025(工程力学(强基计划) 09001),2025(应用化学(强基计划) 09002),2025(生物技术(强基计划) 09003),2025(数学与应用数学(强基计划) 09004),2025(应用物理学(强基计划) 09005),2025(计算机科学与技术(精英班) 09011),2025(数据科学与大数据技术(精英班) 09013),2025(自动化(精英班) 09016),2025(通信工程(精英班) 09017),2025(人工智能(精英班) 09018),2025(微电子科学与工程(精英班) 09019),2025(应用化学 12344),2025(口腔医学 14025),2025(口腔医学“5+3”一体化拔尖创新实验班 14201),2025(运动训练 32001),2025(法学 52014),2025(法学(英语双学士学位) 52015),2025(政治学与行政学 53014),2025(政治学与行政学(PPE创新实验区) 53015),2025(马克思主义理论 54001)",0,7,10,岑余璐(15140) 星期二5-6节 [7-10] 南201
CMA210320,形势与政策(3),1,,岑余璐,15140,,通识必修课,中文,四平路校区,"2025(基础学科拔尖班(环境) 05003),2025(环境工程 05014),2025(给排水科学与工程 05024),2025(环境工程(数学与应用数学双学士学位) 05035),2025(环境科学(会计学双学士学位) 05036),2025(软件工程(精英班) 09038),2025(车辆工程(汽车精英班) 09048),2025(未来技术班(机器人) 09051),2025(未来技术班(智能网联车辆) 09052),2025(数学与应用数学(智能科学)(强基计划) 09056),2025(海洋科学与技术(强基计划) 09057),2025(卓越计划班（智慧空间） 09102),2025(卓越计划班（工程互联网） 09103),2025(卓越计划班（机器人） 09104),2025(卓越计划班（智能网联车辆） 09105),2025(日语 11034),2025(日语(全球胜任力外语人才实验区) 11053),2025(应用物理学 12464),2025(海洋科学与技术 31027)",0,11,14,岑余璐(15140) 星期二5-6节 [11-14] 南201
CMA210321,形势与政策(3),1,,杨小勇,10026,,通识必修课,中文,四平路校区,"2025(信息管理与信息系统 01024),2025(金融学(数学与应用数学双学士学位) 01095),2025(经济管理类(数据科学与智能决策实验区) 01098),2025(工商管理(中法班) 01414),2025(建筑环境与能源应用工程 02011),2025(领军人才班(智能规划与再生建筑) 02014),2025(建筑学 02015),2025(城乡规划 02036),2025(历史建筑保护工程 02084),2025(智能建造 03005),2025(土木工程 03014),2025(地质工程 03034),2025(领军人才班(未来建造) 03076),2025(领军人才班(数智环境) 05041),2025(汉语言文学 07004),2025(哲学 07094),2025(文化产业管理 07914),2025(英语(数智人文) 11024),2025(德语(法学双学士学位) 11059),2025(数智人文拔尖班 11060),2025(光电信息科学与工程 12474),2025(生物技术 17014),2025(生物信息学 17024),2025(基础学科拔尖基地(生命科学) 17025),2025(地球物理学 31024),2025(表演 44014),2025(音乐表演 48014),2025(创新设计人才培养实验区 55003),2025(工业设计 55024),2025(艺术设计学(人工智能双学士学位) 55094),2025(艺术设计学 55099),2025(基础学科拔尖基地(物理学) 58004),2025(光电信息科学与工程(应用物理学双学士学位) 58006),2025(应用物理学(严济慈物理学英才班) 58014)",0,3,6,杨小勇(10026) 星期二5-6节 [3-6] 北229
CMA210322,形势与政策(3),1,,龚晓莺,13098,,通识必修课,中文,四平路校区,"2025(数学类 00301),2025(基础学科拔尖基地(数学) 00304),2025(数学与应用数学(华罗庚班) 00305),2025(基础学科拔尖基地(化学) 00402),2025(运动训练 00802),2025(工程管理 01014),2025(金融学 01084),2025(测绘工程 03044),2025(工程力学(强基计划) 09001),2025(应用化学(强基计划) 09002),2025(生物技术(强基计划) 09003),2025(数学与应用数学(强基计划) 09004),2025(应用物理学(强基计划) 09005),2025(计算机科学与技术(精英班) 09011),2025(数据科学与大数据技术(精英班) 09013),2025(自动化(精英班) 09016),2025(人工智能(精英班) 09018),2025(微电子科学与工程(精英班) 09019),2025(应用化学 12344),2025(口腔医学 14025),2025(口腔医学“5+3”一体化拔尖创新实验班 14201),2025(运动训练 32001),2025(法学 52014),2025(法学(英语双学士学位) 52015),2025(政治学与行政学 53014),2025(政治学与行政学(PPE创新实验区) 53015),2025(马克思主义理论 54001)",0,7,10,龚晓莺(13098) 星期二5-6节 [7-10] 北229
CMA210323,形势与政策(3),1,,刘涛,04219,,通识必修课,中文,四平路校区,"2025(基础学科拔尖班(环境) 05003),2025(环境工程 05014),2025(给排水科学与工程 05024),2025(环境科学(会计学双学士学位) 05036),2025(软件工程(精英班) 09038),2025(车辆工程(汽车精英班) 09048),2025(未来技术班(机器人) 09051),2025(未来技术班(智能网联车辆) 09052),2025(数学与应用数学(智能科学)(强基计划) 09056),2025(海洋科学与技术(强基计划) 09057),2025(卓越计划班（智慧空间） 09102),2025(卓越计划班（工程互联网） 09103),2025(卓越计划班（机器人） 09104),2025(卓越计划班（智能网联车辆） 09105),2025(日语 11034),2025(日语(全球胜任力外语人才实验区) 11053),2025(应用物理学 12464),2025(海洋科学与技术 31027)",0,11,14,刘涛(04219) 星期二5-6节 [11-14] 北229
CMA210324,形势与政策(3),1,,江烜,23139,助理教授（长聘体系）,通识必修课,中文,四平路校区,"2025(信息管理与信息系统 01024),2025(金融学(数学与应用数学双学士学位) 01095),2025(经济管理类(数据科学与智能决策实验区) 01098),2025(工商管理(中法班) 01414),2025(建筑环境与能源应用工程 02011),2025(领军人才班(智能规划与再生建筑) 02014),2025(建筑学 02015),2025(城乡规划 02036),2025(历史建筑保护工程 02084),2025(智能建造 03005),2025(土木工程 03014),2025(地质工程 03034),2025(领军人才班(未来建造) 03076),2025(领军人才班(数智环境) 05041),2025(汉语言文学 07004),2025(哲学 07094),2025(文化产业管理 07914),2025(英语(数智人文) 11024),2025(德语(法学双学士学位) 11059),2025(数智人文拔尖班 11060),2025(光电信息科学与工程 12474),2025(生物技术 17014),2025(生物信息学 17024),2025(基础学科拔尖基地(生命科学) 17025),2025(地球物理学 31024),2025(表演 44014),2025(音乐表演 48014),2025(创新设计人才培养实验区 55003),2025(工业设计 55024),2025(艺术设计学(人工智能双学士学位) 55094),2025(艺术设计学 55099),2025(基础学科拔尖基地(物理学) 58004),2025(光电信息科学与工程(应用物理学双学士学位) 58006),2025(应用物理学(严济慈物理学英才班) 58014)",0,3,6,江烜(23139) 星期二5-6节 [3-6] 南229
CMA210325,形势与政策(3),1,,孙小金,02074,副教授,通识必修课,中文,四平路校区,"2025(数学类 00301),2025(基础学科拔尖基地(数学) 00304),2025(数学与应用数学(华罗庚班) 00305),2025(基础学科拔尖基地(化学) 00402),2025(运动训练 00802),2025(工程管理 01014),2025(金融学 01084),2025(测绘工程 03044),2025(工程力学(强基计划) 09001),2025(应用化学(强基计划) 09002),2025(生物技术(强基计划) 09003),2025(数学与应用数学(强基计划) 09004),2025(应用物理学(强基计划) 09005),2025(计算机科学与技术(精英班) 09011),2025(数据科学与大数据技术(精英班) 09013),2025(自动化(精英班) 09016),2025(人工智能(精英班) 09018),2025(微电子科学与工程(精英班) 09019),2025(应用化学 12344),2025(口腔医学 14025),2025(口腔医学“5+3”一体化拔尖创新实验班 14201),2025(运动训练 32001),2025(法学 52014),2025(法学(英语双学士学位) 52015),2025(政治学与行政学 53014),2025(政治学与行政学(PPE创新实验区) 53015),2025(马克思主义理论 54001)",0,7,10,孙小金(02074) 星期二5-6节 [7-10] 南229
CMA210326,形势与政策(3),1,,孙小金,02074,,通识必修课,中文,四平路校区,"2025(基础学科拔尖班(环境) 05003),2025(环境工程 05014),2025(给排水科学与工程 05024),2025(环境科学(会计学双学士学位) 05036),2025(软件工程(精英班) 09038),2025(车辆工程(汽车精英班) 09048),2025(未来技术班(机器人) 09051),2025(未来技术班(智能网联车辆) 09052),2025(数学与应用数学(智能科学)(强基计划) 09056),2025(海洋科学与技术(强基计划) 09057),2025(卓越计划班（智慧空间） 09102),2025(卓越计划班（工程互联网） 09103),2025(卓越计划班（机器人） 09104),2025(卓越计划班（智能网联车辆） 09105),2025(日语 11034),2025(日语(全球胜任力外语人才实验区) 11053),2025(应用物理学 12464),2025(海洋科学与技术 31027)",0,11,14,孙小金(02074) 星期二5-6节 [11-14] 南229
CMA210327,形势与政策(3),1,,克热木·阿布都米吉提,18030,,通识必修课,中文,嘉定校区,"2025(能源与动力工程 04024),2025(能源与动力工程(应用化学双学士学位) 04065),2025(微电子科学与工程 10007),2025(人工智能 10008),2025(自动化 10024),2025(电气工程及其自动化 10044),2025(通信工程 10054),2025(微电子科学与工程(应用物理学双学士学位) 10078),2025(人工智能(拔尖班) 10082),2025(车辆工程(汽车) 19027),2025(中德智慧新能源车辆(创新实验区) 19033)",0,7,10,克热木·阿布都米吉提(18030) 星期二5-6节 [7-10] 安楼A404
CMA210328,形势与政策(3),1,,克热木·阿布都米吉提,18030,,通识必修课,中文,嘉定校区,"2025(数据科学与大数据技术 10005),2025(计算机科学与技术 10014),2025(信息安全 10064),2025(计算机科学与技术(图灵班) 10065),2025(交通工程 15014),2025(交通运输 15024),2025(交通工程(数学与应用数学双学士学位) 15025),2025(软件工程 42014),2025(车辆工程 43002),2025(数据科学与大数据技术(数据科学与智能决策实验区) 81001)",0,11,14,克热木·阿布都米吉提(18030) 星期二5-6节 [11-14] 安楼A404
CMA210329,形势与政策(3),1,,弓昭民,23145,助理教授（长聘体系）,通识必修课,中文,嘉定校区,"2025(中德机械工程与机器人(创新实验区) 04004),2025(智能制造工程 04009),2025(机械设计制造及其自动化 04034),2025(新能源材料与器件 08003),2025(材料科学与工程 08014),2025(材料科学与工程(先进材料蕴元班) 08016),2025(广播电视编导 18024),2025(动画 18044),2025(商用大飞机校企联合人才培养创新模式实验班 45003),2025(工程力学 45014),2025(飞行器制造工程 45024),2025(基础学科拔尖基地(力学) 45092),2025(机械电子工程 51014),2025(建筑电气与智能化 51034),2025(车辆工程 51035),2025(传播学 60001)",0,3,6,弓昭民(23145) 星期二5-6节 [3-6] 安楼A204
CMA210330,形势与政策(3),1,,弓昭民,23145,助理教授（长聘体系）,通识必修课,中文,嘉定校区,"2025(能源与动力工程 04024),2025(能源与动力工程(应用化学双学士学位) 04065),2025(微电子科学与工程 10007),2025(人工智能 10008),2025(自动化 10024),2025(电气工程及其自动化 10044),2025(通信工程 10054),2025(微电子科学与工程(应用物理学双学士学位) 10078),2025(人工智能(拔尖班) 10082),2025(车辆工程(汽车) 19027),2025(中德智慧新能源车辆(创新实验区) 19033)",0,7,10,弓昭民(23145) 星期二5-6节 [7-10] 安楼A204
CMA210331,形势与政策(3),1,,弓昭民,23145,助理教授（长聘体系）,通识必修课,中文,嘉定校区,"2025(数据科学与大数据技术 10005),2025(计算机科学与技术 10014),2025(信息安全 10064),2025(计算机科学与技术(图灵班) 10065),2025(交通工程 15014),2025(交通运输 15024),2025(交通工程(数学与应用数学双学士学位) 15025),2025(软件工程 42014),2025(车辆工程 43002),2025(数据科学与大数据技术(数据科学与智能决策实验区) 81001)",0,11,14,弓昭民(23145) 星期二5-6节 [11-14] 安楼A204
CMA210332,形势与政策(3),1,,张小凡,17048,,通识必修课,中文,嘉定校区,"2025(中德机械工程与机器人(创新实验区) 04004),2025(智能制造工程 04009),2025(机械设计制造及其自动化 04034),2025(新能源材料与器件 08003),2025(材料科学与工程 08014),2025(材料科学与工程(先进材料蕴元班) 08016),2025(广播电视编导 18024),2025(动画 18044),2025(商用大飞机校企联合人才培养创新模式实验班 45003),2025(工程力学 45014),2025(飞行器制造工程 45024),2025(基础学科拔尖基地(力学) 45092),2025(机械电子工程 51014),2025(建筑电气与智能化 51034),2025(车辆工程 51035),2025(传播学 60001)",0,3,6,张小凡(17048) 星期二5-6节 [3-6] 安楼A208
CMA210333,形势与政策(3),1,,张小凡,17048,,通识必修课,中文,嘉定校区,"2025(能源与动力工程 04024),2025(能源与动力工程(应用化学双学士学位) 04065),2025(微电子科学与工程 10007),2025(人工智能 10008),2025(自动化 10024),2025(电气工程及其自动化 10044),2025(通信工程 10054),2025(微电子科学与工程(应用物理学双学士学位) 10078),2025(人工智能(拔尖班) 10082),2025(车辆工程(汽车) 19027),2025(中德智慧新能源车辆(创新实验区) 19033)",0,7,10,张小凡(17048) 星期二5-6节 [7-10] 安楼A208
CMA210334,形势与政策(3),1,,张小凡,17048,,通识必修课,中文,嘉定校区,"2025(数据科学与大数据技术 10005),2025(计算机科学与技术 10014),2025(信息安全 10064),2025(计算机科学与技术(图灵班) 10065),2025(交通工程 15014),2025(交通运输 15024),2025(交通工程(数学与应用数学双学士学位) 15025),2025(软件工程 42014),2025(车辆工程 43002),2025(数据科学与大数据技术(数据科学与智能决策实验区) 81001)",0,11,14,张小凡(17048) 星期二5-6节 [11-14] 安楼A208
CMA210335,形势与政策(3),1,,李成,20125,,通识必修课,中文,嘉定校区,"2025(中德机械工程与机器人(创新实验区) 04004),2025(智能制造工程 04009),2025(机械设计制造及其自动化 04034),2025(新能源材料与器件 08003),2025(材料科学与工程 08014),2025(材料科学与工程(先进材料蕴元班) 08016),2025(广播电视编导 18024),2025(动画 18044),2025(商用大飞机校企联合人才培养创新模式实验班 45003),2025(工程力学 45014),2025(飞行器制造工程 45024),2025(基础学科拔尖基地(力学) 45092),2025(机械电子工程 51014),2025(建筑电气与智能化 51034),2025(车辆工程 51035),2025(传播学 60001)",0,3,6,李成(20125) 星期二5-6节 [3-6] 安楼A406
CMA210336,形势与政策(3),1,,李成,20125,,通识必修课,中文,嘉定校区,"2025(能源与动力工程 04024),2025(能源与动力工程(应用化学双学士学位) 04065),2025(微电子科学与工程 10007),2025(人工智能 10008),2025(自动化 10024),2025(电气工程及其自动化 10044),2025(通信工程 10054),2025(微电子科学与工程(应用物理学双学士学位) 10078),2025(人工智能(拔尖班) 10082),2025(车辆工程(汽车) 19027),2025(中德智慧新能源车辆(创新实验区) 19033)",0,7,10,李成(20125) 星期二5-6节 [7-10] 安楼A406
CMA210337,形势与政策(3),1,,李成,20125,,通识必修课,中文,嘉定校区,"2025(数据科学与大数据技术 10005),2025(计算机科学与技术 10014),2025(信息安全 10064),2025(计算机科学与技术(图灵班) 10065),2025(交通工程 15014),2025(交通运输 15024),2025(交通工程(数学与应用数学双学士学位) 15025),2025(软件工程 42014),2025(车辆工程 43002),2025(数据科学与大数据技术(数据科学与智能决策实验区) 81001)",0,11,14,李成(20125) 星期二5-6节 [11-14] 安楼A406
CMA210338,形势与政策(3),1,,林秋琴,08055,,通识必修课,中文,嘉定校区,"2025(中德机械工程与机器人(创新实验区) 04004),2025(智能制造工程 04009),2025(机械设计制造及其自动化 04034),2025(新能源材料与器件 08003),2025(材料科学与工程 08014),2025(材料科学与工程(先进材料蕴元班) 08016),2025(广播电视编导 18024),2025(动画 18044),2025(商用大飞机校企联合人才培养创新模式实验班 45003),2025(工程力学 45014),2025(飞行器制造工程 45024),2025(基础学科拔尖基地(力学) 45092),2025(机械电子工程 51014),2025(建筑电气与智能化 51034),2025(车辆工程 51035),2025(传播学 60001)",0,3,6,林秋琴(08055) 星期二5-6节 [3-6] 安楼A408
CMA210339,形势与政策(3),1,,林秋琴,08055,,通识必修课,中文,嘉定校区,"2025(能源与动力工程 04024),2025(能源与动力工程(应用化学双学士学位) 04065),2025(微电子科学与工程 10007),2025(人工智能 10008),2025(自动化 10024),2025(电气工程及其自动化 10044),2025(通信工程 10054),2025(微电子科学与工程(应用物理学双学士学位) 10078),2025(人工智能(拔尖班) 10082),2025(车辆工程(汽车) 19027),2025(中德智慧新能源车辆(创新实验区) 19033)",0,7,10,林秋琴(08055) 星期二5-6节 [7-10] 安楼A408
CMA210340,形势与政策(3),1,,林秋琴,08055,,通识必修课,中文,嘉定校区,"2025(数据科学与大数据技术 10005),2025(计算机科学与技术 10014),2025(信息安全 10064),2025(计算机科学与技术(图灵班) 10065),2025(交通工程 15014),2025(交通运输 15024),2025(交通工程(数学与应用数学双学士学位) 15025),2025(软件工程 42014),2025(车辆工程 43002),2025(数据科学与大数据技术(数据科学与智能决策实验区) 81001)",0,11,14,林秋琴(08055) 星期二5-6节 [11-14] 安楼A408
CMA210341,形势与政策(3),1,,苟利武,23128,助理教授（长聘体系）,通识必修课,中文,嘉定校区,"2025(中德机械工程与机器人(创新实验区) 04004),2025(智能制造工程 04009),2025(机械设计制造及其自动化 04034),2025(新能源材料与器件 08003),2025(材料科学与工程 08014),2025(材料科学与工程(先进材料蕴元班) 08016),2025(广播电视编导 18024),2025(动画 18044),2025(商用大飞机校企联合人才培养创新模式实验班 45003),2025(工程力学 45014),2025(飞行器制造工程 45024),2025(基础学科拔尖基地(力学) 45092),2025(机械电子工程 51014),2025(建筑电气与智能化 51034),2025(车辆工程 51035),2025(传播学 60001)",0,3,6,苟利武(23128) 星期二5-6节 [3-6] 安楼A410
CMA210342,形势与政策(3),1,,苟利武,23128,,通识必修课,中文,嘉定校区,"2025(能源与动力工程 04024),2025(能源与动力工程(应用化学双学士学位) 04065),2025(微电子科学与工程 10007),2025(人工智能 10008),2025(自动化 10024),2025(电气工程及其自动化 10044),2025(通信工程 10054),2025(微电子科学与工程(应用物理学双学士学位) 10078),2025(人工智能(拔尖班) 10082),2025(车辆工程(汽车) 19027),2025(中德智慧新能源车辆(创新实验区) 19033)",0,7,10,苟利武(23128) 星期二5-6节 [7-10] 安楼A304
CMA210343,形势与政策(3),1,,苟利武,23128,,通识必修课,中文,嘉定校区,"2025(数据科学与大数据技术 10005),2025(计算机科学与技术 10014),2025(信息安全 10064),2025(计算机科学与技术(图灵班) 10065),2025(交通工程 15014),2025(交通运输 15024),2025(交通工程(数学与应用数学双学士学位) 15025),2025(软件工程 42014),2025(车辆工程 43002),2025(数据科学与大数据技术(数据科学与智能决策实验区) 81001)",0,11,14,苟利武(23128) 星期二5-6节 [11-14] 安楼A308
CMA210344,形势与政策(3),1,,张铤,25118,预聘副教授,通识必修课,中文,沪西校区,"2025(临床医学(5+3一体化) 14002),2025(康复物理治疗 14056),2025(临床医学(中德实验班) 14061),2025(临床医学（福大班） 14066)",0,7,10,张铤(25118) 星期二5-6节 [7-10] 沪西二教135阶梯教室
CMA210345,形势与政策(3),1,,张铤,25118,,通识必修课,中文,沪西校区,"2025(医学试验班(国豪精英班) 09007),2025(临床医学(5+3一体化) 14002),2025(临床医学 14004),2025(护理学 14044),2025(基础医学 14060),2025(临床医学(领军人才培养) 14065)",0,11,14,张铤(25118) 星期二5-6节 [11-14] 沪西二教135阶梯教室
CMA210101,马克思主义基本原理,3,,袁芃,17133,,通识必修课,中文,嘉定校区,"2025(自动化 10024),2025(通信工程 10054),2025(交通运输 15024),2025(广播电视编导 18024),2025(软件工程 42014),2025(车辆工程 43002)",0,1,16,袁芃(17133) 星期一5-7节 [1-16] 广楼G204
CMA210102,马克思主义基本原理,3,,施炫伶,25050,,通识必修课,中文,沪西校区,"2025(临床医学(5+3一体化) 14002),2025(临床医学 14004),2025(护理学 14044),2025(临床医学(领军人才培养) 14065),2025(临床医学（福大班） 14066)",0,1,16,施炫伶(25050) 星期五9-11节 [1-16] 沪西二教135阶梯教室
CMA210103,马克思主义基本原理,3,,张茂钰,19061,,通识必修课,中文,四平路校区,"2025(经济管理类(数据科学与智能决策实验区) 01098),2025(土木工程(数学与应用数学双学士学位) 03065),2025(土木工程(法学双学士学位) 03067),2025(数学与应用数学(智能科学)(强基计划) 09056),2025(德语 11014),2025(法学 52014)",0,1,16,张茂钰(19061) 星期二1-3节 [1-16] 北413
CMA210105,马克思主义基本原理,3,,柯萌,20093,,通识必修课,中文,嘉定校区,"2025(人工智能(拔尖班) 10082),2025(交通工程(数学与应用数学双学士学位) 15025)",0,1,16,柯萌(20093) 星期三1-3节 [1-16] 广楼G309
CMA210106,马克思主义基本原理,3,,柯萌,20093,,通识必修课,中文,嘉定校区,2025(交通工程 15014),0,1,16,柯萌(20093) 星期三5-7节 [1-16] 广楼G309
CMA210107,马克思主义基本原理,3,,荆晶,25137,,通识必修课,中文,嘉定校区,"2025(自动化 10024),2025(通信工程 10054),2025(交通运输 15024),2025(广播电视编导 18024),2025(软件工程 42014),2025(车辆工程 43002)",0,1,16,荆晶(25137) 星期一5-7节 [1-16] 广楼G309
CMA210108,马克思主义基本原理,3,,荆晶,25137,,通识必修课,中文,嘉定校区,"2025(微电子科学与工程 10007),2025(人工智能 10008),2025(信息安全 10064),2025(交通工程 15014),2025(软件工程 42014),2025(传播学 60001)",0,1,16,荆晶(25137) 星期一9-11节 [1-16] 广楼G309
CMA210109,马克思主义基本原理,3,,荆晶,25137,,通识必修课,中文,嘉定校区,"2025(数据科学与大数据技术 10005),2025(计算机科学与技术 10014)",0,1,16,荆晶(25137) 星期二1-3节 [1-16] 广楼G309
CMA210110,马克思主义基本原理,3,,李春敏,12211,,通识必修课,中文,嘉定校区,"2025(自动化 10024),2025(通信工程 10054),2025(交通运输 15024),2025(广播电视编导 18024),2025(软件工程 42014),2025(车辆工程 43002)",0,1,16,李春敏(12211) 星期一5-7节 [1-16] 广楼G403
CMA210111,马克思主义基本原理,3,,李春敏,12211,,通识必修课,中文,嘉定校区,"2025(微电子科学与工程 10007),2025(人工智能 10008),2025(信息安全 10064),2025(交通工程 15014),2025(软件工程 42014),2025(传播学 60001)",0,1,16,李春敏(12211) 星期一9-11节 [1-16] 广楼G403
CMA210112,马克思主义基本原理,3,,施炫伶,25050,,通识必修课,中文,沪西校区,"2025(医学试验班(国豪精英班) 09007),2025(临床医学(5+3一体化) 14002),2025(康复物理治疗 14056),2025(基础医学 14060),2025(临床医学(中德实验班) 14061)",0,1,16,施炫伶(25050) 星期三9-11节 [1-16] 沪西二教135阶梯教室
CMA210113,马克思主义基本原理,3,,杨冉,24178,,通识必修课,中文,沪西校区,"2025(临床医学(5+3一体化) 14002),2025(临床医学 14004),2025(护理学 14044),2025(临床医学(领军人才培养) 14065),2025(临床医学（福大班） 14066)",0,1,16,杨冉(24178) 星期五9-11节 [1-16] 沪西二教122大教室
CMA210114,马克思主义基本原理,3,,杨小勇,10026,教授,通识必修课,中文,四平路校区,"2025(工商管理(中法班) 01414),2025(土木工程 03014),2025(政治学与行政学 53014)",0,1,16,杨小勇(10026) 星期三9-11节 [1-16] 北413
CMA210115,马克思主义基本原理,3,,梁冰洋,20028,,通识必修课,中文,四平路校区,"2025(领军人才班(未来建造) 03076),2025(哲学 07094),2025(应用物理学(强基计划) 09005),2025(生物信息学 17024)",0,1,16,梁冰洋(20028) 星期三5-7节 [1-16] 北313
CMA210116,马克思主义基本原理,3,,梁冰洋,20028,助理教授（长聘体系）,通识必修课,中文,四平路校区,"2025(建筑学 02015),2025(历史建筑保护工程 02084),2025(测绘工程 03044)",0,1,16,梁冰洋(20028) 星期一5-7节 [1-16] 北413
CMA210117,马克思主义基本原理,3,,杨小勇,10026,,通识必修课,中文,四平路校区,"2024(应用物理学(强基计划) 09005),2025(生物技术(强基计划) 09003),2025(生物技术 17014),2025(创新设计人才培养实验区 55003),2025(工业设计 55024)",0,1,16,杨小勇(10026) 星期一9-11节 [1-16] 北413
CMA210118,马克思主义基本原理,3,,杨小勇,10026,,通识必修课,中文,四平路校区,"2025(信息管理与信息系统 01024),2025(汉语言文学 07004),2025(文化产业管理 07914),2025(工程力学(强基计划) 09001)",0,1,16,杨小勇(10026) 星期四1-3节 [1-16] 一教126
CMA210119,马克思主义基本原理,3,,李振,11138,教授,通识必修课,中文,四平路校区,"2025(基础学科拔尖基地(数学) 00304),2025(日语 11034),2025(口腔医学 14025),2025(口腔医学“5+3”一体化拔尖创新实验班 14201)",0,1,16,李振(11138) 星期四9-11节 [1-16] 北313
CMA210120,马克思主义基本原理,3,,李振,11138,教授,通识必修课,中文,四平路校区,"2025(工程管理 01014),2025(金融学 01084),2025(应用化学(强基计划) 09002),2025(艺术设计学(人工智能双学士学位) 55094),2025(艺术设计学 55099)",0,1,16,李振(11138) 星期三1-3节 [1-16] 北413
CMA210121,马克思主义基本原理,3,,杨冉,24178,,通识必修课,中文,四平路校区,"2025(数学类 00301),2025(数学与应用数学(华罗庚班) 00305),2025(会计学 01074),2025(数学与应用数学(强基计划) 09004),2025(人工智能(精英班) 09018),2025(英语(数智人文) 11024),2025(数智人文拔尖班 11060),2025(光电信息科学与工程 12474),2025(测绘工程(应用物理学双学士学位) 57001)",0,1,16,杨冉(24178) 星期五5-7节 [1-16] 一教126
CMA210122,马克思主义基本原理,3,,王平,16162,,通识必修课,中文,四平路校区,"2025(数学类 00301),2025(数学与应用数学(华罗庚班) 00305),2025(会计学 01074),2025(数学与应用数学(强基计划) 09004),2025(人工智能(精英班) 09018),2025(英语(数智人文) 11024),2025(数智人文拔尖班 11060),2025(光电信息科学与工程 12474),2025(测绘工程(应用物理学双学士学位) 57001)",0,1,16,王平(16162) 星期五5-7节 [1-16] 一教228
CMA210123,马克思主义基本原理,3,,杨冉,24178,助理教授（长聘体系）,通识必修课,中文,嘉定校区,"2025(微电子科学与工程 10007),2025(电气工程及其自动化 10044),2025(基础学科拔尖基地(力学) 45092)",0,1,16,杨冉(24178) 星期四5-7节 [1-16] 广楼G205
CMA210124,马克思主义基本原理,3,,杨冉,24178,助理教授（长聘体系）,通识必修课,中文,嘉定校区,2025(车辆工程(汽车) 19027),0,1,16,杨冉(24178) 星期四1-3节 [1-16] 广楼G205
CMA000601,改革开放史,1,,"姚莉萍,刘骞,崔欣玉,刘顺","07154,11102,17002,20097",",,,",人文经典与审美素养,中文,四平路校区,,0,1,16,姚莉萍(07154) 星期四9-10节 [1-3单] 北209 崔欣玉(17002) 星期四9-10节 [9-11单] 北209 刘骞(11102) 星期四9-10节 [13-15单] 北209 刘顺(20097) 星期四9-10节 [5-7单] 北209
现代农业科学与工程研究院,,,,,,,,,,,,,,
,,,,,,,,,,,,,,
AGR000101,电脑图像创制技艺,2,,林开颜,04086,,工程能力与创新思维,中文,四平路校区,,0,1,12,林开颜(04086) 星期五9-10节 [1-12] 南214
AGR000102,电脑图像创制技艺,2,,林开颜,04086,,工程能力与创新思维,中文,嘉定校区,,0,1,12,林开颜(04086) 星期四7-8节 [1-12] 博楼B212
AGR000201,可持续发展与生态旅游,2,,司慧萍,03107,,社会发展与国际视野,中文,四平路校区,,0,1,12,司慧萍(03107) 星期三7-8节 [1-12] 北114
AGR000202,可持续发展与生态旅游,2,,司慧萍,03107,,社会发展与国际视野,中文,嘉定校区,,0,1,12,司慧萍(03107) 星期四5-6节 [1-12] 博楼B215
AGR000302,花卉文化学,2,,"杨学军,陈杰","04018,06032",",",人文经典与审美素养,中文,嘉定校区,,0,1,12,陈杰(06032) 星期四5-6节 [7-12] 博楼B113 杨学军(04018) 星期四5-6节 [1-6] 博楼B113
AGR000401,生态农业与食品安全,2,,石惠娴,03220,,科学探索与生命关怀,中文,四平路校区,,0,1,12,石惠娴(03220) 星期四9-10节 [1-12] 北212
AGR000402,生态农业与食品安全,2,,石惠娴,03220,,科学探索与生命关怀,中文,嘉定校区,,0,1,12,石惠娴(03220) 星期一9-10节 [1-12] 博楼B113
AGR000501,农业文化遗产与特产鉴赏,2,,祝华军,00050,,社会发展与国际视野,中文,四平路校区,,0,1,12,祝华军(00050) 星期四9-10节 [1-12] 北217
AGR000502,农业文化遗产与特产鉴赏,2,,祝华军,00050,,社会发展与国际视野,中文,嘉定校区,,0,1,12,祝华军(00050) 星期三9-10节 [1-12] 博楼B204
AGR000503,农业文化遗产与特产鉴赏,2,,祝华军,00050,,社会发展与国际视野,中文,沪西校区,,0,1,12,祝华军(00050) 星期一9-10节 [1-12] 沪西二教312智慧教室(大)
武装部,,,,,,,,,,,,,,
,,,,,,,,,,,,,,
AFD000701,世界大战与局部战争,2,,郑义炜,14154,,社会发展与国际视野,中文,四平路校区,,0,1,12,郑义炜(14154) 星期一7-8节 [1-12] 衷和楼205
AFD000702,世界大战与局部战争,2,,郑义炜,14154,,社会发展与国际视野,中文,四平路校区,,0,1,12,郑义炜(14154) 星期一9-10节 [1-12] 衷和楼205
AFD000703,世界大战与局部战争,2,,郑义炜,14154,,通识选修课,中文,四平路校区,,0,1,12,郑义炜(14154) 星期三7-8节 [1-12] 瑞安楼阶1
AFD000801,孙子兵法及其应用,2,,曲秀君,05103,,人文经典与审美素养,中文,四平路校区,,0,1,12,曲秀君(05103) 星期四7-8节 [1-12] 衷和楼205
AFD000802,孙子兵法及其应用,2,,曲秀君,05103,,人文经典与审美素养,中文,四平路校区,,0,1,12,曲秀君(05103) 星期四9-10节 [1-12] 衷和楼205
AFD000901,大学生安全教育,2,,郝发辉,16049,,社会发展与国际视野,中文,四平路校区,,0,1,12,郝发辉(16049) 星期四7-8节 [1-12] 瑞安楼阶3
AFD000902,大学生安全教育,2,,郝发辉,16049,,社会发展与国际视野,中文,嘉定校区,,0,1,12,郝发辉(16049) 星期五9-10节 [1-12] 广楼G204
AFD001001,新概念武器,2,,袁品仕,09127,,社会发展与国际视野,中文,四平路校区,,0,1,12,袁品仕(09127) 星期一7-8节 [1-12] 衷和楼201
AFD001002,新概念武器,2,,袁品仕,09127,,社会发展与国际视野,中文,四平路校区,,0,1,12,袁品仕(09127) 星期三7-8节 [1-12] 瑞安楼阶3
AFD001101,国防教育论坛,2,,袁品仕,09127,,社会发展与国际视野,中文,四平路校区,,0,1,12,袁品仕(09127) 星期一9-10节 [1-12] 瑞安楼阶3
政治与国际关系学院,,,,,,,,,,,,,,
,,,,,,,,,,,,,,
CPR240501,中国政治制度史,2,,赵萍丽,08061,,专业基础课,中文,四平路校区,"2025(政治学与行政学 53014),2025(政治学与行政学(二学位) 53016)",0,1,16,赵萍丽(08061) 星期四3-4节 [1-16] 北207
CPR240701,中国政治思想史,2,,马猛猛,23151,,专业必修课,中文,四平路校区,2025(政治学与行政学 53014),0,1,16,马猛猛(23151) 星期二1-2节 [1-16] 北207
CPR340801,公共政策分析,2,,刘淑妍,98050,,专业必修课,中文,四平路校区,"2024(政治学与行政学 53014),2025(政治学与行政学(二学位) 53016)",0,1,16,刘淑妍(98050) 星期三5-6节 [1-16] 北105
CPR241001,近代国际关系史,2,,万晓,21063,,专业必修课,中文,四平路校区,2025(政治学与行政学 53014),0,1,16,万晓(21063) 星期四1-2节 [1-16] 北207
CPR241101,中国外交思想史,2,,刘笑阳,18134,,专业特色模块,中文,四平路校区,"2025(数智人文拔尖班 11060),2025(政治学与行政学 53014)",0,1,16,刘笑阳(18134) 星期三3-4节 [1-16] 北207
CPR350701,环境政治学,2,,余敏江,18102,,专业选修课,中文,四平路校区,"2024(政治学与行政学 53014),2025(政治学与行政学(二学位) 53016)",0,1,16,余敏江(18102) 星期二1-2节 [1-16] 北105
CPR450801,定量研究方法,2,,王甫勤,12210,,专业选修课,中文,四平路校区,"2023(德语(政治学与行政学双学士学位) 11052),2023(政治学与行政学 53014),2025(政治学与行政学(二学位) 53016)",0,1,16,王甫勤(12210) 星期一3-4节 [1-16] 北205
CPR000901,美国政治与文化,2,,刘渝梅,07071,,社会发展与国际视野,中文,四平路校区,,0,1,12,刘渝梅(07071) 星期三7-8节 [1-12] 北115
CPR000902,美国政治与文化,2,,刘渝梅,07071,,社会发展与国际视野,中文,嘉定校区,,0,1,12,刘渝梅(07071) 星期四7-8节 [1-12] 博楼B402
CPR001101,人类学的邀请,2,,陈晋,12202,,社会发展与国际视野,中文,四平路校区,,0,1,12,陈晋(12202) 星期一7-8节 [1-12] 北321
CPR001201,自我、环境与社会,2,,章超,12103,,社会发展与国际视野,中文,四平路校区,,0,1,12,章超(12103) 星期三7-8节 [1-12] 北116
CPR001801,消费与社会变迁,2,,章超,12103,,社会发展与国际视野,中文,嘉定校区,,0,1,12,章超(12103) 星期四7-8节 [1-12] 安楼A108
CPR002101,城市社会学：空间与生活,2,,张俊,04087,,社会发展与国际视野,中文,四平路校区,,0,1,12,张俊(04087) 星期四9-10节 [1-12] 北310
CPR454501,Case Study of  Policy Science,2,,郭禹辰,16061,,专业选修课,英语,四平路校区,2023(政治学与行政学 53014),0,1,16,郭禹辰(16061) 星期一5-6节 [1-16] 北108
CPR002501,20世纪的中美关系与东亚世界,2,,马建标,2401014,null,社会发展与国际视野,中文,四平路校区,,0,1,16,马建标(2401014) 星期四5-6节 [1-16] 复旦大学邯郸校区【13:30～15:10，第一周自2026年9月7日始】
CPR351401,非传统安全概论,2,,丁迪,25013,,专业选修课,中文,四平路校区,"2023(政治学与行政学 53014),2024(政治学与行政学 53014)",0,1,16,丁迪(25013) 星期一7-8节 [1-16] 北105
CPR455001,European Politics and Economy,2,,Nathan Olivier SPERBER,25011,,专业选修课,英语,四平路校区,"2023(德语(政治学与行政学双学士学位) 11052),2023(政治学与行政学 53014)",0,1,16,Nathan Olivier SPERBER(25011) 星期二1-2节 [1-16] 北420
CPR451501,Southeast Asian Politics and Economy,2,,阮功松,24140,,专业选修课,英语,四平路校区,2023(政治学与行政学 53014),0,1,16,阮功松(24140) 星期二3-4节 [1-16] 北221
CPR351601,资源环境治理,2,,于宏源,25121,,专业选修课,中文,四平路校区,2023(政治学与行政学 53014),0,1,16,于宏源(25121) 星期三5-6节 [1-16] 北108
CPR455201,Multilateral Diplomacy,2,,苏平,09103,,专业选修课,英语,四平路校区,"2023(德语(政治学与行政学双学士学位) 11052),2023(政治学与行政学 53014)",0,1,16,苏平(09103) 星期一1-2节 [1-16] 北105
CPR351701,International Organization,2,,周逸江,22204,,专业选修课,英语,四平路校区,"2024(政治学与行政学 53014),2024(政治学与行政学(PPE创新实验区) 53015)",0,1,16,周逸江(22204) 星期四3-4节 [1-16] 南218
CPR451801,教育政治学,2,,栗晓红,07112,,专业选修课,中文,四平路校区,"2023(政治学与行政学 53014),2025(政治学与行政学(二学位) 53016)",0,1,16,栗晓红(07112) 星期三1-2节 [1-16] 北108
CPR000201,当代市政学,2,,"张俊,吴新叶","04087,21096",",",社会发展与国际视野,中文,四平路校区,,0,1,12,张俊(04087) 星期四7-8节 [5-12] 北310 吴新叶(21096) 星期四7-8节 [1-4] 北310
CPR003501,俄罗斯政治经济发展与外交战略,2,,沈洪波,05159,,社会发展与国际视野,中文,四平路校区,,0,1,12,沈洪波(05159) 星期一7-8节 [1-12] 南420
CPR003502,俄罗斯政治经济发展与外交战略,2,,沈洪波,05159,,社会发展与国际视野,中文,嘉定校区,,0,1,12,沈洪波(05159) 星期三7-8节 [1-12] 诚楼C410B
CPR003601,政策科学与智慧城市治理,2,,郭禹辰,16061,,社会发展与国际视野,中文,四平路校区,,0,1,12,郭禹辰(16061) 星期四7-8节 [1-12] 北311
CPR003602,政策科学与智慧城市治理,2,,郭禹辰,16061,,社会发展与国际视野,中文,嘉定校区,,0,1,12,郭禹辰(16061) 星期三7-8节 [1-12] 诚楼C404
CPR002601,台湾政治经济与海峡两岸关系,2,,沙卫东,94036,,社会发展与国际视野,中文,四平路校区,,0,1,12,沙卫东(94036) 星期一7-8节 [1-12] 南111
CPR002602,台湾政治经济与海峡两岸关系,2,,沙卫东,94036,,社会发展与国际视野,中文,沪西校区,,0,1,12,沙卫东(94036) 星期一9-10节 [1-12] 沪西二教127小教室
CPR002702,中国外交与国际关系（中外）,2,,王丽琴,12102,,社会发展与国际视野,中文,嘉定校区,,0,1,12,王丽琴(12102) 星期一7-8节 [1-12] 安楼A109
CPR452201,发展政治学,2,,孙明,14028,,专业选修课,中文,四平路校区,2024(政治学与行政学 53014),0,1,16,孙明(14028) 星期日7-8节 [1-16] 不排教室
CPR341701,比较政治学,2,,周光俊,23103,,专业必修课,中文,四平路校区,"2024(政治学与行政学 53014),2024(政治学与行政学(PPE创新实验区) 53015),2025(政治学与行政学(二学位) 53016)",0,1,16,周光俊(23103) 星期二3-4节 [1-16] 北105
CPR241801,公共行政学,2,,余敏江,18102,,专业必修课,中文,四平路校区,"2024(政治学与行政学(PPE创新实验区) 53015),2025(政治学与行政学 53014)",0,1,16,余敏江(18102) 星期三5-6节 [1-16] 北207
CPR350201,城市政治学,2,,葛天任,17006,,专业选修课,中文,四平路校区,2024(政治学与行政学 53014),0,1,16,葛天任(17006) 星期日5-6节 [1-16] 不排教室
CPR350301,比较政治经济学,2,,栗潇远,22223,,专业选修课,中文,四平路校区,2024(政治学与行政学(PPE创新实验区) 53015),0,1,16,栗潇远(22223) 星期二1-2节 [1-16] 北308
CPR452401,中国传统治国理政经典精读,2,,孙磊,07094,,专业选修课,中文,四平路校区,"2023(政治学与行政学 53014),2025(政治学与行政学(二学位) 53016)",0,1,16,孙磊(07094) 星期三3-4节 [1-16] 北108
CPR342101,国际安全理论与实践,2,,吕蕊,09131,,专业必修课,中文,四平路校区,2024(政治学与行政学 53014),0,1,16,吕蕊(09131) 星期一3-4节 [1-16] 北105
CPR000101,新时代的中国与世界,1,,门洪华,15850,,社会发展与国际视野,中文,四平路校区,,0,1,8,门洪华(15850) 星期三7-8节 [1-8] 北122
CPR002801,极地自然与政治,2,,潘敏,03094,,社会发展与国际视野,中文,四平路校区,,0,1,12,潘敏(03094) 星期四7-8节 [1-12] 北312
CPR002901,国际组织,2,,苏平,09103,,社会发展与国际视野,中文,沪西校区,,0,1,12,苏平(09103) 星期三9-10节 [1-12] 沪西二教127小教室
CPR002902,国际组织,2,,苏平,09103,,社会发展与国际视野,中文,嘉定校区,,0,1,12,苏平(09103) 星期一9-10节 [1-12] 博楼B402
CPR242201,西方政治思想史,3,,李虎,21079,,专业必修课,中文,四平路校区,"2025(德语(政治学与行政学双学士学位) 11052),2025(政治学与行政学 53014),2025(政治学与行政学(PPE创新实验区) 53015)",0,1,16,李虎(21079) 星期二3-4节 [1-16] 北207 李虎(21079) 星期三1-2节 [2-16双] 北207
CPR342301,多层治理导论,2,,"张俊,刘笑阳,魏程琳,吴新叶,周逸江,鲁传颖,丁迪","04087,18134,20039,21096,22204,24167,25013",",,,,,,",专业必修课,中文,四平路校区,"2023(德语(政治学与行政学双学士学位) 11052),2024(政治学与行政学 53014),2025(政治学与行政学(二学位) 53016)",0,1,16,周逸江(22204) 星期一5-6节 [10-14双] 北105 丁迪(25013) 星期一5-6节 [13] 北105 刘笑阳(18134) 星期一5-6节 [8-9 11] 北105 鲁传颖(24167) 星期一5-6节 [15] 北105 魏程琳(20039) 星期一5-6节 [4] 北105 吴新叶(21096) 星期一5-6节 [1-2 5-7 16] 北105 张俊(04087) 星期一5-6节 [3] 北105
CPR453601,环境治理与政策,2,,李博英,18137,,专业选修课,中文,四平路校区,"2023(政治学与行政学 53014),2025(政治学与行政学(二学位) 53016)",0,1,16,李博英(18137) 星期三7-8节 [1-16] 北108
CPR130201,政治学导论,2,,邵春霞,05182,,专业特色模块,中文,四平路校区,2025(数智人文拔尖班 11060),0,1,16,邵春霞(05182) 星期二3-4节 [1-16] 衷和楼201
CPR342401,国际政治名著导读,2,,刘笑阳,18134,,专业必修课,中文,四平路校区,2024(政治学与行政学 53014),0,1,16,刘笑阳(18134) 星期三7-8节 [1-16] 北105
CPR003301,社会学与现代生活,2,,"张俊,栗晓红,章超,王甫勤","04087,07112,12103,12210",",,,",社会发展与国际视野,中文,四平路校区,,0,1,12,王甫勤(12210) 星期一7-8节 [7-9] 北108 栗晓红(07112) 星期一7-8节 [4-6] 北108 章超(12103) 星期一7-8节 [1-3] 北108 张俊(04087) 星期一7-8节 [10-12] 北108
CPR242601,当代中国政党制度,2,,吴新叶,21096,,专业必修课,中文,四平路校区,"2024(政治学与行政学 53014),2025(政治学与行政学(二学位) 53016)",0,1,16,吴新叶(21096) 星期五3-4节 [1-16] 北105
CPR242701,世界经济概论,2,,葛天任,17006,,专业必修课,中文,四平路校区,"2024(政治学与行政学 53014),2025(政治学与行政学 53014),2025(政治学与行政学(PPE创新实验区) 53015)",0,1,16,葛天任(17006) 星期四5-6节 [1-16] 北105
CPR342801,U.S. Foreign Policy,2,,"钟振明,苏平","03127,09103",",",专业必修课,英语,四平路校区,2024(政治学与行政学 53014),0,1,16,钟振明(03127) 星期四1-2节 [1-8] 南218 苏平(09103) 星期四1-2节 [9-16] 南218
CPR353801,乡村政治学,2,,魏程琳,20039,,专业选修课,中文,四平路校区,"2024(政治学与行政学 53014),2025(政治学与行政学(二学位) 53016)",0,1,16,魏程琳(20039) 星期四7-8节 [1-16] 北105
法学院,,,,,,,,,,,,,,
,,,,,,,,,,,,,,
LAW341101,国际私法,2,,连俊雅,23123,,专业必修课,中文,四平路校区,2024(法学 52014),0,1,16,连俊雅(23123) 星期四3-4节 [1-16] 南413
LAW341103,国际私法,2,,连俊雅,23123,,专业必修课,中文,四平路校区,"2024(法学(英语双学士学位) 52015),2025(法学(二学位) 52017)",0,1,16,连俊雅(23123) 星期三3-4节 [1-16] 南218
LAW350801,房地产法,2,,王江,93147,,专业选修课,中文,四平路校区,"2024(法学 52014),2024(法学(英语双学士学位) 52015)",0,1,16,王江(93147) 星期日7-8节 [1-16] 不排教室
LAW330201,刑事诉讼法,3,,刘磊,19003,,专业基础课,中文,四平路校区,2024(法学 52014),0,1,16,刘磊(19003) 星期四9-11节 [1-16] 南413
LAW330203,刑事诉讼法,3,,刘磊,19003,,专业基础课,中文,四平路校区,"2024(法学(英语双学士学位) 52015),2025(法学(二学位) 52017)",0,1,16,刘磊(19003) 星期一5-6节 [1-16] 南215 刘磊(19003) 星期四3-4节 [1-15单] 南215
LAW070501,证券市场与证券法,2,,刘春彦,94427,,社会发展与国际视野,中文,四平路校区,,0,1,12,刘春彦(94427) 星期一9-10节 [1-12] 北110
LAW070701,公司法律制度,2,,沃田,92200,,社会发展与国际视野,中文,四平路校区,,0,1,16,沃田(92200) 星期四9-10节 [1-16] 南110
LAW330101,行政诉讼法,2,,颜冬铌,21107,,专业基础课,中文,四平路校区,2024(法学 52014),0,1,16,颜冬铌(21107) 星期三7-8节 [1-16] 南413
LAW330103,行政诉讼法,2,,王江,93147,,专业基础课,中文,四平路校区,"2024(法学(英语双学士学位) 52015),2025(法学(二学位) 52017)",0,1,16,王江(93147) 星期三5-6节 [1-16] 北205
LAW450401,国际投资法,2,,何驰,23087,,专业选修课,中文,四平路校区,"2023(法学 52014),2023(法学(英语双学士学位) 52015)",0,1,16,何驰(23087) 星期四3-4节 [1-16] 北313
LAW352201,金融法,2,,范黎红,14194,,专业选修课,中文,四平路校区,"2024(法学 52014),2024(法学(英语双学士学位) 52015)",0,1,16,范黎红(14194) 星期二3-4节 [1-16] 南413
LAW340201,知识产权法,2,,袁秀挺,12071,教授,专业必修课,中文,四平路校区,"2024(法学 52014),2024(法学(英语双学士学位) 52015),2025(法学(二学位) 52017)",0,1,16,袁秀挺(12071) 星期一3-4节 [1-16] 南413
LAW071101,婚姻家庭及财产继承法,2,,刘颖,20021,,社会发展与国际视野,中文,四平路校区,,0,1,12,刘颖(20021) 星期三9-10节 [1-12] 南110
LAW231801,中国法律史,2,,石磊,25078,助理教授（长聘体系）,专业基础课,中文,四平路校区,2025(法学 52014),0,1,16,石磊(25078) 星期一3-4节 [1-16] 北110
LAW231802,中国法律史,2,,陈颐,19066,,专业基础课,中文,四平路校区,2025(法学(英语双学士学位) 52015),0,1,16,陈颐(19066) 星期三3-4节 [1-16] 南412
LAW251801,文献检索与论文写作,2,,"黄丽勤,陈颐","07098,19066",",",专业选修课,中文,四平路校区,"2025(法学 52014),2025(法学(英语双学士学位) 52015)",0,1,16,黄丽勤(07098) 星期三7-8节 [9-16] 北107 陈颐(19066) 星期三7-8节 [1-8] 北107
LAW071801,法律诗学,2,,卢鹏,96048,,人文经典与审美素养,中文,四平路校区,,0,1,12,卢鹏(96048) 星期三9-10节 [1-12] 北108
LAW250801,大陆法系传统和体系,2,,蒋惠岭,20036,,专业选修课,中文,四平路校区,"2025(法学 52014),2025(法学(英语双学士学位) 52015)",0,1,16,蒋惠岭(20036) 星期日7-8节 [1-16] 不排教室
LAW251301,普通法系传统与制度,2,,蒋惠岭,20036,,专业选修课,中文,四平路校区,"2025(法学 52014),2025(法学(英语双学士学位) 52015)",0,1,16,蒋惠岭(20036) 星期一7-8节 [1-16] 北107
LAW250701,国际商事合同法案例探究,2,,何驰,23087,,专业选修课,中文,四平路校区,"2024(法学 52014),2024(法学(英语双学士学位) 52015)",0,1,16,何驰(23087) 星期四7-8节 [1-16] 南413
LAW340301,知识产权法概论,2,,蔡元臻,23127,预聘副教授,专业必修课,中文,四平路校区,"2024(土木工程(法学双学士学位) 03067),2024(德语(法学双学士学位) 11059)",0,1,16,蔡元臻(23127) 星期三5-6节 [1-16] 南309
LAW230202,刑法总论,3,,黄丽勤,07098,,专业基础课,中文,四平路校区,"2025(数智人文拔尖班 11060),2025(法学 52014)",0,1,16,黄丽勤(07098) 星期三1-2节 [1-16] 南211 黄丽勤(07098) 星期四3-4节 [2-16双] 南211
LAW330401,侵权法,2,,邢焱鹏,25164,null,专业基础课,中文,四平路校区,2024(法学 52014),0,1,16,邢焱鹏(25164) 星期三5-6节 [1-16] 南413
LAW330402,侵权法,2,,张玉涛,25163,null,专业必修课,中文,四平路校区,"2024(法学(英语双学士学位) 52015),2025(法学(二学位) 52017)",0,1,16,张玉涛(25163) 星期四9-10节 [1-16] 南305
LAW352301,竞争法,2,,龚家慧,21085,,专业选修课,中文,四平路校区,"2024(法学 52014),2024(法学(英语双学士学位) 52015)",0,1,16,龚家慧(21085) 星期五9-10节 [1-16] 南413
LAW360801,模拟审判,2,,袁秀挺,12071,,实践环节课程,中文,四平路校区,2024(法学 52014),0,1,8,袁秀挺(12071) 星期五5-8节 [1-8] 南413
LAW360802,模拟审判,2,,何驰,23087,,实践环节课程,中文,四平路校区,"2024(德语(法学双学士学位) 11059),2024(法学(英语双学士学位) 52015)",0,1,8,何驰(23087) 星期一7-10节 [1-8] 南209
LAW360901,法律诊所,4,,李丽华,04128,,实践环节课程,中文,四平路校区,2024(法学(英语双学士学位) 52015),0,1,16,李丽华(04128) 星期五5-8节 [1-16] 南411
LAW230801,行政法,2,,黄锫,09070,,专业基础课,中文,四平路校区,2025(法学 52014),0,1,16,黄锫(09070) 星期四5-6节 [1-16] 北110
LAW230802,行政法,2,,王江,93147,,专业必修课,中文,四平路校区,"2025(土木工程(法学双学士学位) 03067),2025(德语(法学双学士学位) 11059)",0,1,16,王江(93147) 星期四3-4节 [1-16] 北314
LAW230803,行政法,2,,王江,93147,,专业基础课,中文,四平路校区,2025(法学(英语双学士学位) 52015),0,1,16,王江(93147) 星期四5-6节 [1-16] 南416
LAW340801,环境资源法,2,,夏凌,07070,,专业必修课,中文,四平路校区,"2024(法学 52014),2025(法学(二学位) 52017)",0,1,16,夏凌(07070) 星期三1-2节 [1-16] 南110
LAW340803,环境资源法,2,,李丽华,04128,,专业必修课,中文,四平路校区,"2024(法学 52014),2025(法学(二学位) 52017)",0,1,16,李丽华(04128) 星期二1-2节 [1-16] 南110
LAW340804,环境资源法,2,,夏凌,07070,,专业必修课,中文,四平路校区,2024(法学(英语双学士学位) 52015),0,1,16,夏凌(07070) 星期三7-8节 [1-16] 北205
LAW352501,国际金融法,2,,范黎红,14194,,专业选修课,中文,四平路校区,"2023(法学 52014),2023(法学(英语双学士学位) 52015)",0,1,16,范黎红(14194) 星期三3-4节 [1-16] 北313
LAW240201,商法（一）,2,,王真真,24065,,专业必修课,中文,四平路校区,2025(法学(英语双学士学位) 52015),0,1,16,王真真(24065) 星期四7-8节 [1-16] 南416
LAW250901,法律思想史,2,,卢鹏,96048,,专业选修课,中文,四平路校区,2025(法学(英语双学士学位) 52015),0,1,16,卢鹏(96048) 星期三5-6节 [1-16] 北310
LAW351301,商法（二）,2,,沃田,92200,,专业选修课,中文,四平路校区,2024(法学 52014),0,1,16,沃田(92200) 星期四1-2节 [1-16] 南413
LAW351302,商法（二）,2,,王真真,24065,,专业选修课,中文,四平路校区,"2024(法学(英语双学士学位) 52015),2025(法学(二学位) 52017)",0,1,16,王真真(24065) 星期三9-10节 [1-16] 南305
LAW351601,民法案例分析,2,,刘春彦,94427,,专业必修课,中文,四平路校区,"2023(土木工程(法学双学士学位) 03067),2024(法学 52014),2024(法学(英语双学士学位) 52015)",0,1,16,刘春彦(94427) 星期二9-10节 [1-16] 南413
LAW231201,民法总论,3,,刘春彦,94427,,专业基础课,中文,四平路校区,2025(法学 52014),0,1,16,刘春彦(94427) 星期三9-11节 [1-16] 北110
LAW231202,民法总论,3,,陈吉栋,22147,,专业基础课,中文,四平路校区,"2025(城乡规划(法学双学士学位) 02017),2025(数智人文拔尖班 11060)",0,1,16,陈吉栋(22147) 星期三9-11节 [1-16] 南408
LAW351701,规划与建筑法,2,,陈洁蕾,15040,,专业必修课,中文,四平路校区,2024(土木工程(法学双学士学位) 03067),0,1,16,陈洁蕾(15040) 星期四3-4节 [1-16] 南308
LAW240301,经济法,3,,程雪军,22153,,专业必修课,中文,四平路校区,"2025(城乡规划(法学双学士学位) 02017),2025(法学 52014),2025(法学(英语双学士学位) 52015),2025(法学(二学位) 52017)",0,1,16,程雪军(22153) 星期一9-11节 [1-16] 北308
LAW240302,经济法,3,,龚家慧,21085,,专业选修课,中文,四平路校区,"2025(城乡规划(法学双学士学位) 02017),2025(法学 52014),2025(法学(英语双学士学位) 52015),2025(法学(二学位) 52017)",0,1,16,龚家慧(21085) 星期一9-11节 [1-16] 北305
LAW450201,网络与信息法,2,,"苏苗罕,朱悦,周汉华","18036,23144,25853",",,null",专业选修课,中文,四平路校区,"2023(法学 52014),2023(法学(英语双学士学位) 52015),2025(法学(二学位) 52017)",0,1,16,朱悦(23144) 星期二3-4节 [5-10] 北313 周汉华(25853) 星期二3-4节 [1-4] 北313 苏苗罕(18036) 星期二3-4节 [11-16] 北313
LAW231701,国际法,2,,杨大可,13153,,专业必修课,中文,四平路校区,"2024(土木工程(法学双学士学位) 03067),2024(德语(法学双学士学位) 11059)",0,1,16,杨大可(13153) 星期五1-2节 [1-16] 南311
LAW073601,碳达峰碳中和30·60目标,2,,刘春彦,94427,,社会发展与国际视野,中文,四平路校区,,0,1,12,刘春彦(94427) 星期一7-8节 [1-12] 北110
LAW352001,罗马法与现代民法,2,,陈洁蕾,15040,,专业选修课,中文,四平路校区,"2024(法学 52014),2024(法学(英语双学士学位) 52015)",0,1,16,陈洁蕾(15040) 星期四5-6节 [1-16] 南413
LAW251202,法学经典著作导读,2,,杨帆,25238,长聘教授,专业选修课,中文,四平路校区,"2025(法学 52014),2025(法学(英语双学士学位) 52015)",0,1,16,杨帆(25238) 星期四1-2节 [1-16] 北413
LAW352701,经济学基础理论,2,,马军杰,10076,,专业选修课,中文,四平路校区,"2025(法学 52014),2025(法学(英语双学士学位) 52015)",0,1,16,马军杰(10076) 星期一5-6节 [1-16] 北107
LAW460801,社会实践 ,4,,李丽华,04128,,实践环节课程,中文,四平路校区,"2023(法学 52014),2023(法学(英语双学士学位) 52015)",0,1,16,李丽华(04128) 星期五1-4节 [1-16] 学院安排
测绘与地理信息学院,,,,,,,,,,,,,,
,,,,,,,,,,,,,,
CSG340101,地图制图基础,2,,王建梅,97031,,专业必修课,中文,四平路校区,"2024(测绘工程 03044),2024(测绘工程(应用物理学双学士学位) 57001)",0,1,16,王建梅(97031) 星期三5-6节 [1-16] 南112
CSG340102,地图制图基础,2,,晏雄锋,23012,,专业必修课,中文,四平路校区,"2024(测绘工程 03044),2024(测绘工程(应用物理学双学士学位) 57001)",0,1,16,晏雄锋(23012) 星期三5-6节 [1-16] 南107
CSG340103,地图制图基础,2,,蔡建南,25032,,专业必修课,中文,四平路校区,"2024(测绘工程 03044),2024(测绘工程(应用物理学双学士学位) 57001)",0,1,16,蔡建南(25032) 星期三5-6节 [1-16] 南211
CSG330201,大地测量基础,3,,杨哲,20146,,专业基础课,中文,四平路校区,"2024(测绘工程 03044),2024(测绘工程(应用物理学双学士学位) 57001)",0,1,16,杨哲(20146) 星期三1-2节 [1-16] 南112 杨哲(20146) 星期五1-2节 [2-16双] 南112
CSG330202,大地测量基础,3,,"张磊,梁鸿俞","20169,21007",",",专业基础课,中文,四平路校区,"2024(测绘工程 03044),2024(测绘工程(应用物理学双学士学位) 57001)",0,1,16,张磊(20169) 星期三1-2节 [1-11] 南107 梁鸿俞(21007) 星期三1-2节 [12-16] 南107 梁鸿俞(21007) 星期五1-2节 [12-16双] 南107 张磊(20169) 星期五1-2节 [2-10双] 南107
CSG330203,大地测量基础,3,,"吴志露,欧阳威","23114,24169",",",专业基础课,中文,四平路校区,"2024(测绘工程 03044),2024(测绘工程(应用物理学双学士学位) 57001)",0,1,16,吴志露(23114) 星期三1-2节 [9-16] 南215 欧阳威(24169) 星期三1-2节 [1-8] 南215 欧阳威(24169) 星期五1-2节 [2-8双] 南215 吴志露(23114) 星期五1-2节 [10-16双] 南215
CSG350901,计算机图形学,2,,吴杭彬,10110,,专业选修课,中文,四平路校区,"2024(测绘工程 03044),2024(测绘工程(应用物理学双学士学位) 57001)",0,1,16,吴杭彬(10110) 星期五9-10节 [1-16] 测绘馆201
CSG250301,自然地理学,2,,"柳思聪,刘芳","17018,24535",",null",专业选修课,中文,四平路校区,2025(测绘工程 03044),0,1,16,刘芳(24535) 星期四5-6节 [6-16] 南121 柳思聪(17018) 星期四5-6节 [1-5] 南121
CSG440101,测绘地理信息技术集成,2,,宇洁,21125,,专业必修课,中文,四平路校区,"2023(测绘工程 03044),2023(测绘工程(应用物理学双学士学位) 57001)",0,1,16,宇洁(21125) 星期二3-4节 [1-16] 南211
CSG440102,测绘地理信息技术集成,2,,田一翔,12115,,专业必修课,中文,四平路校区,"2023(测绘工程 03044),2023(测绘工程(应用物理学双学士学位) 57001)",0,1,16,田一翔(12115) 星期二3-4节 [1-16] 南214
CSG450101,工业与设施精密监测,2,,"李浩军,姚连璧","14172,86095",",",专业选修课,中文,四平路校区,2023(测绘工程 03044),0,1,16,姚连璧(86095) 星期二1-2节 [9-16] 南215 李浩军(14172) 星期二1-2节 [1-8] 南215
CSG450801,地统计学原理与应用,2,,王群明,18042,,专业选修课,中文,四平路校区,2023(测绘工程 03044),0,1,16,王群明(18042) 星期三5-6节 [1-16] 南220
CSG450901,地球系统科学与信息处理,2,,"易永红,皮雪晖","21528,25043","null,助理教授（长聘体系）",专业选修课,中文,四平路校区,"2023(测绘工程 03044),2023(测绘工程(应用物理学双学士学位) 57001)",0,1,16,皮雪晖(25043) 星期一5-6节 [1-4 13-16] 南210 易永红(21528) 星期一5-6节 [5-12] 南210
CSG230801,遥感物理基础,2,,杨其全,25132,,专业基础课,中文,四平路校区,2025(测绘工程(应用物理学双学士学位) 57001),0,1,16,杨其全(25132) 星期一3-4节 [1-16] 南419
CSG351401,时空大数据及智能处理,2,,黄炜,21010,,专业选修课,中文,四平路校区,"2024(测绘工程 03044),2024(测绘工程(应用物理学双学士学位) 57001)",0,1,16,黄炜(21010) 星期一7-8节 [1-16] 南112
CSG000501,海洋探测仪器,2,,薛彬,24102,,工程能力与创新思维,中文,四平路校区,,0,1,12,薛彬(24102) 星期三7-8节 [1-12] 南118
CSG231201,数字测图原理与方法,2,,楼立志,97025,,专业基础课,中文,四平路校区,"2025(环境工程 05014),2025(给排水科学与工程 05024),2025(环境工程(数学与应用数学双学士学位) 05035),2025(交通工程(精英班) 09036),2025(交通运输(精英班) 09037),2025(车辆工程(精英班) 09040)",0,1,16,楼立志(97025) 星期一1-2节 [1-16] 南320
CSG230501,数字图像处理,2,,张绍明,08053,,专业基础课,中文,四平路校区,"2025(测绘工程 03044),2025(测绘工程(精英班) 09010),2025(测绘工程(应用物理学双学士学位) 57001)",0,1,16,张绍明(08053) 星期四1-2节 [1-16] 南121
CSG230502,数字图像处理,2,,徐聿升,22148,,专业基础课,中文,四平路校区,"2025(测绘工程 03044),2025(测绘工程(精英班) 09010),2025(测绘工程(应用物理学双学士学位) 57001)",0,1,16,徐聿升(22148) 星期四1-2节 [1-16] 南118
CSG450501,位置服务技术与应用,2,,刘春,01015,,专业选修课,中文,四平路校区,2023(测绘工程 03044),0,1,16,刘春(01015) 星期三1-2节 [1-16] 南114
CSG330101,摄影测量基础,3,,叶勤,94067,,专业基础课,中英,四平路校区,"2024(测绘工程 03044),2024(测绘工程(应用物理学双学士学位) 57001)",0,1,16,叶勤(94067) 星期一5-6节 [1-16] 南112 叶勤(94067) 星期四1-2节 [1-15单] 南112
CSG330102,摄影测量基础,3,,黄荣,22152,,专业基础课,中英,四平路校区,"2024(测绘工程 03044),2024(测绘工程(应用物理学双学士学位) 57001)",0,1,16,黄荣(22152) 星期一5-6节 [1-16] 南107 黄荣(22152) 星期四1-2节 [1-15单] 南107
CSG351201,GIS程序设计与应用开发,2,,陈鹏,06099,,专业选修课,中文,四平路校区,"2024(测绘工程 03044),2024(测绘工程(应用物理学双学士学位) 57001)",0,1,16,陈鹏(06099) 星期一9-10节 [1-16] 测绘馆201
CSG450401,摄影测量与遥感进展,1,,"李荣兴,谢欢,吴杭彬,柳思聪,安璐,叶真,易永红,黄荣","05991,09080,10110,17018,20172,21006,21528,22152",",,,,,,null,",专业选修课,英语,四平路校区,2023(测绘工程 03044),0,1,15,李荣兴(05991) 星期四3-4节 [11] 南107 易永红(21528) 星期四3-4节 [5] 南107 黄荣(22152) 星期四3-4节 [1] 南107 吴杭彬(10110) 星期四3-4节 [9] 南107 谢欢(09080) 星期四3-4节 [15] 南107 柳思聪(17018) 星期四3-4节 [3] 南107 叶真(21006) 星期四3-4节 [13] 南107 安璐(20172) 星期四3-4节 [7] 南107
CSG230101,数字地形测量学1,2,,冯永玖,19013,,专业基础课,中文,四平路校区,"2025(测绘工程 03044),2025(测绘工程(精英班) 09010),2025(测绘工程(应用物理学双学士学位) 57001)",0,1,16,冯永玖(19013) 星期二3-4节 [1-16] 南118
CSG230102,数字地形测量学1,2,,王超,19010,,专业基础课,中文,四平路校区,"2025(测绘工程 03044),2025(测绘工程(精英班) 09010),2025(测绘工程(应用物理学双学士学位) 57001)",0,1,16,王超(19010) 星期二3-4节 [1-16] 南121
CSG451301,土地法与测绘法,2,,刘春彦,94427,,专业选修课,中文,四平路校区,2023(测绘工程 03044),0,1,16,刘春彦(94427) 星期三7-8节 [1-16] 南220
CSG000101,地球空间信息概论,2,,"谢欢,冯永玖,童小华","09080,19013,99077",",,",工程能力与创新思维,中文,四平路校区,"2025(测绘工程 03044),2025(测绘工程(精英班) 09010),2025(测绘工程(应用物理学双学士学位) 57001)",0,1,12,谢欢(09080) 星期四7-8节 [12] 南101 冯永玖(19013) 星期四7-8节 [3-11] 南101 童小华(99077) 星期四7-8节 [1-2] 南101
CSG230701,数据结构,2,,王建梅,97031,,专业基础课,中文,四平路校区,"2025(测绘工程 03044),2025(测绘工程(精英班) 09010),2025(测绘工程(应用物理学双学士学位) 57001)",0,1,16,王建梅(97031) 星期三3-4节 [1-16] 南121
CSG340201,空间数据库原理与应用,3,,陆平,12101,,专业必修课,中文,四平路校区,"2024(测绘工程 03044),2024(测绘工程(应用物理学双学士学位) 57001)",0,1,16,陆平(12101) 星期一1-2节 [1-16] 南112 陆平(12101) 星期五3-4节 [1-15单] 南112
CSG340202,空间数据库原理与应用,3,,"柳思聪,刘芳","17018,24535",",null",专业必修课,中文,四平路校区,"2024(测绘工程 03044),2024(测绘工程(应用物理学双学士学位) 57001)",0,1,16,刘芳(24535) 星期一1-2节 [9-12] 南107 柳思聪(17018) 星期一1-2节 [1-8 13-16] 南107 柳思聪(17018) 星期五3-4节 [2-8双 14-16双] 南112 刘芳(24535) 星期五3-4节 [10-12双] 南112
CSG340203,空间数据库原理与应用,3,,向俞明,25014,,专业必修课,中文,四平路校区,"2024(测绘工程 03044),2024(测绘工程(应用物理学双学士学位) 57001)",0,1,16,向俞明(25014) 星期一1-2节 [1-16] 南215 向俞明(25014) 星期五1-2节 [1-15单] 南215
CSG330301,遥感原理与应用,3,,冯甜甜,10109,,专业基础课,中文,四平路校区,"2024(测绘工程 03044),2024(测绘工程(应用物理学双学士学位) 57001)",0,1,16,冯甜甜(10109) 星期二3-4节 [1-16] 南112 冯甜甜(10109) 星期四3-4节 [2-16双] 南112
CSG330302,遥感原理与应用,3,,"谢欢,刘世杰,柳思聪","09080,12095,17018",",,",专业基础课,英语,四平路校区,"2024(测绘工程 03044),2024(测绘工程(应用物理学双学士学位) 57001)",0,1,16,谢欢(09080) 星期二3-4节 [1-13] 南107 刘世杰(12095) 星期二3-4节 [15-16] 南107 柳思聪(17018) 星期二3-4节 [14] 南107 谢欢(09080) 星期四3-4节 [2-12双 16] 南107 柳思聪(17018) 星期四3-4节 [14] 南107
CSG330303,遥感原理与应用,3,,"许雄,杨其全","16544,25132",",",专业基础课,中文,四平路校区,"2024(测绘工程 03044),2024(测绘工程(应用物理学双学士学位) 57001)",0,1,16,许雄(16544) 星期二3-4节 [1-8] 南305 杨其全(25132) 星期二3-4节 [9-16] 南305 杨其全(25132) 星期四3-4节 [10-16双] 南312 许雄(16544) 星期四3-4节 [2-8双] 南312
CSG330304,遥感原理与应用,3,,"刘世杰,柳思聪","12095,17018",",",专业基础课,英语,四平路校区,"2024(测绘工程 03044),2024(测绘工程(应用物理学双学士学位) 57001)",0,1,16,刘世杰(12095) 星期二3-4节 [14] 南215 柳思聪(17018) 星期二3-4节 [1-13 15-16] 南215 刘世杰(12095) 星期四3-4节 [14] 南215 柳思聪(17018) 星期四3-4节 [2-12双 16] 南215
CSG350101,现代测量数据处理方法,2,,杨玲,15015,,专业选修课,中文,四平路校区,"2024(测绘工程 03044),2024(测绘工程(应用物理学双学士学位) 57001)",0,1,16,杨玲(15015) 星期三3-4节 [1-16] 南112
CSG350401,遥感图像分析与机器学习,2,,张绍明,08053,,专业选修课,中文,四平路校区,"2024(测绘工程 03044),2024(测绘工程(应用物理学双学士学位) 57001)",0,1,16,张绍明(08053) 星期四9-10节 [1-16] 南112
CSG350402,遥感图像分析与机器学习,2,,皮雪晖,25043,助理教授（长聘体系）,专业选修课,中文,四平路校区,"2024(测绘工程 03044),2024(测绘工程(应用物理学双学士学位) 57001)",0,1,16,皮雪晖(25043) 星期四9-10节 [1-16] 南107
CSG450601,云端地理信息系统,2,,黄炜,21010,,专业选修课,中文,四平路校区,2023(测绘工程 03044),0,1,16,黄炜(21010) 星期一3-4节 [1-16] 南112
CSG450701,地理信息科学前沿,1,,"金雁敏,冯永玖,周启鸣,童小华","15155,19013,25119,99077",",,,",专业选修课,英语,四平路校区,2023(测绘工程 03044),0,2,16,童小华(99077) 星期四3-4节 [16] 南111 周启鸣(25119) 星期四3-4节 [8-10双] 南111 冯永玖(19013) 星期四3-4节 [12-14双] 南111 金雁敏(15155) 星期四3-4节 [2-6双] 南111
CSG250201,测绘CAD制图,2,,杨光,93031,,专业选修课,中文,四平路校区,2025(测绘工程 03044),0,1,16,杨光(93031) 星期二1-2节 [1-16] 南121
CSG351301,低空无人智能测绘,1,,乔刚,09169,,专业选修课,中文,四平路校区,"2024(测绘工程 03044),2024(测绘工程(应用物理学双学士学位) 57001)",0,2,16,乔刚(09169) 星期四1-2节 [2-16双] 南112
CSG451101,InSAR原理与应用,2,,"张磊,梁鸿俞","20169,21007",",",专业选修课,中文,四平路校区,"2023(测绘工程 03044),2023(测绘工程(应用物理学双学士学位) 57001)",0,1,16,张磊(20169) 星期三3-4节 [10-16] 南114 梁鸿俞(21007) 星期三3-4节 [1-9] 南114
CSG451001,激光遥感,2,,"谢欢,徐聿升","09080,22148",",",专业选修课,中文,四平路校区,2023(测绘工程 03044),0,1,16,谢欢(09080) 星期四5-6节 [1-4 10-16] 南205 徐聿升(22148) 星期四5-6节 [5-9] 南205
CSG000301,智能手机应用程序设计,2,,冯金涛,99764,,工程能力与创新思维,中文,四平路校区,,0,1,12,冯金涛(99764) 星期三7-8节 [1-12] 南108
CSG000302,智能手机应用程序设计,2,,冯金涛,99764,,工程能力与创新思维,中文,嘉定校区,,0,1,12,冯金涛(99764) 星期四9-10节 [1-12] 博楼B117
CSG450301,卫星大地测量与导航进展,1,,"乔晶,欧阳威","22146,24169","助理教授（长聘体系）,",专业选修课,英语,四平路校区,2023(测绘工程 03044),0,2,16,乔晶(22146) 星期一7-8节 [2-6双 14] 南215 欧阳威(24169) 星期一7-8节 [8-12双 16] 南215
联合国环境规划署-同济大学环境与可持续发展学院,,,,,,,,,,,,,,
,,,,,,,,,,,,,,
ESD000102,可持续发展与未来,2,孙婧(长聘副教授),"程德理,李理光,董楠楠,谢欢,王洪涛,刘骞,黄佳,张超,杜欢政,孙婧,李凌燕,柳华杰,倪受彬,陈法安,浦鸿汀,于鹏","00047,05015,06119,09080,10009,11102,12116,13140,14133,15157,16024,18014,19055,24175,96011,99132",",,,,,,,,,,,,,,,",社会发展与国际视野,中文,嘉定校区,,0,1,16,杜欢政(14133) 星期三9-10节 [2] 复楼F213 程德理(00047) 星期三9-10节 [16] 复楼F213 浦鸿汀(96011) 星期三9-10节 [10] 复楼F213 孙婧(15157) 星期三9-10节 [1] 复楼F213 黄佳(12116) 星期三9-10节 [5] 复楼F213 谢欢(09080) 星期三9-10节 [14] 复楼F213 李理光(05015) 星期三9-10节 [3] 复楼F213 倪受彬(19055) 星期三9-10节 [13] 复楼F213 张超(13140) 星期三9-10节 [6] 复楼F213 陈法安(24175) 星期三9-10节 [15] 复楼F213 刘骞(11102) 星期三9-10节 [9] 复楼F213 王洪涛(10009) 星期三9-10节 [7] 复楼F213 李凌燕(16024) 星期三9-10节 [4] 复楼F213 董楠楠(06119) 星期三9-10节 [12] 复楼F213 柳华杰(18014) 星期三9-10节 [11] 复楼F213 于鹏(99132) 星期三9-10节 [8] 复楼F213
ESD000101,可持续发展与未来,2,孙婧(长聘副教授),"董楠楠,李瑞杰,谢欢,王洪涛,刘骞,黄佳,张超,杜欢政,孙婧,柳华杰,倪受彬,陈法安,吕培明,浦鸿汀,于鹏","06119,07208,09080,10009,11102,12116,13140,14133,15157,18014,19055,24175,89414,96011,99132",",,,,,,,,,,,,,,",社会发展与国际视野,中文,四平路校区,,0,1,16,浦鸿汀(96011) 星期一9-10节 [11] 南329 董楠楠(06119) 星期一9-10节 [13] 南329 陈法安(24175) 星期一9-10节 [16] 南329 黄佳(12116) 星期一9-10节 [6] 南329 杜欢政(14133) 星期一9-10节 [3] 南329 张超(13140) 星期一9-10节 [7] 南329 孙婧(15157) 星期一9-10节 [2-4双] 南329 谢欢(09080) 星期一9-10节 [15] 南329 刘骞(11102) 星期一9-10节 [10] 南329 倪受彬(19055) 星期一9-10节 [14] 南329 柳华杰(18014) 星期一9-10节 [12] 南329 于鹏(99132) 星期一9-10节 [9] 南329 吕培明(89414) 星期一9-10节 [1] 南329 王洪涛(10009) 星期一9-10节 [8] 南329 李瑞杰(07208) 星期一9-10节 [5] 南329
工程实践中心,,,,,,,,,,,,,,
,,,,,,,,,,,,,,
CIE000101,创新方法与创业基础,2,王雁(),"王雁,钟之阳","06054,13117",",",工程能力与创新思维,中文,四平路校区,,0,1,16,王雁(06054) 星期四7-8节 [4-7 16] 北209 钟之阳(13117) 星期四7-8节 [1-3 8-15] 北209
CIE000102,创新方法与创业基础,2,张端鸿(),张端鸿,13176,,工程能力与创新思维,中文,四平路校区,,0,1,16,张端鸿(13176) 星期一7-8节 [1-16] 南108
CIE000103,创新方法与创业基础,2,陈士超(),陈士超,05160,,工程能力与创新思维,中文,四平路校区,,0,1,16,陈士超(05160) 星期一9-10节 [1-16] 北207
CIE000104,创新方法与创业基础,2,李慧(),李慧,07035,,工程能力与创新思维,中文,四平路校区,,0,1,16,李慧(07035) 星期三9-10节 [1-16] 南107
CIE000201,社会创新创业,2,许涛(),许涛,00772,,工程能力与创新思维,中文,嘉定校区,,0,1,16,许涛(00772) 星期一9-10节 [1-12] 博楼B115
CIE000202,社会创新创业,2,刘涛(),刘涛,04219,,工程能力与创新思维,中文,四平路校区,,0,1,12,刘涛(04219) 星期一9-10节 [1-12] 北209
CIE000203,社会创新创业,2,张俊(),张俊,04087,,工程能力与创新思维,中文,四平路校区,,0,1,12,张俊(04087) 星期三7-8节 [1-12] 南107
CIE000301,创业竞赛进阶与实践,1,齐鹏(),齐鹏,16149,,工程能力与创新思维,中文,四平路校区,,0,2,16,齐鹏(16149) 星期六1-8节 [8] 南216 齐鹏(16149) 星期六5-8节 [2 16] 南216
CIE000302,创业竞赛进阶与实践,1,杜艾(),"杜艾,李龙翔,周斌","12073,13125,91108",",,",工程能力与创新思维,中文,四平路校区,,0,1,16,周斌(91108) 星期六5-8节 [16] 南211 李龙翔(13125) 星期六5-8节 [8] 南211 杜艾(12073) 星期六5-8节 [1-2] 南211
CIE000401,创业修炼,2,陆志波(),陆志波,06068,,工程能力与创新思维,中文,四平路校区,,0,10,12,陆志波(06068) 星期六1-6节 [10-12双] 南313 陆志波(06068) 星期日1-6节 [10-12双] 南313
CIE160101,工程实践,4,程宏(讲师),程宏,97099,,实践环节课程,中文,嘉定校区,2025(车辆工程(汽车) 19027),0,1,16,程宏(97099) 星期三1-3节 [1-16] 嘉定校区致臻楼104 程宏(97099) 星期六1-8节 [14-15] 嘉定校区致臻楼104
CIE160102,工程实践,4,程宏(),程宏,97099,,实践环节课程,中文,四平路校区,"2025(交通工程(精英班) 09036),2025(交通运输(精英班) 09037),2025(车辆工程(精英班) 09040),2025(光电信息科学与工程(精英班) 09046),2025(车辆工程(汽车精英班) 09048),2025(光电信息科学与工程 12474),2025(光电信息科学与工程(二学位) 58007)",0,1,16,程宏(97099) 星期二1-4节 [1-16] 彰武路100号，工程实践中心A楼、B楼
CIE160103,工程实践,4,程宏(讲师),程宏,97099,,实践环节课程,中文,嘉定校区,"2025(微电子科学与工程 10007),2025(人工智能 10008)",0,1,16,程宏(97099) 星期三5-7节 [1-16] 嘉定校区致臻楼104 程宏(97099) 星期六1-8节 [14-15] 嘉定校区致臻楼104
CIE160104,工程实践,4,程宏(讲师),程宏,97099,,实践环节课程,中文,嘉定校区,"2025(材料科学与工程 08014),2025(材料科学与工程(先进材料蕴元班) 08016),2025(通信工程 10054)",0,1,16,程宏(97099) 星期四1-3节 [1-16] 嘉定校区致臻楼104教室 程宏(97099) 星期日1-8节 [14-15] 嘉定校区致臻楼104教室
CIE160105,工程实践,4,程宏(讲师),程宏,97099,,实践环节课程,中文,嘉定校区,"2025(自动化 10024),2025(微电子科学与工程(应用物理学双学士学位) 10078)",0,1,16,程宏(97099) 星期四5-7节 [1-16] 嘉定校区致臻楼104 程宏(97099) 星期日1-8节 [14-15] 嘉定校区致臻楼104
CIE160106,工程实践,4,程宏(讲师),程宏,97099,,实践环节课程,中文,嘉定校区,"2024(商用大飞机校企联合人才培养创新模式实验班 45003),2025(车辆工程 43002)",0,1,16,程宏(97099) 星期五1-3节 [1-16] 嘉定校区致臻楼104 程宏(97099) 星期六1-8节 [13-14] 嘉定校区致臻楼104
CIE160107,工程实践,4,程宏(讲师),程宏,97099,,实践环节课程,中文,嘉定校区,"2025(电气工程及其自动化 10044),2025(电子信息工程(国际班) 10080),2025(中德智慧新能源车辆(创新实验区) 19033)",0,1,16,程宏(97099) 星期五5-7节 [1-16] 嘉定校区致臻楼104 程宏(97099) 星期六1-8节 [13] 嘉定校区致臻楼104 程宏(97099) 星期日1-8节 [14] 嘉定校区致臻楼104
CIE000502,创新管理,2,许涛(),许涛,00772,,工程能力与创新思维,中文,嘉定校区,,0,1,16,许涛(00772) 星期一7-8节 [1-12] 博楼B211
化学科学与工程学院,,,,,,,,,,,,,,
,,,,,,,,,,,,,,
CSE230201,有机化学（上）（荣）,3,,张扬会,11035,,专业基础课,英语,四平路校区,"2025(基础学科拔尖基地(化学) 00402),2025(应用化学(强基计划) 09002)",0,1,16,张扬会(11035) 星期二3-4节 [1-16] 南219 张扬会(11035) 星期四3-4节 [1-15单] 南219
CSE330101,物理化学（下）（荣）,3,,"赵红颖,韦广丰,胡可","10124,15149,25037",",,",专业基础课,中文,四平路校区,"2024(基础学科拔尖基地(化学) 00402),2024(应用化学(强基计划) 09002)",0,1,16,胡可(25037) 星期三1-2节 [16] 南317 韦广丰(15149) 星期三1-2节 [10-14双] 南317 赵红颖(10124) 星期三1-2节 [2-8双] 南317 韦广丰(15149) 星期五3-4节 [9-14] 南317 赵红颖(10124) 星期五3-4节 [1-8] 南317 胡可(25037) 星期五3-4节 [15-16] 南317
CSE120101,普化实验,1,,段瑛滢,17502,,公共基础课,英语,四平路校区,2025(土木工程(国际班) 03074),0,1,16,段瑛滢(17502) 星期三5-6节 [1-15单] 工程试验馆3楼
CSE130401,分析化学,2,,张鲁凝,12047,,专业基础课,中文,四平路校区,"2025(基础学科拔尖班(环境) 05003),2025(环境工程 05014),2025(给排水科学与工程 05024),2025(环境科学 05034),2025(环境工程(数学与应用数学双学士学位) 05035),2025(环境科学(会计学双学士学位) 05036),2025(领军人才班(数智环境) 05041),2025(材料科学与工程(精英班) 09009),2025(环境工程(精英班) 09024),2025(应用化学 12344)",0,1,16,张鲁凝(12047) 星期二3-4节 [1-16] 南217
CSE130402,分析化学,2,,张鲁凝,12047,,专业基础课,中文,嘉定校区,"2025(材料科学与工程 08014),2025(材料科学与工程(先进材料蕴元班) 08016)",0,1,16,张鲁凝(12047) 星期三3-4节 [1-16] 安楼A106
CSE130403,分析化学,2,,吕甜,18012,,专业基础课,中文,四平路校区,"2025(基础学科拔尖班(环境) 05003),2025(环境工程 05014),2025(给排水科学与工程 05024),2025(环境科学 05034),2025(环境工程(数学与应用数学双学士学位) 05035),2025(环境科学(会计学双学士学位) 05036),2025(领军人才班(数智环境) 05041),2025(材料科学与工程(精英班) 09009),2025(环境工程(精英班) 09024),2025(应用化学 12344)",0,1,16,吕甜(18012) 星期二3-4节 [1-16] 南220
CSE230501,分析化学实验,1,,端木凯宁,22182,,专业基础课,中文,四平路校区,"2025(环境工程 05014),2025(环境工程(数学与应用数学双学士学位) 05035),2025(环境科学(会计学双学士学位) 05036),2025(领军人才班(数智环境) 05041),2025(环境工程(精英班) 09024)",0,1,16,端木凯宁(22182) 星期三5-6节 [1-15单] 工程试验馆
CSE230502,分析化学实验,1,,吕甜,18012,,实践环节课程,中文,四平路校区,"2025(基础学科拔尖班(环境) 05003),2025(给排水科学与工程 05024),2025(环境科学 05034)",0,1,16,吕甜(18012) 星期三5-6节 [2-16双] 工程试验馆
CSE230503,分析化学实验,1,,吕甜,18012,,实践环节课程,中文,四平路校区,"2025(环境工程 05014),2025(环境工程(数学与应用数学双学士学位) 05035),2025(环境科学(会计学双学士学位) 05036),2025(领军人才班(数智环境) 05041),2025(环境工程(精英班) 09024)",0,1,16,吕甜(18012) 星期三5-6节 [1-15单] 工程试验馆
CSE230701,有机化学实验,2,,马楠,03119,,专业基础课,中文,四平路校区,"2025(基础学科拔尖班(环境) 05003),2025(环境科学 05034),2025(环境科学(会计学双学士学位) 05036),2025(领军人才班(数智环境) 05041)",0,1,16,马楠(03119) 星期三1-4节 [2-16双] 化学馆301、303
CSE230901,有机化学(上),3,,杨泽鹏,20534,,专业基础课,中文,四平路校区,2025(应用化学 12344),0,1,16,杨泽鹏(20534) 星期一3-4节 [1-16] 南314 杨泽鹏(20534) 星期三5-6节 [1-15单] 南405
CSE350201,有机合成路线设计,2,,"徐涛,许茂桐","17519,22524",",",专业选修课,中文,四平路校区,"2024(基础学科拔尖基地(化学) 00402),2024(应用化学(强基计划) 09002),2024(应用化学 12344),2025(应用化学(二学位) 00403)",0,1,16,许茂桐(22524) 星期四9-10节 [1-8] 南216 徐涛(17519) 星期四9-10节 [9-16] 南216
CSE350301,催化化学,2,,许新华,95073,,专业选修课,中文,四平路校区,"2023(基础学科拔尖基地(化学) 00402),2023(应用化学 12344),2024(应用化学(强基计划) 09002),2025(应用化学(二学位) 00403)",0,1,16,许新华(95073) 星期四9-10节 [1-16] 南211
CSE231001,有机化学,2,,马楠,03119,,专业基础课,中文,四平路校区,"2025(基础学科拔尖班(环境) 05003),2025(环境工程 05014),2025(给排水科学与工程 05024),2025(环境科学 05034),2025(环境工程(数学与应用数学双学士学位) 05035),2025(环境科学(会计学双学士学位) 05036),2025(领军人才班(数智环境) 05041),2025(给排水科学与工程(精英班) 09025)",0,1,16,马楠(03119) 星期三7-8节 [1-16] 北410
CSE450201,现代配位化学,2,,温鸣,02153,,专业选修课,中文,四平路校区,"2023(基础学科拔尖基地(化学) 00402),2023(应用化学(强基计划) 09002),2023(应用化学 12344),2025(应用化学(二学位) 00403)",0,1,16,温鸣(02153) 星期三3-4节 [1-16] 南111
CSE450301,绿色化学概论,2,,"唐文伟,李明,谷红波","00059,03226,14164",",,",专业选修课,中文,四平路校区,"2023(基础学科拔尖基地(化学) 00402),2023(应用化学(强基计划) 09002),2023(应用化学 12344)",0,1,16,李明(03226) 星期一5-6节 [1-5] 北211 唐文伟(00059) 星期一5-6节 [13-16] 北211 谷红波(14164) 星期一5-6节 [6-12] 北211
CSE330301,物理化学(下),3,,甘礼华,92191,,专业基础课,中文,四平路校区,"2024(应用化学 12344),2025(应用化学(二学位) 00403)",0,1,16,甘礼华(92191) 星期一3-4节 [2-16双] 北316 甘礼华(92191) 星期四1-2节 [1-16] 北316
CSE330302,物理化学(下),3,,"张亚男,许新华","10134,95073",",",专业基础课,中文,四平路校区,"2024(应用化学 12344),2025(应用化学(二学位) 00403)",0,1,16,张亚男(10134) 星期一3-4节 [2-6双] 北311 许新华(95073) 星期一3-4节 [8-16双] 北311 张亚男(10134) 星期四1-2节 [1-7] 北311 许新华(95073) 星期四1-2节 [8-16] 北311
CSE360401,化学工程基础,3,,伍艳辉,99119,,实践环节课程,中文,四平路校区,"2024(基础学科拔尖基地(化学) 00402),2024(应用化学(强基计划) 09002)",0,1,16,伍艳辉(99119) 星期一3-4节 [2-16双] 南315 伍艳辉(99119) 星期四1-2节 [1-16] 南316
CSE360402,化学工程基础,3,,"李明,刘明贤","03226,11119",",",实践环节,中文,四平路校区,"2024(应用化学 12344),2025(应用化学(二学位) 00403)",0,1,16,李明(03226) 星期一3-4节 [9-15单] 南407 刘明贤(11119) 星期一3-4节 [1-7单] 南407 李明(03226) 星期三1-2节 [9-16] 南407 刘明贤(11119) 星期三1-2节 [1-8] 南407
CSE001001,趣味化学实验,2,,刘亚菲,99043,,科学探索与生命关怀,中文,四平路校区,,0,1,12,刘亚菲(99043) 星期三7-8节 [1-12] 化学馆
CSE001002,趣味化学实验,2,,史慧杰,12515,,科学探索与生命关怀,中文,四平路校区,,0,1,12,史慧杰(12515) 星期三7-8节 [1-12] 化学馆
CSE001501,缤纷化学实验,2,,刘亚菲,99043,,科学探索与生命关怀,中文,四平路校区,,0,1,12,刘亚菲(99043) 星期四7-8节 [1-12] 化学馆
CSE001502,缤纷化学实验,2,,刘梅川,06059,,科学探索与生命关怀,中文,四平路校区,,0,1,12,刘梅川(06059) 星期四7-8节 [1-12] 化学馆
CSE260401,有机化学实验（1）,3,,段辉,16100,,实践环节课程,中文,四平路校区,"2025(基础学科拔尖基地(化学) 00402),2025(应用化学(强基计划) 09002)",0,1,16,段辉(16100) 星期三5-10节 [1-15单] 化学馆301、303
CSE260402,有机化学实验（1）,3,,于辉,07183,,实践环节课程,中文,四平路校区,2025(应用化学 12344),0,1,16,"于辉(07183) 星期三5-10节 [2-16双] 化学馆301,303"
CSE260403,有机化学实验（1）,3,,于辉,07183,,实践环节课程,中文,四平路校区,"2025(基础学科拔尖基地(化学) 00402),2025(应用化学(强基计划) 09002)",0,1,16,"于辉(07183) 星期三5-10节 [1-15单] 化学馆301,303"
CSE360501,物理化学实验（2）,4,,"陈作锋,缪灵","14121,22169",",",实践环节课程,中文,四平路校区,"2024(基础学科拔尖基地(化学) 00402),2024(应用化学(强基计划) 09002),2024(应用化学 12344),2025(应用化学(二学位) 00403)",0,1,11,缪灵(22169) 星期四3-8节 [7-11] 实验室：320，326，447 陈作锋(14121) 星期四3-8节 [1-6] 实验室：320，326，447
CSE360503,物理化学实验（2）,4,,许新华,95073,,实践环节课程,中文,四平路校区,2024(应用化学 12344),0,1,11,许新华(95073) 星期三3-8节 [1-11] 实验室：320，326，447
CSE360502,物理化学实验（2）,4,,"陈作锋,缪灵","14121,22169",",",实践环节课程,中文,四平路校区,"2024(基础学科拔尖基地(化学) 00402),2024(应用化学(强基计划) 09002),2024(应用化学 12344),2025(应用化学(二学位) 00403)",0,1,11,缪灵(22169) 星期四3-8节 [1-6] 实验室：320，326，447 陈作锋(14121) 星期四3-8节 [7-11] 实验室：320，326，447
CSE360504,物理化学实验（2）,4,,吴梅芬,92768,,实践环节课程,中文,四平路校区,2024(应用化学 12344),0,1,11,吴梅芬(92768) 星期三3-8节 [1-11] 实验室：320，326，447
CSE340401,化学信息学,2,,"韦广丰,端木凯宁","15149,22182",",",专业必修课,中文,四平路校区,"2024(基础学科拔尖基地(化学) 00402),2024(应用化学(强基计划) 09002),2024(应用化学 12344)",0,1,16,韦广丰(15149) 星期五1-2节 [15-16] 南313 端木凯宁(22182) 星期五1-2节 [1-14] 南313
CSE260601,化学专业英语,2,,邢小鹏,13160,,实践环节课程,中文,四平路校区,"2025(基础学科拔尖基地(化学) 00402),2025(应用化学 12344)",0,1,16,邢小鹏(13160) 星期一1-2节 [1-16] 南222
CSE340101,波谱解析,2,,李良春,15522,,专业必修课,中文,四平路校区,"2024(基础学科拔尖基地(化学) 00402),2024(应用化学(强基计划) 09002),2024(应用化学 12344),2025(应用化学(二学位) 00403)",0,1,16,李良春(15522) 星期一1-2节 [1-16] 北413
CSE351101,能源化学,2,,"汪建营,胡可,甘礼华","23088,25037,92191",",,",专业必修课,中文,嘉定校区,2023(能源与动力工程(应用化学双学士学位) 04065),0,1,16,汪建营(23088) 星期五5-6节 [12-16] 安楼A402 甘礼华(92191) 星期五5-6节 [1-5] 安楼A402 胡可(25037) 星期五5-6节 [6-11] 安楼A402
CSE351102,能源化学,2,,"陈作锋,胡可,甘礼华","14121,25037,92191","教授,,",专业选修课,中文,四平路校区,"2023(应用化学 12344),2024(基础学科拔尖基地(化学) 00402),2024(应用化学(强基计划) 09002),2025(应用化学(二学位) 00403)",0,1,16,胡可(25037) 星期三5-6节 [6-11] 南214 陈作锋(14121) 星期三5-6节 [12-16] 南214 甘礼华(92191) 星期三5-6节 [1-5] 南214
CSE360601,仪器分析实验,4,,吕甜,18012,,实践环节课程,中文,嘉定校区,"2024(能源与动力工程(应用化学双学士学位) 04065),2025(应用化学(二学位) 00403)",0,1,16,吕甜(18012) 星期一5-8节 [1-16] 化学馆
CSE360602,仪器分析实验,4,,孔璐璐,20065,,实践环节课程,中文,四平路校区,"2024(基础学科拔尖基地(化学) 00402),2024(应用化学(强基计划) 09002),2024(应用化学 12344)",0,1,16,孔璐璐(20065) 星期一5-8节 [1-16] 化学馆
CSE360603,仪器分析实验,4,,淡文彦,18125,,实践环节,中文,四平路校区,"2024(基础学科拔尖基地(化学) 00402),2024(应用化学(强基计划) 09002),2024(应用化学 12344)",0,1,16,淡文彦(18125) 星期一5-8节 [1-16] 化学馆
CSE360604,仪器分析实验,4,,张鲁凝,12047,,实践环节课程,中文,四平路校区,"2024(基础学科拔尖基地(化学) 00402),2024(应用化学(强基计划) 09002),2024(应用化学 12344)",0,1,16,张鲁凝(12047) 星期一5-8节 [1-16] 化学馆
CSE360605,仪器分析实验,4,,端木凯宁,22182,,实践环节课程,中文,四平路校区,"2024(基础学科拔尖基地(化学) 00402),2024(应用化学(强基计划) 09002),2024(应用化学 12344)",0,1,16,端木凯宁(22182) 星期一5-8节 [1-16] 化学馆
CSE360606,仪器分析实验,4,,肖寒霜,09119,,实践环节课程,中文,四平路校区,"2024(基础学科拔尖基地(化学) 00402),2024(应用化学(强基计划) 09002),2024(应用化学 12344)",0,1,16,肖寒霜(09119) 星期一5-8节 [1-16] 化学馆
CSE450501,材料化学概论,2,,韦广丰,15149,,专业选修课,中文,四平路校区,"2023(基础学科拔尖基地(化学) 00402),2023(应用化学(强基计划) 09002),2023(应用化学 12344)",0,1,16,韦广丰(15149) 星期四5-6节 [1-16] 北211
CSE120701,普通化学B,3,,段瑛滢,17502,,公共基础课,英语,四平路校区,2025(土木工程(国际班) 03074),0,1,16,段瑛滢(17502) 星期一7-8节 [1-16] 南421 段瑛滢(17502) 星期三5-6节 [2-16双] 南410
CSE120702,普通化学B,3,,温鸣,02153,,公共基础课,中文,嘉定校区,"2024(车辆工程(汽车) 19027),2025(交通工程 15014),2025(交通运输 15024),2025(交通工程(数学与应用数学双学士学位) 15025)",0,1,16,温鸣(02153) 星期三9-11节 [1-16] 广楼G209
CSE120703,普通化学B,3,,顾金英,99037,,公共基础课,中文,嘉定校区,2025(车辆工程 43002),0,1,16,顾金英(99037) 星期一9-11节 [1-16] 复楼F102
CSE120704,普通化学B,3,,伏露露,23075,,公共基础课,中文,嘉定校区,"2024(车辆工程(汽车) 19027),2025(交通工程 15014),2025(交通运输 15024),2025(交通工程(数学与应用数学双学士学位) 15025)",0,1,16,伏露露(23075) 星期三9-11节 [1-16] 广楼G207
CSE120705,普通化学B,3,,段瑛滢,17502,,公共基础课,中文,嘉定校区,2024(车辆工程(汽车) 19027),0,1,16,段瑛滢(17502) 星期一1-2节 [1-16] 广楼G404 段瑛滢(17502) 星期五3-4节 [2-16双] 广楼G404
CSE120706,普通化学B,3,,"孟瑞晋,尚英辉","24017,24060",",",公共基础课,中文,嘉定校区,"2024(车辆工程(汽车) 19027),2025(交通工程 15014),2025(交通运输 15024),2025(交通工程(数学与应用数学双学士学位) 15025)",0,1,16,孟瑞晋(24017) 星期三9-11节 [9-16] 广楼G205 尚英辉(24060) 星期三9-11节 [1-8] 广楼G205
CSE340301,人工智能与化学信息学,2,,韦广丰,15149,,专业选修课,中文,四平路校区,2025(应用化学(二学位) 00403),0,1,16,韦广丰(15149) 星期日7-8节 [1-16] 不排教室
CSE002001,中国近现代科技史,2,,闫冰,01125,,科学探索与生命关怀,中文,四平路校区,,0,1,12,闫冰(01125) 星期四7-8节 [1-12] 北210
数学科学学院,,,,,,,,,,,,,,
,,,,,,,,,,,,,,
CMS221002,常微分方程(荣),3,,熊渊朴,25154,,专业选修课,中文,嘉定校区,2025(交通工程(数学与应用数学双学士学位) 15025),0,1,16,熊渊朴(25154) 星期六7-8节 [1-16] 不安排教室
CMS221003,常微分方程(荣),3,,梁启刚,25110,,公共基础课,中文,四平路校区,"2025(金融学(数学与应用数学双学士学位) 01095),2025(土木工程(数学与应用数学双学士学位) 03065),2025(环境工程(数学与应用数学双学士学位) 05035)",0,1,16,梁启刚(25110) 星期一9-11节 [1-16] 北222
CMS221101,概率论+数理统计(荣),4,,李莉娜,07105,,公共基础课,中文,四平路校区,"2025(金融学(数学与应用数学双学士学位) 01095),2025(土木工程(数学与应用数学双学士学位) 03065),2025(环境工程(数学与应用数学双学士学位) 05035)",0,1,16,李莉娜(07105) 星期一3-4节 [1-16] 北222 李莉娜(07105) 星期三3-4节 [1-16] 北222
CMS221102,概率论+数理统计(荣),4,,王国联,10107,,公共基础课,中文,嘉定校区,2025(交通工程 15014),0,1,16,王国联(10107) 星期二1-2节 [1-16] 复楼F204 王国联(10107) 星期三1-2节 [1-16] 复楼F204
CMS221103,概率论+数理统计(荣),4,,王国联,10107,,公共基础课,中文,嘉定校区,"2025(材料科学与工程(先进材料蕴元班) 08016),2025(人工智能(拔尖班) 10082),2025(交通运输 15024),2025(交通工程(数学与应用数学双学士学位) 15025)",0,1,16,王国联(10107) 星期二3-4节 [1-16] 复楼F204 王国联(10107) 星期四5-6节 [1-16] 复楼F204
CMS340601,计算方法,4,,程青,23502,null,专业必修课,中文,四平路校区,"2024(基础学科拔尖基地(数学) 00304),2024(数学与应用数学(强基计划) 09004),2024(数学与应用数学 12234),2025(数学与应用数学(二学位) 00306)",0,1,16,程青(23502) 星期二3-4节 [1-16] 南313 程青(23502) 星期四3-4节 [1-16] 南313
CMS340602,计算方法,4,,熊渊朴,25154,,专业选修课,中文,嘉定校区,"2024(交通工程 15014),2024(交通工程(数学与应用数学双学士学位) 15025)",0,1,16,熊渊朴(25154) 星期六6-6节 [1-16] 不安排教室
CMS340603,计算方法,4,,程青,23502,null,专业课必修,中文,四平路校区,"2024(土木工程(数学与应用数学双学士学位) 03065),2024(环境工程(数学与应用数学双学士学位) 05035),2024(统计学 12284),2025(统计学(二学位) 00307)",0,1,16,程青(23502) 星期二9-10节 [1-16] 南313 程青(23502) 星期五7-8节 [1-16] 南313
CMS361101,计算方法(上机),2,,殷俊锋,08096,,实践环节课程,中文,四平路校区,"2024(基础学科拔尖基地(数学) 00304),2024(数学与应用数学(华罗庚班) 00305),2024(数学与应用数学 12234)",0,1,16,殷俊锋(08096) 星期五3-4节 [1-16] 数学学院机房(一二九大楼B区109)
CMS361102,计算方法(上机),2,,郑宁,19094,,实践环节课程,中文,四平路校区,"2024(基础学科拔尖基地(数学) 00304),2024(数学与应用数学(强基计划) 09004),2024(统计学 12284),2025(数学与应用数学(二学位) 00306),2025(统计学(二学位) 00307)",0,1,16,郑宁(19094) 星期四5-6节 [1-16] 数学学院机房(一二九大楼B区109)
CMS450401,代数前沿选讲2,2,,林中一攀,25171,null,专业选修课,中文,四平路校区,"2023(基础学科拔尖基地(数学) 00304),2023(数学与应用数学(强基计划) 09004),2023(数学与应用数学 12234),2023(统计学 12284)",0,1,16,林中一攀(25171) 星期一1-2节 [1-16] 北122
CMS450901,几何前沿选讲2,2,,郭继瑞,22545,null,专业选修课,中文,四平路校区,"2023(基础学科拔尖基地(数学) 00304),2023(数学与应用数学(强基计划) 09004),2023(数学与应用数学 12234),2023(统计学 12284)",0,1,16,郭继瑞(22545) 星期四3-4节 [1-16] 北107
CMS450701,分析前沿选讲2,2,,颜启明,09118,,专业选修课,中文,四平路校区,"2023(基础学科拔尖基地(数学) 00304),2023(数学与应用数学(强基计划) 09004),2023(数学与应用数学 12234),2023(统计学 12284)",0,1,16,颜启明(09118) 星期三1-2节 [1-16] 北121
CMS451201,计算与应用数学前沿选讲2,2,,肖敦辉,21174,,专业选修课,中文,四平路校区,"2023(基础学科拔尖基地(数学) 00304),2023(数学与应用数学(强基计划) 09004),2023(数学与应用数学 12234),2023(统计学 12284)",0,1,16,肖敦辉(21174) 星期一9-10节 [1-16] 北122
CMS451701,偏微分方程近代理论,3,,熊渊朴,25154,,专业选修课,中文,四平路校区,"2023(基础学科拔尖基地(数学) 00304),2023(数学与应用数学(强基计划) 09004),2023(数学与应用数学 12234)",0,1,16,熊渊朴(25154) 星期六9-11节 [1-16] 不排教室
CMS450201,代数几何初步,3,,金方舟,20088,,专业选修课,中文,四平路校区,"2023(基础学科拔尖基地(数学) 00304),2023(数学与应用数学(强基计划) 09004),2023(数学与应用数学 12234)",0,1,16,金方舟(20088) 星期一5-6节 [1-16] 北119 金方舟(20088) 星期三3-4节 [1-15单] 北119
CMS451001,几何与拓扑,3,,张希平,21113,,专业选修课,中文,四平路校区,"2023(基础学科拔尖基地(数学) 00304),2023(数学与应用数学(强基计划) 09004),2023(数学与应用数学 12234)",0,1,16,张希平(21113) 星期二3-4节 [1-16] 北117 张希平(21113) 星期四7-8节 [1-15单] 北122
CMS120501,高等数学(D),4,,高蒙蒙,25160,null,公共基础课,中文,四平路校区,2025(运动训练 00802),0,1,16,高蒙蒙(25160) 星期一5-6节 [1-16] 北201 高蒙蒙(25160) 星期四1-2节 [1-16] 北201
CMS120601,线性代数B,3,,单海英,04047,,公共基础课,中文,嘉定校区,"2025(中德机械工程与机器人(创新实验区) 04004),2025(智能制造工程 04009),2025(机械设计制造及其自动化 04034)",0,1,16,单海英(04047) 星期三7-8节 [2-16双] 广楼G205 单海英(04047) 星期五1-2节 [1-16] 广楼G205
CMS120602,线性代数B,3,,陈素琴,92094,,公共基础课,中文,四平路校区,"2023(生物技术 17014),2025(基础学科拔尖基地(化学) 00402),2025(建筑环境与能源应用工程 02011),2025(应用化学(强基计划) 09002),2025(生物技术(强基计划) 09003),2025(应用化学 12344),2025(生物信息学 17024),2025(基础学科拔尖基地(生命科学) 17025)",0,1,16,陈素琴(92094) 星期一7-8节 [2-16双] 南129 陈素琴(92094) 星期四7-8节 [1-16] 南129
CMS120603,线性代数B,3,,单海英,04047,,公共基础课,中文,嘉定校区,"2025(机械设计制造及其自动化 04034),2025(机械电子工程 51014),2025(建筑电气与智能化 51034),2025(车辆工程 51035)",0,1,16,单海英(04047) 星期三7-8节 [1-15单] 广楼G205 单海英(04047) 星期五3-4节 [1-16] 广楼G205
CMS120604,线性代数B,3,,李灵光,14159,,公共基础课,中文,嘉定校区,"2025(能源与动力工程 04024),2025(能源与动力工程(应用化学双学士学位) 04065),2025(新能源材料与器件 08003),2025(商用大飞机校企联合人才培养创新模式实验班 45003),2025(飞行器制造工程 45024),2025(车辆工程 51035)",0,1,16,李灵光(14159) 星期一3-4节 [1-16] 广楼G205 李灵光(14159) 星期三1-2节 [2-16双] 广楼G205
CMS120605,线性代数B,3,,李灵光,14159,,公共基础课,中文,嘉定校区,2025(机械电子工程 51014),0,1,16,李灵光(14159) 星期一1-2节 [1-16] 广楼G205 李灵光(14159) 星期三5-6节 [2-16双] 广楼G205
CMS120701,概率论与数理统计,3,,王勇智,98713,,公共基础课,中文,嘉定校区,"2025(能源与动力工程(应用化学双学士学位) 04065),2025(材料科学与工程 08014),2025(电气工程及其自动化 10044),2025(微电子科学与工程(应用物理学双学士学位) 10078),2025(电子信息工程(国际班) 10080),2025(工程力学 45014),2025(基础学科拔尖基地(力学) 45092),2025(机械电子工程 51014),2025(建筑电气与智能化 51034),2025(车辆工程 51035)",0,1,16,王勇智(98713) 星期一9-11节 [1-16] 复楼F211
CMS120702,概率论与数理统计,3,,李莉娜,07105,,公共基础课,中文,四平路校区,2025(卓越计划班（机器人） 09104),0,1,16,李莉娜(07105) 星期二1-2节 [1-16] 北101 李莉娜(07105) 星期四5-6节 [2-16双] 北101
CMS120704,概率论与数理统计,3,,韩建智,14157,,公共基础课,中文,嘉定校区,"2025(自动化 10024),2025(软件工程 42014)",0,1,16,韩建智(14157) 星期二1-2节 [1-16] 复楼F202 韩建智(14157) 星期四3-4节 [1-15单] 复楼F202
CMS120705,概率论与数理统计,3,,韩建智,14157,,公共基础课,中文,嘉定校区,"2025(新能源材料与器件 08003),2025(微电子科学与工程 10007),2025(人工智能 10008),2025(信息安全 10064),2025(计算机科学与技术(图灵班) 10065)",0,1,16,韩建智(14157) 星期二3-4节 [1-16] 复楼F202 韩建智(14157) 星期四3-4节 [2-16双] 复楼F202
CMS120706,概率论与数理统计,3,,余磊,16064,,公共基础课,中文,嘉定校区,"2025(能源与动力工程(应用化学双学士学位) 04065),2025(材料科学与工程 08014),2025(电气工程及其自动化 10044),2025(微电子科学与工程(应用物理学双学士学位) 10078),2025(电子信息工程(国际班) 10080),2025(工程力学 45014),2025(基础学科拔尖基地(力学) 45092),2025(机械电子工程 51014),2025(建筑电气与智能化 51034),2025(车辆工程 51035)",0,1,16,余磊(16064) 星期一9-11节 [1-16] 复楼F213
CMS120707,概率论与数理统计,3,,余磊,16064,,公共基础课,中文,嘉定校区,"2025(通信工程 10054),2025(车辆工程(汽车) 19027),2025(中德智慧新能源车辆(创新实验区) 19033)",0,1,16,余磊(16064) 星期四9-11节 [1-16] 复楼F213
CMS120708,概率论与数理统计,3,,王国联,10107,,公共基础课,中文,嘉定校区,"2025(数据科学与大数据技术 10005),2025(计算机科学与技术 10014),2025(车辆工程 43002)",0,1,16,王国联(10107) 星期三9-11节 [1-16] 复楼F204
CMS120703,概率论与数理统计,3,,李莉娜,07105,,公共基础课,中文,四平路校区,2025(卓越计划班（智慧空间） 09102),0,1,16,李莉娜(07105) 星期一5-6节 [1-16] 北129 李莉娜(07105) 星期四1-2节 [2-16双] 北129
CMS120709,概率论与数理统计,3,,朱正天,25169,,公共基础课,中文,四平路校区,"2025(城乡规划(法学双学士学位) 02017),2025(土木工程 03014),2025(地质工程 03034),2025(土木工程(法学双学士学位) 03067),2025(环境科学(会计学双学士学位) 05036),2025(工程力学(强基计划) 09001),2025(未来技术班(智慧空间) 09050),2025(未来技术班(工程互联网) 09053),2025(地球物理学 31024)",0,1,16,朱正天(25169) 星期三3-4节 [1-15单] 北329 朱正天(25169) 星期五7-8节 [1-16] 北329
CMS120710,概率论与数理统计,3,,董玉超,21017,,公共基础课,中文,四平路校区,"2023(生物技术 17014),2025(工商管理(中法班) 01414),2025(城乡规划 02036),2025(智能建造 03005),2025(未来技术班(机器人) 09051),2025(海洋科学与技术 31027)",0,1,16,董玉超(21017) 星期三1-2节 [2-16双] 北301 董玉超(21017) 星期五7-8节 [1-16] 北301
CMS120711,概率论与数理统计,3,,宋珊珊,24023,,公共基础课,中文,四平路校区,2025(卓越计划班（工程互联网） 09103),0,1,16,宋珊珊(24023) 星期一7-8节 [1-16] 北301 宋珊珊(24023) 星期三1-2节 [1-15单] 北301
CMS120712,概率论与数理统计,3,,宋珊珊,24023,,公共基础课,中文,四平路校区,"2025(测绘工程 03044),2025(领军人才班(未来建造) 03076),2025(未来技术班(智能网联车辆) 09052),2025(海洋科学与技术(强基计划) 09057),2025(生物信息学 17024),2025(艺术设计学(人工智能双学士学位) 55094),2025(测绘工程(应用物理学双学士学位) 57001)",0,1,16,宋珊珊(24023) 星期一9-11节 [1-16] 北129
CMS341701,应用随机过程,3,,张晓昱,24104,,专业必修课,中英,四平路校区,"2024(金融学(数学与应用数学双学士学位) 01095),2024(统计学 12284),2025(统计学(二学位) 00307)",0,1,16,张晓昱(24104) 星期三7-8节 [2-16双] 衷和楼205 张晓昱(24104) 星期五5-6节 [1-16] 衷和楼205
CMS341702,应用随机过程,3,,张晓昱,24104,,个性化课程,中英,四平路校区,"2024(基础学科拔尖基地(数学) 00304),2024(数学与应用数学(华罗庚班) 00305),2024(数学与应用数学(强基计划) 09004),2024(数学与应用数学 12234),2025(数学与应用数学(二学位) 00306)",0,1,16,张晓昱(24104) 星期一9-11节 [1-16] 北101
,金融统计,3,,熊渊朴,25154,,专业选修课,中文,四平路校区,2023(统计学 12284),0,1,16,熊渊朴(25154) 星期六1-3节 [1-16] 不排教室
CMS000301,数学建模,2,,陈雄达,02142,,科学探索与生命关怀,中文,四平路校区,,0,1,16,陈雄达(02142) 星期四7-8节 [1-16] 南122
CMS000302,数学建模,2,,陈雄达,02142,,科学探索与生命关怀,中文,嘉定校区,,0,1,16,陈雄达(02142) 星期三7-8节 [1-16] 博楼B315
CMS320801,复变函数与积分变换,3,,何东泰,22216,,专业基础课,中文,四平路校区,"2025(电气工程及其自动化(精英班) 09015),2025(自动化(精英班) 09016),2025(通信工程(精英班) 09017),2025(人工智能(精英班) 09018),2025(微电子科学与工程(精英班) 09019),2025(未来技术班(智慧空间) 09050),2025(未来技术班(机器人) 09051),2025(未来技术班(智能网联车辆) 09052),2025(未来技术班(工程互联网) 09053)",0,1,16,何东泰(22216) 星期二1-2节 [1-16] 北229 何东泰(22216) 星期四1-2节 [2-16双] 北229
CMS320802,复变函数与积分变换,3,,周羚君,06078,,公共基础课,中英,嘉定校区,"2025(自动化 10024),2025(电气工程及其自动化 10044),2025(基础学科拔尖基地(力学) 45092)",0,1,16,周羚君(06078) 星期二3-4节 [1-16] 广楼G301 周羚君(06078) 星期四1-2节 [2-16双] 广楼G301
CMS320805,复变函数与积分变换,3,,周羚君,06078,,公共基础课,中英,嘉定校区,"2025(通信工程 10054),2025(人工智能(拔尖班) 10082)",0,1,16,周羚君(06078) 星期一9-11节 [1-16] 广楼G301
CMS320803,复变函数与积分变换,3,,周羚君,06078,,公共基础课,中英,嘉定校区,"2025(微电子科学与工程 10007),2025(人工智能 10008),2025(微电子科学与工程(应用物理学双学士学位) 10078),2025(电子信息工程(国际班) 10080)",0,1,16,周羚君(06078) 星期二1-2节 [1-16] 广楼G301 周羚君(06078) 星期四1-2节 [1-15单] 广楼G301
CMS352601,现代代数基础,3,,张子立,21513,null,专业选修课,中文,四平路校区,"2023(数学与应用数学 12234),2024(基础学科拔尖基地(数学) 00304),2024(数学与应用数学(华罗庚班) 00305),2024(数学与应用数学(强基计划) 09004),2024(数学与应用数学 12234)",0,1,16,张子立(21513) 星期二1-2节 [1-16] 北122 张子立(21513) 星期四7-8节 [2-16双] 北122
CMS340101,统计计算与软件,4,,"谭若虚,朱正天","23153,25169",",助理教授（长聘体系）",专业必修课,中文,四平路校区,"2024(土木工程(数学与应用数学双学士学位) 03065),2024(环境工程(数学与应用数学双学士学位) 05035),2024(统计学 12284)",0,1,16,谭若虚(23153) 星期二1-2节 [4-16] 数学学院机房(一二九大楼B区109) 朱正天(25169) 星期二1-2节 [1-3] 数学学院机房(一二九大楼B区109) 谭若虚(23153) 星期四3-4节 [4-16] 数学学院机房(一二九大楼B区109) 朱正天(25169) 星期四3-4节 [1-3] 数学学院机房(一二九大楼B区109)
CMS340102,统计计算与软件,4,,熊渊朴,25154,,专业选修课,中文,嘉定校区,"2024(交通工程 15014),2024(交通工程(数学与应用数学双学士学位) 15025)",0,1,16,熊渊朴(25154) 星期六5-5节 [1-16] 不安排教室
CMS450101,保险精算,3,,杨筱菡,02017,,专业选修课,中文,四平路校区,2023(统计学 12284),0,1,16,杨筱菡(02017) 星期二3-4节 [1-16] 南116 杨筱菡(02017) 星期五1-2节 [1-15单] 南112
CMS450501,非参数统计,3,,梁汉营,99076,,专业选修课,中文,四平路校区,"2023(土木工程(数学与应用数学双学士学位) 03065),2023(环境工程(数学与应用数学双学士学位) 05035),2023(统计学 12284),2025(统计学(二学位) 00307)",0,1,16,梁汉营(99076) 星期四9-11节 [1-16] 北413
CMS450502,非参数统计,3,,熊渊朴,25154,,个性化课程,中文,嘉定校区,2023(交通工程(数学与应用数学双学士学位) 15025),0,1,16,熊渊朴(25154) 星期五11-11节 [1-16] 不安排教室
CMS230101,常微分方程,4,,熊革,15032,,专业基础课,中文,四平路校区,2025(数学与应用数学(华罗庚班) 00305),0,1,16,熊革(15032) 星期一5-6节 [1-16] 北320 熊革(15032) 星期四5-6节 [1-16] 北320
CMS230102,常微分方程,4,,项杏飞,15031,,专业基础课,中文,四平路校区,"2025(数学类 00301),2025(基础学科拔尖基地(数学) 00304),2025(数学与应用数学(强基计划) 09004),2025(数学与应用数学(智能科学)(强基计划) 09056)",0,1,16,项杏飞(15031) 星期一5-6节 [1-16] 衷和楼205 项杏飞(15031) 星期四5-6节 [1-16] 衷和楼205
CMS231201,数学分析(下),4,,潘生亮,10023,,专业基础课,中文,四平路校区,2025(数学与应用数学(华罗庚班) 00305),0,1,16,潘生亮(10023) 星期一3-4节 [1-16] 北320 潘生亮(10023) 星期四3-4节 [1-16] 北320
CMS231202,数学分析(下),4,,王常亮,20520,null,专业基础课,中文,四平路校区,"2025(数学类 00301),2025(基础学科拔尖基地(数学) 00304),2025(数学与应用数学(强基计划) 09004),2025(数学与应用数学(智能科学)(强基计划) 09056)",0,1,16,王常亮(20520) 星期一3-4节 [1-16] 衷和楼201 王常亮(20520) 星期四3-4节 [1-16] 衷和楼201
CMS340401,泛函分析,4,,伊泽霖,21076,,专业必修课,中文,四平路校区,"2024(基础学科拔尖基地(数学) 00304),2024(数学与应用数学(强基计划) 09004),2024(数学与应用数学 12234),2024(统计学 12284),2025(数学与应用数学(二学位) 00306),2025(统计学(二学位) 00307)",0,1,16,伊泽霖(21076) 星期一1-2节 [1-16] 北229 伊泽霖(21076) 星期三5-6节 [1-16] 北229
CMS240101,抽象代数,4,,李灵光,14159,,专业必修课,中文,四平路校区,"2025(数学类 00301),2025(基础学科拔尖基地(数学) 00304),2025(数学与应用数学(强基计划) 09004)",0,1,16,李灵光(14159) 星期二3-4节 [1-16] 北217 李灵光(14159) 星期五3-4节 [1-16] 北217
CMS240102,抽象代数,4,,付强,04154,,专业必修课,中文,四平路校区,"2025(数学类 00301),2025(基础学科拔尖基地(数学) 00304),2025(数学与应用数学(强基计划) 09004)",0,1,16,付强(04154) 星期二3-4节 [1-16] 北212 付强(04154) 星期五3-4节 [1-16] 北212
CMS451301,金融产品未定权益案例分析,3,,梁进,05049,,专业选修课,中文,四平路校区,"2023(基础学科拔尖基地(数学) 00304),2023(数学与应用数学(强基计划) 09004),2023(数学与应用数学 12234),2023(统计学 12284),2025(数学与应用数学(二学位) 00306),2025(统计学(二学位) 00307)",0,1,16,梁进(05049) 星期四1-2节 [2-16双] 南122 梁进(05049) 星期五3-4节 [1-16] 南122
CMS352001,数学史与数学修养,2,,熊渊朴,25154,,专业选修课,中文,四平路校区,"2024(基础学科拔尖基地(数学) 00304),2024(数学与应用数学(华罗庚班) 00305),2024(数学与应用数学(强基计划) 09004),2024(数学与应用数学 12234),2024(统计学 12284)",0,1,16,熊渊朴(25154) 星期日3-4节 [1-16] 不排教室
CMS451601,控制论基础,3,,申丽娟,14123,,专业选修课,中文,四平路校区,"2023(基础学科拔尖基地(数学) 00304),2023(数学与应用数学 12234),2025(数学与应用数学(二学位) 00306)",0,1,16,申丽娟(14123) 星期一7-8节 [1-16] 衷和楼203 申丽娟(14123) 星期四1-2节 [1-15单] 衷和楼203
CMS352801,现代概率论基础,3,,孙文杰,21093,,专业选修课,中英,四平路校区,"2023(统计学 12284),2024(基础学科拔尖基地(数学) 00304),2024(数学与应用数学(华罗庚班) 00305),2024(数学与应用数学 12234)",0,1,16,孙文杰(21093) 星期三9-11节 [1-16] 南313
CMS451901,数论导引,3,,舒杰,17103,,专业选修课,中文,四平路校区,"2023(基础学科拔尖基地(数学) 00304),2023(数学与应用数学(强基计划) 09004),2023(数学与应用数学 12234),2023(统计学 12284),2025(数学与应用数学(二学位) 00306),2025(统计学(二学位) 00307)",0,1,16,舒杰(17103) 星期一3-4节 [1-16] 北121 舒杰(17103) 星期三3-4节 [2-16双] 北121
CMS130701,几何学初步,4,,余斌,07095,,专业基础课,中文,四平路校区,2025(数学类 00301),0,1,16,余斌(07095) 星期一7-8节 [1-16] 北101 余斌(07095) 星期四1-2节 [1-16] 北101
CMS340801,偏微分方程,4,,郭继瑞,22545,null,专业必修课,中文,四平路校区,"2024(基础学科拔尖基地(数学) 00304),2024(数学与应用数学(强基计划) 09004),2024(数学与应用数学 12234),2024(统计学 12284),2025(数学与应用数学(二学位) 00306),2025(统计学(二学位) 00307)",0,1,16,郭继瑞(22545) 星期一5-6节 [1-16] 衷和楼201 郭继瑞(22545) 星期三1-2节 [1-16] 衷和楼201
CMS261701,数学分析(下)习题课,2,,潘生亮,10023,,实践环节课程,中文,四平路校区,2025(数学与应用数学(华罗庚班) 00305),0,1,16,潘生亮(10023) 星期三3-4节 [1-16] 北320
CMS261702,数学分析(下)习题课,2,,王常亮,20520,null,实践环节课程,中文,四平路校区,"2025(数学类 00301),2025(基础学科拔尖基地(数学) 00304),2025(数学与应用数学(强基计划) 09004),2025(数学与应用数学(智能科学)(强基计划) 09056)",0,1,16,王常亮(20520) 星期三3-4节 [1-16] 衷和楼201
CMS352901,现代人工智能算法引论,3,,董玉超,21017,助理教授（长聘体系）,专业选修课,中英,四平路校区,"2024(基础学科拔尖基地(数学) 00304),2024(数学与应用数学(华罗庚班) 00305),2024(数学与应用数学(强基计划) 09004),2024(数学与应用数学 12234),2024(统计学 12284),2025(数学与应用数学(二学位) 00306),2025(统计学(二学位) 00307)",0,1,16,董玉超(21017) 星期三3-4节 [1-15单] 衷和楼205 董玉超(21017) 星期五1-2节 [1-16] 衷和楼201
CMS221802,概率论与数理统计(荣),4,,杨筱菡,02017,,公共基础课,中文,四平路校区,"2025(新能源材料与器件(精英班) 09008),2025(材料科学与工程(精英班) 09009),2025(信息安全(精英班) 09012),2025(电气工程及其自动化(精英班) 09015),2025(自动化(精英班) 09016),2025(通信工程(精英班) 09017),2025(微电子科学与工程(精英班) 09019),2025(飞行器制造工程(精英班) 09021),2025(工程力学(精英班) 09022),2025(风景园林(精英班) 09034),2025(城市设计(精英班) 09035),2025(交通工程(精英班) 09036),2025(交通运输(精英班) 09037),2025(工业设计(精英班) 09039),2025(车辆工程(精英班) 09040),2025(土木工程(精英班) 09042),2025(地质工程(精英班) 09043),2025(智能建造(精英班) 09044),2025(光电信息科学与工程(精英班) 09046),2025(车辆工程(汽车精英班) 09048),2025(卓越计划班（智能网联车辆） 09105)",0,1,16,杨筱菡(02017) 星期一3-4节 [1-16] 南129 杨筱菡(02017) 星期四3-4节 [1-16] 南129
CMS221803,概率论与数理统计(荣),4,,杨筱菡,02017,,公共基础课,中文,四平路校区,"2025(测绘工程(精英班) 09010),2025(计算机科学与技术(精英班) 09011),2025(数据科学与大数据技术(精英班) 09013),2025(人工智能(精英班) 09018),2025(环境工程(精英班) 09024),2025(给排水科学与工程(精英班) 09025),2025(机械设计制造及其自动化(精英班) 09026),2025(智能制造工程(精英班) 09028),2025(能源与动力工程(精英班) 09029),2025(建筑环境与能源应用工程(精英班) 09030),2025(建筑学(精英班) 09031),2025(历史建筑保护工程(精英班) 09032),2025(城乡规划(精英班) 09033),2025(软件工程(精英班) 09038)",0,1,16,杨筱菡(02017) 星期一5-6节 [1-16] 南129 杨筱菡(02017) 星期四5-6节 [1-16] 南129
CMS000601,大学数学选讲,2,,项家樑,87514,,科学探索与生命关怀,中文,四平路校区,,0,1,12,项家樑(87514) 星期三9-10节 [1-12] 北229
CMS000602,大学数学选讲,2,,项家樑,87514,,科学探索与生命关怀,中文,嘉定校区,,0,1,16,项家樑(87514) 星期四9-10节 [1-12] 复楼F104
CMS240201,抽象代数H,4,,芮和兵,17851,,专业必修课,中文,四平路校区,2025(数学与应用数学(华罗庚班) 00305),0,1,16,芮和兵(17851) 星期二3-4节 [1-16] 北320 芮和兵(17851) 星期五3-4节 [1-16] 北320
CMS340901,偏微分方程H,4,,郭宏骏,20516,null,专业必修课,中文,四平路校区,2024(数学与应用数学(华罗庚班) 00305),0,1,16,郭宏骏(20516) 星期一5-6节 [1-16] 南411 郭宏骏(20516) 星期三1-2节 [1-16] 南411
CMS340701,计算方法H,4,,孙树瑜,24201,,专业必修课,英语,四平路校区,2024(数学与应用数学(华罗庚班) 00305),0,1,16,孙树瑜(24201) 星期二3-4节 [1-16] 南408 孙树瑜(24201) 星期四3-4节 [1-16] 南408
CMS340501,泛函分析H,4,,符玄龙,24020,,专业必修课,中文,四平路校区,2024(数学与应用数学(华罗庚班) 00305),0,1,16,符玄龙(24020) 星期一1-2节 [1-16] 南412 符玄龙(24020) 星期三5-6节 [1-16] 南412
CMS352101,数学研究前沿选读1,3,,李忠华,08097,,专业选修课,中文,四平路校区,"2024(基础学科拔尖基地(数学) 00304),2024(数学与应用数学(华罗庚班) 00305),2024(数学与应用数学(强基计划) 09004),2024(数学与应用数学 12234),2024(统计学 12284)",0,1,16,李忠华(08097) 星期五9-11节 [1-16] 学院安排
CMS360701,华罗庚班科研训练3,1,,李忠华,08097,,实践环节课程,中文,四平路校区,2024(数学与应用数学(华罗庚班) 00305),0,1,16,李忠华(08097) 星期四1-2节 [2-16双] 学院安排
CMS341801,统计计算与软件,3,,熊渊朴,25154,,专业必修课,中文,四平路校区,2025(统计学(二学位) 00307),0,1,16,熊渊朴(25154) 星期日9-11节 [1-16] 不排教室
CMS352501,统计学习,3,,熊渊朴,25154,,专业选修课,中文,四平路校区,2025(统计学(二学位) 00307),0,1,16,熊渊朴(25154) 星期日5-7节 [1-16] 不排教室
CMS230401,概率论,4,,孙文杰,21093,,专业基础课,中文,四平路校区,2025(数学与应用数学(华罗庚班) 00305),0,1,16,孙文杰(21093) 星期一1-2节 [1-16] 北320 孙文杰(21093) 星期三7-8节 [1-16] 北320
CMS230402,概率论,4,,周叶青,21073,,专业基础课,中文,四平路校区,"2025(数学类 00301),2025(基础学科拔尖基地(数学) 00304),2025(数学与应用数学(强基计划) 09004),2025(数学与应用数学(智能科学)(强基计划) 09056)",0,1,16,周叶青(21073) 星期一1-2节 [1-16] 衷和楼201 周叶青(21073) 星期三7-8节 [1-16] 衷和楼201
CMS450301,人工智能与数学,3,,陈小杨,16528,,专业选修课,中文,四平路校区,"2023(基础学科拔尖基地(数学) 00304),2023(数学与应用数学 12234),2023(统计学 12284)",0,1,16,陈小杨(16528) 星期三5-6节 [1-16] 北119 陈小杨(16528) 星期五1-2节 [2-16双] 北119
CMS350401,数学物理基础,3,,郭继瑞,22545,null,专业选修课,中文,四平路校区,"2024(基础学科拔尖基地(数学) 00304),2024(数学与应用数学(华罗庚班) 00305),2024(数学与应用数学 12234),2024(统计学 12284)",0,1,16,郭继瑞(22545) 星期一3-4节 [1-16] 北117 郭继瑞(22545) 星期三7-8节 [1-15单] 北117
同济大学国际足球学院,,,,,,,,,,,,,,
,,,,,,,,,,,,,,
COF230601,体育科研方法,2,杨钦(讲师),杨钦,18139,,专业基础课,中文,四平路校区,2024(运动训练 00802),0,1,16,杨钦(18139) 星期三5-6节 [1-16] 南314
COF454101,体育市场营销,2,林若飞(助理教授（长聘体系）),林若飞,23113,,专业选修课,中文,四平路校区,2024(运动训练 00802),0,1,16,林若飞(23113) 星期五3-4节 [1-16] 南314
COF241201,体能训练理论与方法,2,曹晓东(讲师),曹晓东,24120,,专业必修课,中文,四平路校区,2025(运动训练 00802),0,1,16,曹晓东(24120) 星期三1-2节 [1-16] 南220
,体育政策与法规,2,沈寅豪(副教授),沈寅豪,11089,,专业选修课,中文,四平路校区,2024(运动训练 00802),0,1,16,沈寅豪(11089) 星期一3-4节 [1-16] 南312
COF454001,体育产业导论,2,胡小丽(助理教授（长聘体系）),胡小丽,21175,,专业选修课,中文,四平路校区,2024(运动训练 00802),0,1,16,胡小丽(21175) 星期一5-6节 [1-16] 南310
,数字体育,2,,胡小丽,21175,,专业选修课,中文,四平路校区,2024(运动训练 00802),0,1,16,胡小丽(21175) 星期日7-8节 [1-16] 不排教室
,电子竞技基础,2,,胡小丽,21175,,专业选修课,中文,四平路校区,2024(运动训练 00802),0,1,16,胡小丽(21175) 星期日5-6节 [1-16] 不排教室
COF253701,体育统计学,2,刘庆广(讲师),刘庆广,18103,,专业选修课,中文,四平路校区,2025(运动训练 00802),0,1,16,刘庆广(18103) 星期五1-2节 [1-16] 南220
COF454201,体育竞赛组织与管理,2,,胡小丽,21175,,专业选修课,中文,四平路校区,2024(运动训练 00802),0,1,16,胡小丽(21175) 星期日3-4节 [1-16] 不排教室
COF340801,体育与人工智能,2,王志远(副教授),"沈寅豪,周艳敏,王志鹏,刘庆广,王志远,程斌,蒋烁,丁玉隆,印真,林若飞,宋越,沙亦鹏,朱晗,曹晓东","11089,16023,17136,18103,19087,21009,21020,23073,23093,23113,23525,24001,24062,24120",",,,,,,,,,,,,,",专业必修课,中文,四平路校区,2024(运动训练 00802),0,1,16,印真(23093) 星期四5-6节 [16] 南314 王志鹏(17136) 星期四5-6节 [5] 南314 曹晓东(24120) 星期四5-6节 [15] 南314 朱晗(24062) 星期四5-6节 [14] 南314 程斌(21009) 星期四5-6节 [9] 南314 林若飞(23113) 星期四5-6节 [4] 南314 丁玉隆(23073) 星期四5-6节 [13] 南314 周艳敏(16023) 星期四5-6节 [6] 南314 宋越(23525) 星期四5-6节 [3] 南314 王志远(19087) 星期四5-6节 [1-2 10] 南314 刘庆广(18103) 星期四5-6节 [12] 南314 沙亦鹏(24001) 星期四5-6节 [8] 南314 沈寅豪(11089) 星期四5-6节 [7] 南314 蒋烁(21020) 星期四5-6节 [11] 南314
COF264501,专项教学理论与实践3,6,叶灿(),叶灿,24128,null,实践环节课程,中文,四平路校区,2025(运动训练 00802),0,1,16,叶灿(24128) 星期一1-2节 [1-16] 南220 叶灿(24128) 星期三5-6节 [1-16] 南校区3号足球场 叶灿(24128) 星期四5-6节 [1-16] 南校区3号足球场
COF000602,足球赏析,2,詹炜(副教授),詹炜,93762,,人文经典与审美素养,中文,嘉定校区,,0,1,16,詹炜(93762) 星期四7-8节 [1-12] 博楼B301
,运动损伤与康复,2,汪继兵(副教授),汪继兵,10113,,专业选修课,中文,四平路校区,2023(运动训练 00802),0,1,16,汪继兵(10113) 星期二3-4节 [1-16] 南109
COF352801,体育运动领导力,2,,胡小丽,21175,,专业选修课,中文,四平路校区,2023(运动训练 00802),0,1,16,胡小丽(21175) 星期日9-10节 [1-16] 不排教室
COF352601,体育政策和多元文化社会政策,2,,胡小丽,21175,,专业选修课,中文,四平路校区,2023(运动训练 00802),0,1,16,胡小丽(21175) 星期六9-10节 [1-16] 不排教室
COF353801,教练和教育原理,2,,游松辉,87125,,专业选修课,中文,四平路校区,2024(运动训练 00802),0,1,16,游松辉(87125) 星期日9-10节 [1-16] 不排教室
COF341401,体育管理学,2,林若飞(助理教授（长聘体系）),林若飞,23113,,专业必修课,中文,四平路校区,2024(运动训练 00802),0,1,16,林若飞(23113) 星期二3-4节 [1-16] 北311
COF253501,足球裁判实践,2,张铖(讲师),张铖,13011,,专业选修课,中文,四平路校区,2025(运动训练 00802),0,1,16,张铖(13011) 星期二1-2节 [1-16] 北205
COF351901,运动生物力学,2,,杨钦,18139,,专业选修课,中文,四平路校区,2024(运动训练 00802),0,1,16,杨钦(18139) 星期六9-10节 [1-16] 不排教室
COF364701,专项教学理论与实践5,6,王敏杰(讲师),王敏杰,22209,,实践环节课程,中文,四平路校区,2024(运动训练 00802),0,1,16,王敏杰(22209) 星期三1-2节 [1-16] 南320 王敏杰(22209) 星期四3-4节 [1-16] 爱校路2号足球场 王敏杰(22209) 星期五1-2节 [1-16] 爱校路2号足球场
COF352701,体育与国际政治关系,2,,胡小丽,21175,,专业选修课,中文,四平路校区,2023(运动训练 00802),0,1,16,胡小丽(21175) 星期六7-8节 [1-16] 不排教室
,数字化体育与电子竞技,2,,胡小丽,21175,,专业选修课,中文,四平路校区,2023(运动训练 00802),0,1,16,胡小丽(21175) 星期六5-6节 [1-16] 不排教室
COF353601,足球商业与市场营销,2,,胡小丽,21175,,专业选修课,中文,四平路校区,2023(运动训练 00802),0,1,16,胡小丽(21175) 星期日1-2节 [1-16] 不排教室
COF230501,运动训练学,4,张忠(副教授),张忠,90082,,专业基础课,中文,四平路校区,2025(运动训练 00802),0,1,16,张忠(90082) 星期一3-4节 [1-16] 南220 张忠(90082) 星期三3-4节 [1-16] 南220
COF230701,运动心理学,2,,林若飞,23113,,专业基础课,中文,四平路校区,2024(运动训练 00802),0,1,16,林若飞(23113) 星期六7-8节 [1-16] 不排教室
COF341501,体育产业经济学分析,2,王志远(副教授),王志远,19087,,专业必修课,中文,四平路校区,2024(运动训练 00802),0,1,16,王志远(19087) 星期二1-2节 [1-16] 北311
COF253901,体育创新创业（下）,1,沙亦鹏(助理教授（长聘体系）),沙亦鹏,24001,,专业选修课,中文,四平路校区,2025(运动训练 00802),0,1,8,沙亦鹏(24001) 星期五3-4节 [1-8] 南220
COF000802,体育创新与创业,2,沙亦鹏(助理教授（长聘体系）),沙亦鹏,24001,,社会发展与国际视野,中文,嘉定校区,,0,1,16,沙亦鹏(24001) 星期一7-8节 [1-12] 博楼B213
口腔医学院,,,,,,,,,,,,,,
,,,,,,,,,,,,,,
DEN250301,口腔生理学,1,张磊(),"米晓晖,张磊,叶颖,廖崇珊","06844,09804,17801,20151",",,,",专业选修课,中文,四平路校区,"2024(口腔医学 14025),2024(口腔医学“5+3”一体化拔尖创新实验班 14201)",0,1,10,"张磊(09804) 星期二3-4节 [2-3] 泰禾楼505 米晓晖(06844),廖崇珊(20151) 星期四5-7节 [4] 泰禾楼505 张磊(09804),叶颖(17801) 星期四5-7节 [9] 泰禾楼505 张磊(09804) 星期五3-3节 [1] 泰禾楼505 廖崇珊(20151) 星期五3-4节 [8] 泰禾楼505 张磊(09804) 星期五3-4节 [5] 泰禾楼505 叶颖(17801) 星期五3-4节 [7] 泰禾楼505"
DEN330401,口腔组织胚胎学,2,王海丞(),"章燕,王海丞","05822,17804",",",专业基础课,中文,四平路校区,"2024(口腔医学 14025),2024(口腔医学“5+3”一体化拔尖创新实验班 14201)",0,1,10,王海丞(17804) 星期二1-2节 [1-5单] 泰禾楼505 章燕(05822) 星期二1-2节 [2 6-9] 泰禾楼505 王海丞(17804) 星期三5-6节 [2] 泰禾楼505 章燕(05822) 星期五1-2节 [8] 泰禾楼505 王海丞(17804) 星期五1-2节 [1] 泰禾楼505 章燕(05822) 星期五5-8节 [10] 泰禾楼505 王海丞(17804) 星期五5-6节 [5-7单] 泰禾楼505 章燕(05822) 星期五5-6节 [4 9] 泰禾楼505
DEN440901,口腔材料学,1,范震(),"范震,章燕,王晓虹,叶颖,王方","04846,05822,07822,17801,95843",",,,,",个性化课程,中文,四平路校区,"2023(口腔医学 14025),2023(口腔医学“5+3”一体化拔尖创新实验班 14201)",0,1,12,叶颖(17801) 星期三1-2节 [6] 妍学楼304 范震(04846) 星期三1-2节 [1 11] 妍学楼304 王方(95843) 星期三1-2节 [8-10] 妍学楼304 王晓虹(07822) 星期三1-2节 [3-5单] 妍学楼304 章燕(05822) 星期三1-2节 [2] 妍学楼304
DEN471201,口腔颌面医学诊断学,2,李生娇(),"米晓晖,李生娇,李琳,陈袁伟,安康康","06844,07824,11801,1805109,98780",",,,,",专业必修课,中文,四平路校区,"2023(口腔医学 14025),2023(口腔医学“5+3”一体化拔尖创新实验班 14201)",0,1,16,李生娇(07824) 星期三3-4节 [1-3 5 8-11] 妍学楼304 李琳(11801) 星期三3-4节 [6] 妍学楼304 陈袁伟(1805109) 星期三3-4节 [13-16] 妍学楼304 米晓晖(06844) 星期三3-4节 [12] 妍学楼304 安康康(98780) 星期三3-4节 [7] 妍学楼304
DEN451301,口腔医学专业外语,2,张磊(),"张磊,倪娜,叶颖,周玥,冯妍慧芝","09804,11802,17801,20154,23149",",,,,",专业选修课,中文,四平路校区,"2023(口腔医学 14025),2023(口腔医学“5+3”一体化拔尖创新实验班 14201)",0,1,15,叶颖(17801) 星期四1-2节 [10-12] 妍学楼304 倪娜(11802) 星期四1-2节 [1 14] 妍学楼304 倪娜(11802) 星期四1-3节 [7] 妍学楼304 叶颖(17801) 星期四1-3节 [5] 妍学楼304 周玥(20154) 星期四1-3节 [2-4双 8-9] 妍学楼304 张磊(09804) 星期四1-3节 [6] 妍学楼304 冯妍慧芝(23149) 星期四9-11节 [13] 妍学楼304
DEN441701,牙体牙髓病学,5,张旗(),"葛剑平,李辰,王晓虹,李琳,张旗,李许演,周玥,王雅冰,安康康","04850,04851,07822,11801,12800,17803,20154,23150,98780",",,,,,,,null,",专业必修课,中文,四平路校区,"2023(口腔医学 14025),2023(口腔医学“5+3”一体化拔尖创新实验班 14201)",0,1,16,周玥(20154) 星期一1-2节 [5] 妍学楼304 李辰(04851) 星期一1-2节 [2 12-13] 妍学楼304 张旗(12800) 星期一1-2节 [1 9-11] 妍学楼304 王晓虹(07822) 星期一1-2节 [7-8 15] 妍学楼304 葛剑平(04850) 星期一1-2节 [3 6 14-16双] 妍学楼304 李许演(17803) 星期三5-6节 [9] 妍学楼304 安康康(98780) 星期三5-8节 [7] 妍学楼304 周玥(20154) 星期三5-7节 [2] 妍学楼304 李许演(17803) 星期三5-8节 [8 11] 妍学楼304 周玥(20154) 星期三5-8节 [10] 妍学楼304 王雅冰(23150) 星期三5-7节 [6] 妍学楼304 李许演(17803) 星期三5-7节 [5] 妍学楼304 李辰(04851) 星期五1-2节 [4] 妍学楼304 张旗(12800) 星期五1-2节 [1] 妍学楼304 李琳(11801) 星期五5-8节 [11-12] 妍学楼304 安康康(98780) 星期五5-8节 [13] 妍学楼304 王雅冰(23150) 星期五5-8节 [14-15] 妍学楼304
DEN441901,口腔颌面外科学（1）,4,王佐林(),"王佐林,康非吾,侯光宇,张雪明,夏正祥,李功臣,孙竞,王鹏","03175,03879,03881,05821,1701707,20155,91798,99742",",,,,,null,,",专业必修课,中文,四平路校区,"2023(口腔医学 14025),2023(口腔医学“5+3”一体化拔尖创新实验班 14201)",0,1,16,李功臣(20155) 星期一5-8节 [3-5单 13-15] 妍学楼304 李功臣(20155) 星期一5-7节 [9 12] 妍学楼304 孙竞(91798) 星期二3-4节 [13-16] 妍学楼304 王佐林(03175) 星期二3-4节 [1] 妍学楼304 康非吾(03879) 星期二3-4节 [10-12] 妍学楼304 侯光宇(03881) 星期二3-4节 [9] 妍学楼304 张雪明(05821) 星期二3-4节 [2-3 5] 妍学楼304 王鹏(99742) 星期二3-4节 [6-8] 妍学楼304 夏正祥(1701707) 星期五3-4节 [5] 妍学楼304 张雪明(05821) 星期五3-4节 [4] 妍学楼304 孙竞(91798) 星期五3-4节 [1] 妍学楼304 王鹏(99742) 星期五3-4节 [6] 妍学楼304
DEN562201,口腔实习（1）,20,周玥(),周玥,20154,,实践环节课程,中文,四平路校区,"2022(口腔医学 14025),2022(口腔医学“5+3”一体化拔尖创新实验班 14201)",0,1,16,周玥(20154) 星期一3-4节 [1-16] 口院临床 周玥(20154) 星期二1-4节 [1-16] 口院临床 周玥(20154) 星期三1-2节 [1-16] 口院临床 周玥(20154) 星期四5-8节 [1-16] 口院临床 周玥(20154) 星期五1-8节 [1-16] 口院临床
DEN442501,口腔修复学（1）,4,苏俭生(),"刘伟才,吴珺华,李家,陶建祥,张磊,俞懿强,李琼,苏俭生","03880,04849,06846,07821,09804,20152,23148,90759",",,,,,,null,",专业必修课,中文,四平路校区,"2023(口腔医学 14025),2023(口腔医学“5+3”一体化拔尖创新实验班 14201)",0,1,16,李家(06846) 星期一3-4节 [10-11] 妍学楼304 张磊(09804) 星期一3-4节 [15] 妍学楼304 苏俭生(90759) 星期一3-4节 [1 5-7] 妍学楼304 陶建祥(07821) 星期一3-4节 [2-3] 妍学楼304 俞懿强(20152) 星期一3-4节 [16] 妍学楼304 刘伟才(03880) 星期一3-4节 [8-9] 妍学楼304 吴珺华(04849) 星期一3-4节 [12-14] 妍学楼304 苏俭生(90759) 星期四3-4节 [1] 妍学楼304 李琼(23148) 星期日5-7节 [5-15] 妍学楼304
新生院,,,,,,,,,,,,,,
,,,,,,,,,,,,,,
CNS130201,设计导论,2,,田唯佳,14167,,专业基础课,中文,四平路校区,"2025(建筑学(精英班) 09031),2025(历史建筑保护工程(精英班) 09032)",0,1,16,田唯佳(14167) 星期一9-10节 [1-16] 南101
国豪书院,,,,,,,,,,,,,,
,,,,,,,,,,,,,,
GHC220701,智能数据分析,3,卫志华(),"卫志华,沈雯","00782,24075",",",公共基础课,中文,四平路校区,"2025(未来技术班(智慧空间) 09050),2025(未来技术班(机器人) 09051),2025(未来技术班(智能网联车辆) 09052),2025(未来技术班(工程互联网) 09053)",0,1,16,卫志华(00782) 星期三1-2节 [1 7-15单] 南313 沈雯(24075) 星期三1-2节 [3-5单] 南313 沈雯(24075) 星期五3-4节 [2-6] 南313 卫志华(00782) 星期五3-4节 [1 7-16] 南313
GHC231401,现代电子技术,4,,"刘芳,唐坤良,霍勇","05126,91084,91783",",讲师,讲师",领域基础课,中文,四平路校区,"2025(未来技术班(智慧空间) 09050),2025(未来技术班(机器人) 09051),2025(未来技术班(智能网联车辆) 09052),2025(未来技术班(工程互联网) 09053)",0,1,16,刘芳(05126) 星期三7-8节 [1-8] 南313 唐坤良(91084) 星期三7-8节 [9-13] 南313 霍勇(91783) 星期三7-8节 [14-16] 南313 刘芳(05126) 星期五5-6节 [1-8] 南313 唐坤良(91084) 星期五5-6节 [9-13] 南313 霍勇(91783) 星期五5-6节 [14-16] 南313
计算机科学与技术学院,,,,,,,,,,,,,,
,,,,,,,,,,,,,,
CST290401,数据结构与算法设计,3,,张苗苗,04205,,领域基础课,中文,四平路校区,2025(卓越计划班（工程互联网） 09103),0,1,16,张苗苗(04205) 星期一3-4节 [1-16] 北114 张苗苗(04205) 星期三3-4节 [1-15单] 北114
CST290402,数据结构与算法设计,3,,孙萍,08083,,领域基础课,中文,四平路校区,2025(卓越计划班（工程互联网） 09103),0,1,16,孙萍(08083) 星期一3-4节 [1-16] 北115 孙萍(08083) 星期三3-4节 [1-15单] 北115
CST290403,数据结构与算法设计,3,,王浩然,25058,预聘副教授,领域基础课,中文,四平路校区,2025(卓越计划班（智能网联车辆） 09105),0,1,16,王浩然(25058) 星期一7-8节 [1-16] 北114 王浩然(25058) 星期三5-6节 [1-15单] 北114
CST290404,数据结构与算法设计,3,,杜爱民,01110,,领域基础课,中文,四平路校区,2025(卓越计划班（智能网联车辆） 09105),0,1,16,杜爱民(01110) 星期一9-11节 [1-16] 北121
CST290405,数据结构与算法设计,3,,"刘春梅,王俊丽","06102,07149",",",领域基础课,中文,四平路校区,2025(卓越计划班（机器人） 09104),0,1,16,王俊丽(07149) 星期一9-11节 [9-16] 北105 刘春梅(06102) 星期一9-11节 [1-8] 北105
CST290406,数据结构与算法设计,3,,喻剑,12209,,领域基础课,中文,四平路校区,2025(卓越计划班（机器人） 09104),0,1,16,喻剑(12209) 星期一9-11节 [1-16] 北107
CST231301,JAVA语言程序设计,2,,贺向东,91752,,专业必修课,中文,四平路校区,2025(信息管理与信息系统 01024),0,1,16,贺向东(91752) 星期一5-6节 [1-16] 北319
CST351302,计算机系统结构,3,,陆有军,93419,,专业选修课,中文,嘉定校区,"2024(计算机科学与技术(精英班) 09011),2024(计算机科学与技术 10014),2024(计算机科学与技术(图灵班) 10065)",0,1,16,陆有军(93419) 星期三9-11节 [1-16] 广楼G204
CST351301,计算机系统结构,3,,秦国锋,04171,,专业选修课,中文,嘉定校区,"2024(计算机科学与技术(精英班) 09011),2024(计算机科学与技术 10014),2024(计算机科学与技术(图灵班) 10065)",0,1,16,秦国锋(04171) 星期二3-4节 [1-15单] 复楼F104 秦国锋(04171) 星期三3-4节 [1-16] 复楼F104
CST450101,IT项目管理,2,,钟计东,07047,,专业选修课,中文,嘉定校区,"2023(计算机科学与技术 10014),2023(信息安全 10064)",0,1,16,钟计东(07047) 星期六3-4节 [1-16] 学院安排
CST450701,软件测试基础,2,,曹建平,93175,,专业选修课,中文,嘉定校区,"2023(计算机科学与技术 10014),2023(信息安全 10064)",0,1,16,曹建平(93175) 星期四5-6节 [1-16] 博楼B112
CST450301,计算机取证,2,,钟计东,07047,,专业选修课,中文,嘉定校区,2023(信息安全 10064),0,1,16,钟计东(07047) 星期三1-2节 [1-16] 安楼A405
CST340402,机器学习,2,,"李洁,倪张凯","10001,22134",",",专业必修课,中文,嘉定校区,"2024(数据科学与大数据技术(精英班) 09013),2024(数据科学与大数据技术 10005),2024(计算机科学与技术 10014),2024(信息安全 10064),2024(计算机科学与技术(图灵班) 10065)",0,1,16,"李洁(10001),倪张凯(22134) 星期一7-8节 [1-16] 复楼F213"
CST450501,脑认知与智能计算,2,,孙杳如,08144,,专业选修课,中英,嘉定校区,"2023(数据科学与大数据技术 10005),2023(计算机科学与技术 10014),2023(信息安全 10064),2023(计算机科学与技术(图灵班) 10065)",0,1,16,孙杳如(08144) 星期三7-8节 [1-16] 安楼A410
CST120501,C/C++程序设计,3,,彭瑞,07110,,公共基础课,中文,四平路校区,"2025(信息管理与信息系统 01024),2025(生物技术 17014),2025(法学 52014),2025(政治学与行政学 53014),2025(政治学与行政学(PPE创新实验区) 53015)",0,1,16,彭瑞(07110) 星期四7-8节 [1-16] 南313 彭瑞(07110) 星期五1-2节 [2-16双] 学校机房(四平路)
CST120503,C/C++程序设计,3,,高枚,93420,,公共基础课,中文,嘉定校区,"2025(能源与动力工程 04024),2025(能源与动力工程(应用化学双学士学位) 04065),2025(新能源材料与器件 08003),2025(商用大飞机校企联合人才培养创新模式实验班 45003),2025(飞行器制造工程 45024),2025(建筑电气与智能化 51034),2025(车辆工程 51035)",0,1,16,高枚(93420) 星期一1-2节 [1-16] 复楼F211 高枚(93420) 星期三1-2节 [1-15单] 嘉定校区机房
CST120502,C/C++程序设计,3,,高枚,93420,,公共基础课,中文,嘉定校区,2025(机械电子工程 51014),0,1,16,高枚(93420) 星期一3-4节 [1-16] 复楼F211 高枚(93420) 星期三5-6节 [1-15单] 嘉定校区机房
CST120401,C#.NET程序设计,3,,朱君波,04116,,公共基础课,中文,四平路校区,"2025(法学 52014),2025(政治学与行政学 53014),2025(政治学与行政学(PPE创新实验区) 53015)",0,1,16,朱君波(04116) 星期日9-11节 [1-16] 不排教室
CST230201,离散数学,3,,刘锡伟,10111,,专业基础课,中文,四平路校区,"2025(计算机科学与技术(精英班) 09011),2025(信息安全(精英班) 09012),2025(数据科学与大数据技术(精英班) 09013)",0,1,16,刘锡伟(10111) 星期一1-2节 [1-15单] 南329 刘锡伟(10111) 星期四1-2节 [1-16] 南329
CST230202,离散数学,3,,王成,14508,,专业基础课,中文,嘉定校区,"2025(计算机科学与技术 10014),2025(计算机科学与技术(图灵班) 10065)",0,1,16,王成(14508) 星期一9-11节 [1-16] 安楼A404
CST230203,离散数学,3,,刘锡伟,10111,,专业基础课,中文,嘉定校区,"2025(数据科学与大数据技术 10005),2025(信息安全 10064),2025(数据科学与大数据技术(数据科学与智能决策实验区) 81001)",0,1,16,刘锡伟(10111) 星期一5-6节 [1-15单] 安楼A408 刘锡伟(10111) 星期四5-6节 [1-16] 安楼A408
CST340901,形式语言与自动机,2,,季洪飞,93146,,专业必修课,中文,嘉定校区,"2024(计算机科学与技术(精英班) 09011),2024(信息安全(精英班) 09012),2024(计算机科学与技术 10014),2024(信息安全 10064),2024(计算机科学与技术(图灵班) 10065)",0,1,16,季洪飞(93146) 星期三3-4节 [1-16] 复楼F204
CST340902,形式语言与自动机,2,,季洪飞,93146,,专业必修课,中文,嘉定校区,"2024(计算机科学与技术(精英班) 09011),2024(信息安全(精英班) 09012),2024(计算机科学与技术 10014),2024(信息安全 10064),2024(计算机科学与技术(图灵班) 10065)",0,1,16,季洪飞(93146) 星期三5-6节 [1-16] 复楼F204
CST450901,网络防御与安全评估,2,,刘军,91753,,专业选修课,中文,嘉定校区,"2023(计算机科学与技术 10014),2023(信息安全 10064)",0,1,16,刘军(91753) 星期五1-2节 [1-16] 博楼B104
CST352501,数据挖掘,2,,陈宇飞,12096,,专业选修课,中文,嘉定校区,"2023(计算机科学与技术 10014),2023(信息安全 10064),2024(数据科学与大数据技术 10005),2024(计算机科学与技术(图灵班) 10065)",0,1,16,陈宇飞(12096) 星期五5-6节 [1-16] 复楼F204
CST451101,移动和社会网络安全与隐私保护,2,,曹建平,93175,,专业选修课,中文,嘉定校区,2023(信息安全 10064),0,1,16,曹建平(93175) 星期四3-4节 [1-16] 安楼A307
CST450201,服务计算概论,2,,刘锡伟,10111,,专业选修课,中文,嘉定校区,"2023(数据科学与大数据技术 10005),2023(人工智能 10008),2023(计算机科学与技术 10014),2023(自动化 10024),2023(信息安全 10064),2023(计算机科学与技术(图灵班) 10065)",0,1,16,刘锡伟(10111) 星期日7-8节 [1-16] 不排教室
CST450801,软件形式化技术,2,,王小平,98715,,专业选修课,中文,嘉定校区,"2023(计算机科学与技术 10014),2023(信息安全 10064),2023(计算机科学与技术(图灵班) 10065)",0,1,16,王小平(98715) 星期六5-6节 [1-16] 不排教室
CST351201,计算机图形学,2,,赵君峤,13182,,专业选修课,英语,嘉定校区,"2024(数据科学与大数据技术 10005),2024(计算机科学与技术 10014),2024(信息安全 10064)",0,1,16,赵君峤(13182) 星期四7-8节 [1-16] 安楼A316
CST361101,数据库系统原理课程设计,1,,关佶红,05222,,实践环节课程,中文,嘉定校区,"2024(计算机科学与技术(精英班) 09011),2024(信息安全(精英班) 09012),2024(数据科学与大数据技术(精英班) 09013)",0,1,16,关佶红(05222) 星期四1-2节 [1-15单] 不排教室
CST361102,数据库系统原理课程设计,1,,李文根,19034,,实践环节课程,中文,嘉定校区,"2024(数据科学与大数据技术 10005),2024(计算机科学与技术 10014),2024(信息安全 10064),2024(计算机科学与技术(图灵班) 10065)",0,1,16,李文根(19034) 星期四1-2节 [1-15单] 不排教室
CST361103,数据库系统原理课程设计,1,,张毅超,15012,,实践环节课程,中文,嘉定校区,"2024(数据科学与大数据技术 10005),2024(计算机科学与技术 10014),2024(信息安全 10064),2024(计算机科学与技术(图灵班) 10065)",0,1,16,张毅超(15012) 星期四1-2节 [1-15单] 不排教室
CST350901,电子设计自动化,2,,孙海平,07166,,专业选修课,中文,嘉定校区,"2024(计算机科学与技术 10014),2024(信息安全 10064)",0,1,16,孙海平(07166) 星期一3-4节 [1-16] 安楼A307
CST001101,多媒体技术基础(土木),3,,李湘梅,93760,,工程能力与创新思维,中文,四平路校区,"2024(汉语言(汉语国际教育方向) 13001),2024(汉语言(经贸方向) 13014)",0,1,16,李湘梅(93760) 星期一9-11节 [3 6 9-15单] 学校机房(四平路) 李湘梅(93760) 星期一9-11节 [1-2 4-5 7-8 10-16双] 南129
CST120601,Python程序设计,3,,李湘梅,93760,,公共基础课,中文,四平路校区,"2025(工商管理(中法班) 01414),2025(建筑环境与能源应用工程 02011),2025(环境科学(会计学双学士学位) 05036),2025(生物技术 17014),2025(法学 52014),2025(政治学与行政学 53014),2025(政治学与行政学(PPE创新实验区) 53015)",0,1,16,李湘梅(93760) 星期四9-10节 [2-16双] 学校机房(四平路) 李湘梅(93760) 星期五5-6节 [1-16] 南201
CST120602,Python程序设计,3,,杨志强,91024,,公共基础课,中文,嘉定校区,"2024(车辆工程 43002),2025(智能制造工程 04009),2025(能源与动力工程 04024),2025(能源与动力工程(应用化学双学士学位) 04065),2025(新能源材料与器件 08003),2025(商用大飞机校企联合人才培养创新模式实验班 45003),2025(飞行器制造工程 45024)",0,1,16,杨志强(91024) 星期四9-11节 [1-16] 复楼F211
CST220601,数据科学,3,,肖杨,11161,,专业选修课,中文,四平路校区,2023(信息管理与信息系统 01024),0,1,16,肖杨(11161) 星期日9-11节 [1-16] 不排教室
CST120701,VB.NET程序设计,3,,朱君波,04116,,公共基础课,中文,四平路校区,"2025(生物技术 17014),2025(法学 52014),2025(政治学与行政学 53014),2025(政治学与行政学(PPE创新实验区) 53015)",0,1,16,朱君波(04116) 星期六9-11节 [1-16] 不排教室
CST220901,数据库技术与应用,3,,王睿智,08088,,公共基础课,中文,嘉定校区,2024(机械电子工程 51014),0,1,16,王睿智(08088) 星期三9-11节 [1-16] 复楼F211
CST220902,数据库技术与应用,3,,王睿智,08088,,公共基础课,中文,四平路校区,"2025(工程管理 01014),2025(信息管理与信息系统 01024),2025(会计学 01074),2025(金融学 01084),2025(金融学(数学与应用数学双学士学位) 01095),2025(智能制造工程(精英班) 09028)",0,1,16,王睿智(08088) 星期一7-8节 [2-16双] 学校机房(四平路) 王睿智(08088) 星期二3-4节 [1-16] 北229
CST220903,数据库技术与应用,3,,唐剑锋,03006,,公共基础课,中文,嘉定校区,"2025(中德机械工程与机器人(创新实验区) 04004),2025(智能制造工程 04009)",0,1,16,唐剑锋(03006) 星期四5-6节 [2-16双] 博楼B114 唐剑锋(03006) 星期五9-10节 [1-16] 博楼B114
CST220301,多媒体技术与应用,3,,李湘梅,93760,,公共基础课,中文,四平路校区,"2025(汉语言(汉语国际教育方向) 13001),2025(汉语言(经贸方向) 13014)",0,1,16,李湘梅(93760) 星期一9-11节 [3 6 9-15单] 学校机房(四平路) 李湘梅(93760) 星期一9-11节 [1-2 4-5 7-8 10-16双] 南129
CST220501,软件开发技术与应用,3,,高枚,93420,,公共基础课,中文,嘉定校区,2024(机械电子工程 51014),0,1,16,高枚(93420) 星期六9-11节 [1-16] 不排教室
CST460201,毕业实训（计算机）,8,,李文根,19034,,实践环节课程,中文,嘉定校区,"2023(计算机科学与技术 10014),2023(计算机科学与技术(图灵班) 10065)",0,1,16,李文根(19034) 星期三1-2节 [1-16] 不排教室
CST460401,毕业实训（信息安全）,8,,李文根,19034,,实践环节课程,中文,嘉定校区,2023(信息安全 10064),0,1,16,李文根(19034) 星期二1-2节 [1-16] 不排教室
CST451201,移动计算,2,,程久军,06094,,专业选修课,中文,嘉定校区,"2023(计算机科学与技术 10014),2023(信息安全 10064)",0,1,16,程久军(06094) 星期三7-8节 [1-16] 博楼B317
CST352601,随机过程,3,,杨恺,16058,,专业选修课,中文,嘉定校区,"2024(数据科学与大数据技术(精英班) 09013),2024(数据科学与大数据技术 10005)",0,1,16,杨恺(16058) 星期三9-11节 [1-16] 安楼A408
CST352602,随机过程,3,,汪子乔,24170,,专业选修课,中文,嘉定校区,2024(计算机科学与技术(图灵班) 10065),0,1,16,汪子乔(24170) 星期四9-11节 [1-16] 博楼B402
CST340601,数据采集与集成技术,2,,郭玉臣,99783,,专业必修课,中文,嘉定校区,"2024(数据科学与大数据技术(精英班) 09013),2024(数据科学与大数据技术 10005)",0,1,16,郭玉臣(99783) 星期五1-2节 [1-16] 安楼A204
CST350301,并行与分布式系统架构技术,2,,张毅超,15012,,专业选修课,中文,嘉定校区,"2024(数据科学与大数据技术 10005),2024(计算机科学与技术 10014),2024(信息安全 10064)",0,1,16,张毅超(15012) 星期三7-8节 [1-16] 安楼A204
CST352801,网络数据风控技术,2,,叶晨,03180,,专业选修课,中文,嘉定校区,"2024(数据科学与大数据技术 10005),2024(计算机科学与技术 10014),2024(信息安全 10064),2024(计算机科学与技术(图灵班) 10065)",0,1,16,叶晨(03180) 星期三1-2节 [1-16] 博楼B111
CST450401,计算智能技术,2,,张军旗,09044,,专业选修课,中文,嘉定校区,2023(数据科学与大数据技术 10005),0,1,16,张军旗(09044) 星期日1-2节 [1-16] 不排教室
CST451301,最优化方法,2,,曹晓锋,25073,,专业选修课,中文,嘉定校区,"2023(数据科学与大数据技术 10005),2023(计算机科学与技术(图灵班) 10065)",0,1,16,曹晓锋(25073) 星期三5-6节 [1-16] 安楼A114
CST460301,毕业实训（数据科学）,6,,李文根,19034,,实践环节课程,中文,嘉定校区,2023(数据科学与大数据技术 10005),0,1,16,李文根(19034) 星期一1-2节 [1-16] 不排教室
CST230501,数据结构与算法设计1,3,,张亚英,05152,,专业基础课,中文,嘉定校区,"2025(数据科学与大数据技术 10005),2025(计算机科学与技术(图灵班) 10065)",0,1,16,张亚英(05152) 星期一3-4节 [1-16] 博楼B116 张亚英(05152) 星期三3-4节 [1-15单] 博楼B116
CST250301,组合数学,2,,刘关俊,13166,教授,专业基础课,中文,嘉定校区,"2024(数据科学与大数据技术(精英班) 09013),2025(数据科学与大数据技术 10005),2025(计算机科学与技术(图灵班) 10065)",0,1,16,刘关俊(13166) 星期五5-6节 [1-16] 安楼A310
CST230101,计算机科学导论,2,,宋井宽,24011,长聘特聘教授,专业基础课,中文,嘉定校区,2025(计算机科学与技术(图灵班) 10065),0,1,16,宋井宽(24011) 星期三5-6节 [1-16] 安楼A106
CST230102,计算机科学导论,2,,赵君峤,13182,,专业基础课,中文,嘉定校区,2025(计算机科学与技术 10014),0,1,16,赵君峤(13182) 星期四3-4节 [1-16] 安楼A308
CST230701,数据科学导论,2,,李文根,19034,,专业基础课,中文,四平路校区,2025(经济管理类(数据科学与智能决策实验区) 01098),0,1,16,李文根(19034) 星期日7-8节 [1-16] 不排教室
CST230702,数据科学导论,2,,"卫志华,苗夺谦,何良华,王瀚漓,李文根","00782,02039,07178,10073,19034",",,,,",专业基础课,中文,嘉定校区,2025(数据科学与大数据技术 10005),0,1,16,"卫志华(00782),苗夺谦(02039),何良华(07178),王瀚漓(10073),李文根(19034) 星期四3-4节 [1-16] 博楼B111"
CST160201,高级语言程序设计实验,2,,沈坚,92765,,专业选修课,中文,四平路校区,2025(艺术设计学(人工智能双学士学位) 55094),0,1,16,沈坚(92765) 星期日7-8节 [1-16] 不排教室
CST160202,高级语言程序设计实验,2,,沈坚,92765,,实践环节课程,中文,嘉定校区,,0,1,16,沈坚(92765) 星期五7-8节 [1-16] 安楼A306
CST160203,高级语言程序设计实验,2,,沈坚,92765,,实践环节课程,中文,嘉定校区,,0,1,16,沈坚(92765) 星期五9-10节 [1-16] 安楼A304
CST352401,数据库与数据仓库技术,2,,张红云,05124,,专业选修课,中文,四平路校区,"2024(生物技术(强基计划) 09003),2024(基础学科拔尖基地(生命科学) 17025)",0,1,16,张红云(05124) 星期日5-6节 [1-16] 不排教室
CST231101,智能信息处理技术（上）,2,,"李洁,郭玉臣","10001,99783",",",专业基础课,中文,四平路校区,"2025(智能建造 03005),2025(地质工程(精英班) 09043),2025(智能建造(精英班) 09044)",0,1,16,"李洁(10001) 星期三7-8节 [8-15] 南309 李洁(10001),郭玉臣(99783) 星期三7-8节 [16] 南309 郭玉臣(99783) 星期三7-8节 [1-7] 南309"
CST002402,移动计算导论,2,,程久军,06094,,工程能力与创新思维,中文,嘉定校区,,0,1,16,程久军(06094) 星期三9-10节 [1-16] 博楼B317
CST230401,数据结构,4,,武妍,92724,,专业基础课,中文,四平路校区,"2024(应用物理学(强基计划) 09005),2025(生物技术(强基计划) 09003),2025(计算机科学与技术(精英班) 09011),2025(信息安全(精英班) 09012),2025(数学与应用数学(智能科学)(强基计划) 09056)",0,1,16,武妍(92724) 星期三5-6节 [1-16] 衷和楼205 武妍(92724) 星期五5-6节 [1-16] 北329
CST230404,数据结构,4,,"高珍,沈雯","05119,24075",",助理教授（长聘体系）",专业基础课,中文,嘉定校区,"2025(计算机科学与技术 10014),2025(信息安全 10064),2025(数据科学与大数据技术(数据科学与智能决策实验区) 81001)",0,1,16,沈雯(24075) 星期三3-4节 [9-16] 博楼B106 高珍(05119) 星期三3-4节 [1-8] 博楼B106 高珍(05119) 星期五3-4节 [1-8] 博楼B106 沈雯(24075) 星期五3-4节 [9-16] 博楼B106
CST230402,数据结构,4,,柳先辉,04085,,专业基础课,中文,四平路校区,"2025(计算机科学与技术(精英班) 09011),2025(数据科学与大数据技术(精英班) 09013)",0,1,16,柳先辉(04085) 星期一3-4节 [1-16] 南313 柳先辉(04085) 星期三5-6节 [1-16] 瑞安楼阶1
CST230403,数据结构,4,,王晓国,92194,教授,专业基础课,中文,嘉定校区,"2025(计算机科学与技术 10014),2025(信息安全 10064),2025(数据科学与大数据技术(数据科学与智能决策实验区) 81001)",0,1,16,王晓国(92194) 星期一3-4节 [1-16] 安楼A206 王晓国(92194) 星期三3-4节 [1-16] 安楼A206
CST340302,操作系统,4,,邓蓉,98712,,专业必修课,中文,嘉定校区,"2024(计算机科学与技术(精英班) 09011),2024(信息安全(精英班) 09012),2024(数据科学与大数据技术(精英班) 09013),2024(计算机科学与技术(图灵班) 10065)",0,1,16,邓蓉(98712) 星期一5-6节 [1-16] 复楼F204 邓蓉(98712) 星期四3-4节 [1-16] 复楼F204
CST340301,操作系统,4,,方钰,06097,,专业必修课,中文,嘉定校区,"2024(数据科学与大数据技术 10005),2024(计算机科学与技术 10014),2024(信息安全 10064)",0,1,16,方钰(06097) 星期二1-2节 [1-16] 广楼G204 方钰(06097) 星期四3-4节 [1-16] 广楼G204
CST352002,软件工程,3,,龚晓亮,12112,高级工程师,专业必修课,中文,嘉定校区,"2024(计算机科学与技术(精英班) 09011),2024(数据科学与大数据技术 10005),2024(计算机科学与技术 10014),2024(信息安全 10064),2024(计算机科学与技术(图灵班) 10065)",0,1,16,龚晓亮(12112) 星期四5-7节 [1-16] 广楼G204
CST352001,软件工程,3,,"曾国荪,赵君峤","00095,13182",",长聘副教授",专业必修课,中文,嘉定校区,"2024(计算机科学与技术(精英班) 09011),2024(数据科学与大数据技术 10005),2024(计算机科学与技术 10014),2024(信息安全 10064),2024(计算机科学与技术(图灵班) 10065)",0,1,16,赵君峤(13182) 星期二3-4节 [2-16双] 广楼G304 曾国荪(00095) 星期四5-6节 [1-16] 广楼G304
CST240401,算法分析与设计,3,,王俊丽,07149,,个性化课程,中文,四平路校区,"2024(应用化学(强基计划) 09002),2024(数学与应用数学(强基计划) 09004)",0,1,16,王俊丽(07149) 星期六9-11节 [1-16] 不排教室
CST340502,计算机网络,3,,"刘庆文,熊明亮","16016,24191","教授,",专业必修课,中文,嘉定校区,"2024(计算机科学与技术(精英班) 09011),2024(信息安全(精英班) 09012),2024(数据科学与大数据技术(精英班) 09013)",0,1,16,刘庆文(16016) 星期四9-11节 [1-8] 博楼B110 熊明亮(24191) 星期四9-11节 [9-16] 博楼B110
CST340501,计算机网络,3,,"刘庆文,熊明亮","16016,24191",",助理教授（长聘体系）",专业必修课,中文,嘉定校区,"2024(计算机科学与技术(精英班) 09011),2024(信息安全(精英班) 09012),2024(数据科学与大数据技术(精英班) 09013)",0,1,16,熊明亮(24191) 星期一9-11节 [9-16] 博楼B210 刘庆文(16016) 星期一9-11节 [1-8] 博楼B210
CST340503,计算机网络,3,,田春岐,07119,,专业必修课,中文,嘉定校区,"2024(计算机科学与技术 10014),2024(信息安全 10064),2024(计算机科学与技术(图灵班) 10065)",0,1,16,田春岐(07119) 星期一9-11节 [1-16] 博楼B212
CST340504,计算机网络,3,,陆有军,93419,,专业必修课,中文,嘉定校区,"2024(计算机科学与技术 10014),2024(信息安全 10064),2024(计算机科学与技术(图灵班) 10065)",0,1,16,陆有军(93419) 星期一9-11节 [1-16] 博楼B214
CST340505,计算机网络,3,,范桂云,25175,null,专业必修课,中文,嘉定校区,2024(数据科学与大数据技术 10005),0,1,16,范桂云(25175) 星期四9-11节 [1-16] 博楼B106
CST230301,面向对象程序设计,2,,沈坚,92765,,专业基础课,中文,四平路校区,2025(经济管理类(数据科学与智能决策实验区) 01098),0,1,16,沈坚(92765) 星期日5-6节 [1-16] 不排教室
CST230302,面向对象程序设计,2,,沈坚,92765,,专业基础课,中文,嘉定校区,"2025(数据科学与大数据技术 10005),2025(计算机科学与技术 10014),2025(信息安全 10064),2025(计算机科学与技术(图灵班) 10065)",0,1,16,沈坚(92765) 星期五1-2节 [1-16] 安楼A410
CST230303,面向对象程序设计,2,,沈坚,92765,,专业基础课,中文,嘉定校区,"2025(数据科学与大数据技术 10005),2025(计算机科学与技术 10014),2025(信息安全 10064),2025(计算机科学与技术(图灵班) 10065)",0,1,16,沈坚(92765) 星期五3-4节 [1-16] 安楼A410
CST450601,嵌入式系统,2,,"吴坚,郭玉臣","95405,99783","高级工程师,",专业选修课,中文,嘉定校区,"2023(计算机科学与技术 10014),2023(信息安全 10064)",0,1,16,吴坚(95405) 星期五3-4节 [9-16] 智信馆319 郭玉臣(99783) 星期五3-4节 [1-8] 智信馆319
CST451001,信息隐藏,2,,钟计东,07047,,专业选修课,中文,嘉定校区,2023(信息安全 10064),0,1,16,钟计东(07047) 星期三5-6节 [1-16] 安楼A107
CST230801,数字逻辑,3,,郭玉臣,99783,,专业基础课,中文,四平路校区,"2025(计算机科学与技术(精英班) 09011),2025(信息安全(精英班) 09012)",0,1,16,郭玉臣(99783) 星期三9-11节 [1-16] 南413
CST230802,数字逻辑,3,,张冬冬,09049,,专业基础课,中文,嘉定校区,"2025(计算机科学与技术 10014),2025(计算机科学与技术(图灵班) 10065)",0,1,16,张冬冬(09049) 星期一1-2节 [1-16] 复楼F102 张冬冬(09049) 星期三7-8节 [2-16双] 复楼F102
CST230803,数字逻辑,3,,程颖,25172,null,专业基础课,中文,嘉定校区,2025(信息安全 10064),0,1,16,程颖(25172) 星期一7-8节 [1-16] 博楼B312 程颖(25172) 星期三5-6节 [1-15单] 博楼B312
CST351601,模式识别,2,,刘春梅,06102,,专业选修课,中英,嘉定校区,2024(计算机科学与技术 10014),0,1,16,刘春梅(06102) 星期四7-8节 [1-16] 博楼B401
CST239101,离散数学,4,,李文浩,24111,,专业基础课,中文,四平路校区,2025(软件工程(精英班) 09038),0,1,16,李文浩(24111) 星期一3-4节 [1-16] 南319 李文浩(24111) 星期四1-2节 [1-16] 南319
CST239102,离散数学,4,,唐剑锋,03006,,专业基础课,中文,嘉定校区,2025(软件工程 42014),0,1,16,唐剑锋(03006) 星期三7-8节 [1-16] 博楼B314 唐剑锋(03006) 星期四7-8节 [1-16] 博楼B314
CST239103,离散数学,4,,"曾进,李冰","21114,21146",",",专业基础课,中文,嘉定校区,2025(软件工程 42014),0,1,16,李冰(21146) 星期一7-8节 [2 10-16] 博楼B316 曾进(21114) 星期一7-8节 [1-3单 4-9] 博楼B316 李冰(21146) 星期三7-8节 [2 10-16] 博楼B316 曾进(21114) 星期三7-8节 [1-3单 4-9] 博楼B316
CST239104,离散数学,4,,"曾进,李冰","21114,21146",",",专业基础课,中文,嘉定校区,2025(软件工程 42014),0,1,16,李冰(21146) 星期一9-10节 [2 10-16] 博楼B316 曾进(21114) 星期一9-10节 [1-3单 4-9] 博楼B316 李冰(21146) 星期三9-10节 [2 10-16] 博楼B316 曾进(21114) 星期三9-10节 [1-3单 4-9] 博楼B316
CST269701,计算机组成原理实验,2,,张晶,04208,,实践环节课程,中文,四平路校区,2025(软件工程(精英班) 09038),0,1,16,张晶(04208) 星期五5-6节 [1-16] 南414
CST269702,计算机组成原理实验,2,,张晶,04208,,实践环节课程,中文,嘉定校区,2025(软件工程 42014),0,1,16,张晶(04208) 星期一5-6节 [1-16] 济事楼419实验室
CST269703,计算机组成原理实验,2,,张晶,04208,,实践环节课程,中文,嘉定校区,2025(软件工程 42014),0,1,16,张晶(04208) 星期一7-8节 [1-16] 济事楼419实验室
CST269704,计算机组成原理实验,2,,张晶,04208,,实践环节课程,中文,嘉定校区,2025(软件工程 42014),0,1,16,张晶(04208) 星期四5-6节 [1-16] 济事楼419实验室
CST269705,计算机组成原理实验,2,,张晶,04208,,实践环节课程,中文,嘉定校区,2025(软件工程 42014),0,1,16,张晶(04208) 星期四7-8节 [1-16] 济事楼419实验室
CST269706,计算机组成原理实验,2,,张晶,04208,,实践环节课程,中文,嘉定校区,2025(软件工程 42014),0,1,16,张晶(04208) 星期四9-10节 [1-16] 济事楼419实验室
CST361901,软件工程课程设计,1,,杜庆峰,03205,,实践环节,中英,嘉定校区,"2024(软件工程(精英班) 09038),2024(软件工程 42014),2025(软件工程(二学位) 42015)",0,1,16,杜庆峰(03205) 星期三9-10节 [9-16] 安楼A204
CST361902,软件工程课程设计,1,,户现锋,03081,,实践环节,中文,嘉定校区,"2024(软件工程(精英班) 09038),2024(软件工程 42014),2025(软件工程(二学位) 42015)",0,1,16,户现锋(03081) 星期五5-6节 [9-16] 安楼A214
CST361903,软件工程课程设计,1,,户现锋,03081,,实践环节,中文,嘉定校区,"2024(软件工程(精英班) 09038),2024(软件工程 42014),2025(软件工程(二学位) 42015)",0,1,16,户现锋(03081) 星期五7-8节 [9-16] 安楼A214
CST269301,计算机网络实验,2,,冯巾松,01137,,实践环节课程,中文,嘉定校区,2024(软件工程(精英班) 09038),0,1,16,冯巾松(01137) 星期一9-10节 [1-16] 济事楼330
CST359201,嵌入式系统导论,2,,"严海洲,张惠娟","04146,07001","工程师,",专业选修课,中文,嘉定校区,"2024(软件工程 42014),2025(软件工程(二学位) 42015)",0,1,16,张惠娟(07001) 星期四3-4节 [1-4 9-12] 博楼B113 严海洲(04146) 星期四3-4节 [5-8 13-16] 济事楼326
CST239201,数据结构,4,,孙萍,08083,,专业基础课,中文,四平路校区,2025(软件工程(精英班) 09038),0,1,16,孙萍(08083) 星期二3-4节 [1-16] 北314 孙萍(08083) 星期四3-4节 [1-16] 南319
CST239202,数据结构,4,,张颖,12192,,专业基础课,中文,嘉定校区,2025(软件工程 42014),0,1,16,张颖(12192) 星期三1-2节 [1-16] 博楼B114 张颖(12192) 星期五3-4节 [1-16] 博楼B114
CST239203,数据结构,4,,张颖,12192,,专业基础课,中文,嘉定校区,2025(软件工程 42014),0,1,16,张颖(12192) 星期三3-4节 [1-16] 博楼B114 张颖(12192) 星期五1-2节 [1-16] 博楼B114
CST359001,汇编语言,2,,王冬青,04064,,专业选修课,中文,嘉定校区,"2024(软件工程 42014),2025(软件工程(二学位) 42015)",0,1,16,王冬青(04064) 星期三5-6节 [1-16] 济事楼430机房
CST269601,数据结构课程设计,1,,孙萍,08083,,实践环节课程,中文,四平路校区,2025(软件工程(精英班) 09038),0,1,16,孙萍(08083) 星期三5-6节 [2-16双] 南310
CST269602,数据结构课程设计,1,,张颖,12192,,实践环节课程,中文,嘉定校区,2025(软件工程 42014),0,1,16,张颖(12192) 星期四3-4节 [2-16双] 济事楼430机房
CST269603,数据结构课程设计,1,,张颖,12192,,实践环节课程,中文,嘉定校区,2025(软件工程 42014),0,1,16,张颖(12192) 星期四5-6节 [2-16双] 济事楼430机房
CST349801,计算机视觉,3,,张林,11124,,专业必修课,中文,嘉定校区,"2024(软件工程 42014),2025(软件工程(二学位) 42015)",0,1,16,张林(11124) 星期三1-3节 [1-16] 安楼A216
CST469801,毕业实习,4,,朱宏明,05117,,实践环节课程,中文,嘉定校区,2023(软件工程(精英班) 09038),0,1,16,朱宏明(05117) 星期五5-8节 [1-16] 用时申请
CST348901,软件工程,3,,杜庆峰,03205,,专业必修课,中英,嘉定校区,"2024(软件工程(精英班) 09038),2024(软件工程 42014),2025(软件工程(二学位) 42015)",0,1,16,杜庆峰(03205) 星期二1-3节 [1-16] 安楼A216
CST348902,软件工程,3,,户现锋,03081,,专业必修课,中文,嘉定校区,"2024(软件工程(精英班) 09038),2024(软件工程 42014),2025(软件工程(二学位) 42015)",0,1,16,户现锋(03081) 星期二3-4节 [2-16双] 博楼B116 户现锋(03081) 星期四3-4节 [1-16] 博楼B116
CST348903,软件工程,3,,户现锋,03081,,专业必修课,中文,嘉定校区,"2024(软件工程(精英班) 09038),2024(软件工程 42014),2025(软件工程(二学位) 42015)",0,1,16,户现锋(03081) 星期四9-10节 [1-16] 博楼B116 户现锋(03081) 星期五3-4节 [2-16双] 博楼B116
CST357601,编译原理,2,,高珍,05119,,专业选修课,中文,嘉定校区,"2024(软件工程 42014),2025(软件工程(二学位) 42015)",0,1,16,高珍(05119) 星期五1-2节 [1-16] 安楼A304
CST239801,计算机网络,3,,王洁,21034,,专业基础课,英语,嘉定校区,2024(软件工程(精英班) 09038),0,1,16,王洁(21034) 星期四5-7节 [1-16] 安楼A405
CST353401,容错与安全计算,2,,金伟祖,03004,,专业选修课,中文,嘉定校区,"2024(软件工程 42014),2025(软件工程(二学位) 42015)",0,1,16,金伟祖(03004) 星期一1-2节 [1-16] 学院自排
CST451401,地学大数据原理与应用,2,,李江峰,10070,,专业选修课,中文,四平路校区,"2023(海洋科学 31006),2023(地球物理学 31024)",0,1,16,李江峰(10070) 星期日7-8节 [1-16] 学院自排
CST348701,系统分析与设计,2,,刘岩,05175,,专业必修课,英语,嘉定校区,"2024(软件工程 42014),2025(软件工程(二学位) 42015)",0,1,16,刘岩(05175) 星期一5-6节 [1-16] 安楼A308
CST348702,系统分析与设计,2,,刘岩,05175,,专业必修课,英语,嘉定校区,"2024(软件工程 42014),2025(软件工程(二学位) 42015)",0,1,16,刘岩(05175) 星期一7-8节 [1-16] 安楼A308
CST349401,分布式系统,2,,饶卫雄,14122,,专业必修课,中文,嘉定校区,"2024(软件工程 42014),2025(软件工程(二学位) 42015)",0,1,16,饶卫雄(14122) 星期三3-4节 [1-16] 安楼A410
CST349601,物联网应用基础,3,,夏波涌,06005,,专业必修课,中文,嘉定校区,"2024(软件工程 42014),2025(软件工程(二学位) 42015)",0,1,16,夏波涌(06005) 星期一3-4节 [2-8双 14-16双] 安楼A210 夏波涌(06005) 星期一3-4节 [10-12双] 济事楼326 夏波涌(06005) 星期三3-4节 [1-8 13-16] 安楼A210 夏波涌(06005) 星期三3-4节 [9-12] 济事楼326
CST359501,计算机图形学,2,,唐伟,24182,,专业选修课,英语,嘉定校区,"2024(软件工程 42014),2025(软件工程(二学位) 42015)",0,1,16,唐伟(24182) 星期三5-6节 [1-16] 博楼B204
,毕业实习,2,,严海洲,04146,,实践环节课程,中文,四平路校区,2023(软件工程 42014),0,1,16,严海洲(04146) 星期日1-2节 [1-15单] 学院安排
CST359701,语音识别,2,,沈莹,13070,,专业选修课,中文,嘉定校区,"2024(软件工程 42014),2025(软件工程(二学位) 42015)",0,1,16,沈莹(13070) 星期三7-8节 [1-16] 博楼B413
CST359601,最优化理论,2,,史清江,18017,,专业选修课,中文,嘉定校区,"2024(软件工程 42014),2025(软件工程(二学位) 42015)",0,1,16,史清江(18017) 星期一3-4节 [1-16] 博楼B203
CST358901,嵌入式操作系统,2,,王冬青,04064,,专业选修课,中文,嘉定校区,"2024(软件工程 42014),2025(软件工程(二学位) 42015)",0,1,16,王冬青(04064) 星期一1-2节 [1-16] 学院自排
CST359101,移动应用开发,2,,朱宏明,05117,,专业选修课,英语,嘉定校区,"2024(软件工程 42014),2025(软件工程(二学位) 42015)",0,1,16,朱宏明(05117) 星期一5-6节 [1-16] 济事楼519机房
CST358501,Web系统与技术,2,,金伟祖,03004,,专业选修课,中文,嘉定校区,"2024(软件工程 42014),2025(软件工程(二学位) 42015)",0,1,16,金伟祖(03004) 星期三1-2节 [1-16] 学院自排
CST358401,统计分析与建模,2,,高珍,05119,,专业选修课,中文,嘉定校区,"2024(软件工程 42014),2025(软件工程(二学位) 42015)",0,1,16,高珍(05119) 星期四1-2节 [1-16] 安楼A107
CST358001,内存计算与内存数据库,2,,袁时金,05118,,专业选修课,中文,嘉定校区,"2024(软件工程 42014),2025(软件工程(二学位) 42015)",0,1,16,袁时金(05118) 星期一7-8节 [1-16] 博楼B315
CST239301,计算机组成原理,2,,王冬青,04064,,专业基础课,中文,四平路校区,"2025(数据科学与大数据技术(精英班) 09013),2025(软件工程(精英班) 09038)",0,1,16,王冬青(04064) 星期五3-4节 [1-16] 南211
CST239303,计算机组成原理,2,,张惠娟,07001,,专业选修课,中文,嘉定校区,"2025(数据科学与大数据技术 10005),2025(软件工程 42014),2025(数据科学与大数据技术(数据科学与智能决策实验区) 81001)",0,1,16,张惠娟(07001) 星期四1-2节 [1-16] 博楼B106
CST239302,计算机组成原理,2,,张惠娟,07001,,专业选修课,中文,嘉定校区,"2025(数据科学与大数据技术 10005),2025(软件工程 42014),2025(数据科学与大数据技术(数据科学与智能决策实验区) 81001)",0,1,16,张惠娟(07001) 星期二3-4节 [1-16] 博楼B206
CST239304,计算机组成原理,2,,王冬青,04064,,专业选修课,中文,嘉定校区,"2025(数据科学与大数据技术 10005),2025(软件工程 42014),2025(数据科学与大数据技术(数据科学与智能决策实验区) 81001)",0,1,16,王冬青(04064) 星期二3-4节 [1-16] 博楼B114
CST357701,智能计算系统,2,,张颖,12192,,专业选修课,中文,嘉定校区,"2024(软件工程 42014),2025(软件工程(二学位) 42015)",0,1,16,张颖(12192) 星期四9-11节 [1-11] 济事楼430
CST220701,数据科学基础,3,,肖杨,11161,,公共基础课,中文,四平路校区,"2023(信息管理与信息系统 01024),2024(物流管理 01094),2025(工程力学(强基计划) 09001),2025(工程力学(精英班) 09022)",0,1,16,肖杨(11161) 星期四9-11节 [1-2 4-5 7-8 10-11 13-14 16] 北129 肖杨(11161) 星期四9-11节 [3 6 9 12 15] 学校机房(四平路)
CST220703,数据科学基础,3,,肖杨,11161,,公共基础课,中文,嘉定校区,"2025(工程力学 45014),2025(基础学科拔尖基地(力学) 45092)",0,1,16,肖杨(11161) 星期六9-11节 [1-16] 不排教室
CST220401,人工智能技术与应用,3,,王睿智,08088,,公共基础课,中文,四平路校区,"2025(工程力学(强基计划) 09001),2025(工程力学(精英班) 09022)",0,1,16,王睿智(08088) 星期日9-11节 [1-16] 不排教室
CST220402,人工智能技术与应用,3,,王睿智,08088,,公共基础课,中文,嘉定校区,"2024(汽车服务工程 51024),2025(工程力学 45014),2025(基础学科拔尖基地(力学) 45092)",0,1,16,王睿智(08088) 星期四9-11节 [1-16] 安楼A205
CST220201,大数据技术与应用,3,,孙丽君,96726,,公共基础课,中文,四平路校区,"2024(金融学 01084),2024(金融学(数学与应用数学双学士学位) 01095),2025(工程管理 01014),2025(工程力学(强基计划) 09001),2025(工程力学(精英班) 09022)",0,1,16,孙丽君(96726) 星期一1-2节 [1-16] 北313 孙丽君(96726) 星期三7-8节 [1-15单] 学校机房(四平路)
CST220203,大数据技术与应用,3,,孙丽君,96726,,公共基础课,中文,嘉定校区,"2024(车辆工程 43002),2025(工程力学 45014),2025(基础学科拔尖基地(力学) 45092)",0,1,16,孙丽君(96726) 星期五9-11节 [1-16] 复楼F104
CST120101,高级语言程序设计,2,,沈坚,92765,,专业选修课,中文,四平路校区,2025(艺术设计学(人工智能双学士学位) 55094),0,1,16,沈坚(92765) 星期日9-10节 [1-16] 不排教室
CST120102,高级语言程序设计,2,,沈坚,92765,,公共基础课,中文,嘉定校区,,0,1,16,沈坚(92765) 星期四7-8节 [1-16] 安楼A304
CST120103,高级语言程序设计,2,,沈坚,92765,,公共基础课,中文,嘉定校区,,0,1,16,沈坚(92765) 星期四9-10节 [1-16] 安楼A304
CST260901,数字逻辑实验,2,,郭玉臣,99783,,实践环节课程,中文,四平路校区,"2025(计算机科学与技术(精英班) 09011),2025(信息安全(精英班) 09012)",0,1,16,郭玉臣(99783) 星期五9-10节 [1-16] 学院安排
CST260902,数字逻辑实验,2,,张冬冬,09049,,实践环节课程,中文,嘉定校区,"2025(计算机科学与技术 10014),2025(计算机科学与技术(图灵班) 10065)",0,1,16,张冬冬(09049) 星期一7-8节 [1-16] 复楼F102
CST260903,数字逻辑实验,2,,吴坚,95405,,实践环节课程,中文,嘉定校区,2025(信息安全 10064),0,1,16,吴坚(95405) 星期三7-8节 [1-16] 济事楼419实验室
CST260904,数字逻辑实验,2,,,,,实践环节课程,中文,嘉定校区,2025(信息安全 10064),0,1,16,
CST231001,网络空间安全导论,2,,"丁子君,张铁华,汪子乔,谭成翔","23057,24101,24170,99060",",,,",专业基础课,中文,嘉定校区,2025(信息安全 10064),0,1,16,"丁子君(23057),张铁华(24101),汪子乔(24170),谭成翔(99060) 星期四7-8节 [1-16] 博楼B403"
CST350501,大数据安全与隐私计算,2,,谭成翔,99060,,专业选修课,中文,嘉定校区,2024(信息安全 10064),0,1,16,谭成翔(99060) 星期六1-2节 [1-16] 不排教室
CST350701,大数据平台技术,2,,赵才荣,13151,,专业选修课,中文,嘉定校区,2024(数据科学与大数据技术 10005),0,1,16,赵才荣(13151) 星期六1-2节 [1-16] 不排教室
CST002702,医学人工智能探秘,2,,陈宇飞,12096,,科学探索与生命关怀,中文,嘉定校区,,0,1,16,陈宇飞(12096) 星期一7-8节 [1-12] 博楼B113
CST239001,程序设计范式,4,,"朱宏明,杜博闻","05117,23034",",助理教授（长聘体系）",专业基础课,中英,嘉定校区,2025(软件工程 42014),0,1,16,朱宏明(05117) 星期一3-4节 [9-16] 博楼B211 杜博闻(23034) 星期一3-4节 [1-8] 博楼B211 朱宏明(05117) 星期三5-6节 [9-16] 博楼B211 杜博闻(23034) 星期三5-6节 [1-8] 博楼B211
CST239002,程序设计范式,4,,赵钦佩,13082,,专业基础课,中英,嘉定校区,2025(软件工程 42014),0,1,16,赵钦佩(13082) 星期一3-4节 [1-16] 博楼B213 赵钦佩(13082) 星期三5-6节 [1-16] 博楼B213
CST239003,程序设计范式,4,,韩丰夏,20162,,专业基础课,中英,嘉定校区,2025(软件工程 42014),0,1,16,韩丰夏(20162) 星期一3-4节 [1-16] 博楼B215 韩丰夏(20162) 星期三5-6节 [1-16] 博楼B215
CST357901,数据存储与管理,2,,朱宏明,05117,,专业选修课,中英,嘉定校区,"2024(软件工程 42014),2025(软件工程(二学位) 42015)",0,1,16,朱宏明(05117) 星期三3-4节 [1-16] 博楼B215
CST357801,区块链导论,2,,史扬,11151,,专业选修课,中文,嘉定校区,"2024(软件工程 42014),2025(软件工程(二学位) 42015)",0,1,16,史扬(11151) 星期一9-10节 [1-16] 复楼F104
CST349201,Java企业级应用开发,3,,范鸿飞,14197,,专业必修课,英语,嘉定校区,"2024(软件工程(精英班) 09038),2024(软件工程 42014),2025(软件工程(二学位) 42015)",0,1,16,范鸿飞(14197) 星期三5-7节 [1-16] 济事楼430
CST341001,车载网络与车联网,2,,李文根,19034,,专业核心课,中文,嘉定校区,2024(未来技术班(智能网联车辆) 09052),0,1,16,李文根(19034) 星期一5-6节 [1-16] 博楼B217
CST238901,程序设计范式,2,,赵钦佩,13082,,专业基础课,中英,四平路校区,2025(软件工程(精英班) 09038),0,1,16,赵钦佩(13082) 星期一7-8节 [1-16] 南319
CST261301,嵌入式网络与通信（初级项目一）,6,,王曰英,25074,null,实践环节课程,中文,四平路校区,2025(未来技术班(智能网联车辆) 09052),0,1,16,王曰英(25074) 星期三5-6节 [1-16] 南115 王曰英(25074) 星期四5-8节 [1-16] 南115
CST250401,计算机数学基础I,2,,刘锡伟,10111,,专业选修课,中文,嘉定校区,"2024(数据科学与大数据技术 10005),2025(数据科学与大数据技术 10005)",0,1,16,刘锡伟(10111) 星期四7-8节 [1-16] 安楼A408
CST290101,数据结构与算法设计,4,,张亚英,05152,,领域基础课,中文,四平路校区,2025(卓越计划班（智慧空间） 09102),0,1,16,张亚英(05152) 星期四9-10节 [1-16] 北121 张亚英(05152) 星期五9-10节 [1-16] 北121
CST290102,数据结构与算法设计,4,,向声,25159,null,领域基础课,中文,四平路校区,2025(卓越计划班（智慧空间） 09102),0,1,16,向声(25159) 星期二3-4节 [1-16] 北111 向声(25159) 星期四3-4节 [1-16] 北111
交通学院,,,,,,,,,,,,,,
,,,,,,,,,,,,,,
CTE356302,机场规划与设计,2,赵鸿铎(),"赵鸿铎,田雨,钱鑫,曾孟源,凌建明","01030,18024,19622,23155,95003",",,,,",专业选修课,中文,嘉定校区,"2024(交通工程(精英班) 09036),2024(交通运输(精英班) 09037),2024(车辆工程(精英班) 09040),2024(交通工程 15014)",0,1,16,田雨(18024) 星期五3-4节 [11-12] 博楼B216 曾孟源(23155) 星期五3-4节 [13-14] 博楼B216 凌建明(95003) 星期五3-4节 [7-10] 博楼B216 赵鸿铎(01030) 星期五3-4节 [1-6] 博楼B216 钱鑫(19622) 星期五3-4节 [15-16] 博楼B216
CTE470301,建模基础,2,林昶(),林昶,08100,,个性化课程,中文,嘉定校区,"2023(交通运输 15024),2025(交通运输(二学位) 15026)",0,1,16,林昶(08100) 星期日9-10节 [1-16] 学院教室
CTE470401,旅客运输组织,2,,谢超,99729,,个性化课程,中文,嘉定校区,"2023(交通运输 15024),2025(交通运输(二学位) 15026)",0,1,16,谢超(99729) 星期日9-10节 [1-16] 学院教室
CTE350801,物流系统规划与设计,2,陆淼嘉(),"朱晔,陆淼嘉","00758,19032",",",专业选修课,中文,嘉定校区,2024(交通运输 15024),0,1,16,朱晔(00758) 星期一7-8节 [12-16] 安楼A110 陆淼嘉(19032) 星期一7-8节 [1-11] 安楼A110
CTE350901,供应链管理,2,朱晔(),朱晔,00758,,专业选修课,中文,嘉定校区,"2024(交通运输 15024),2025(交通运输(二学位) 15026)",0,1,16,朱晔(00758) 星期一3-4节 [1-16] 安楼A109
CTE470501,运输安全系统工程,2,李枫(),李枫,90748,,个性化课程,中文,嘉定校区,"2023(交通运输 15024),2025(交通运输(二学位) 15026)",0,1,16,李枫(90748) 星期五3-4节 [1-16] 安楼A112
CTE240501,运输经济学,2,邵敏华(),"陈长,邵敏华","05098,08158",",",专业基础课,中文,四平路校区,"2025(交通工程(精英班) 09036),2025(交通运输(精英班) 09037),2025(车辆工程(精英班) 09040)",0,1,16,陈长(05098) 星期一7-8节 [15] 南407 邵敏华(08158) 星期一7-8节 [1-14 16] 南407
CTE356701,桥涵水文,2,陈丰(),陈丰,12197,,个性化课程,中文,嘉定校区,2023(交通工程(数学与应用数学双学士学位) 15025),0,1,16,陈丰(12197) 星期五3-4节 [1-16] 安楼A402
CTE351002,道路规划与几何设计,2,余博(),"张兰芳,余博","01027,21051",",",专业选修课,中文,嘉定校区,"2024(交通工程(精英班) 09036),2024(交通运输(精英班) 09037),2024(车辆工程(精英班) 09040),2024(交通工程 15014)",0,1,16,张兰芳(01027) 星期二3-4节 [9-16] 博楼B212 余博(21051) 星期二3-4节 [1-8] 博楼B212
CTE250302,交通工程,2,云美萍(),"云美萍,岳李圣飒","04215,22135",",",专业必修课,中文,嘉定校区,"2024(交通工程(精英班) 09036),2024(交通运输(精英班) 09037),2024(车辆工程(精英班) 09040),2024(交通运输 15024),2025(交通工程 15014)",0,1,16,云美萍(04215) 星期四5-6节 [1-9 16] 博楼B213 岳李圣飒(22135) 星期四5-6节 [10-15] 博楼B213
CTE250301,交通工程,2,吴娇蓉(),"倪颖,吴娇蓉","10099,98013",",",专业必修课,中文,嘉定校区,"2024(交通工程(精英班) 09036),2024(交通运输(精英班) 09037),2024(车辆工程(精英班) 09040),2024(交通运输 15024),2025(交通工程 15014),2025(交通工程(数学与应用数学双学士学位) 15025)",0,1,16,吴娇蓉(98013) 星期一3-4节 [1-4 10-13] 嘉定机房F217 倪颖(10099) 星期一3-4节 [5-9 14-16] 嘉定机房F217
CTE371001,物流企业绩效评价,2,杨晟(),杨晟,96814,,个性化课程,中文,嘉定校区,"2023(交通工程 15014),2023(交通运输 15024),2023(交通工程(数学与应用数学双学士学位) 15025),2025(交通运输(二学位) 15026),2025(交通工程(二学位) 15027)",0,1,16,杨晟(96814) 星期一5-6节 [1-16] 博楼B117
,铁路隧道,2,丁春林(),丁春林,96712,,专业必修课,中文,四平路校区,"2023(土木工程 03014),2023(土木工程(数学与应用数学双学士学位) 03065),2023(土木工程(法学双学士学位) 03067)",0,1,16,丁春林(96712) 星期三3-4节 [1-16] 南119
CTE350101,信息传输原理,2,欧冬秀(),"张雷,欧冬秀","19092,97713",",",专业选修课,中文,嘉定校区,"2024(交通工程 15014),2024(交通工程(数学与应用数学双学士学位) 15025)",0,1,16,欧冬秀(97713) 星期一5-6节 [3-16] 博楼B101 张雷(19092) 星期一5-6节 [1-2] 博楼B101
CTE350102,信息传输原理,2,王晓春(),王晓春,95831,,专业选修课,中文,嘉定校区,"2024(交通工程 15014),2024(交通工程(数学与应用数学双学士学位) 15025)",0,1,16,王晓春(95831) 星期一5-6节 [1-16] 博楼B103
CTE351102,交通规划,2,叶建红(教授),叶建红,12107,,专业选修课,中文,嘉定校区,"2024(交通工程(精英班) 09036),2024(交通运输(精英班) 09037),2024(车辆工程(精英班) 09040),2024(交通工程 15014),2024(交通工程(数学与应用数学双学士学位) 15025)",0,1,16,叶建红(12107) 星期一7-8节 [1-16] 博楼B215
CTE000102,时间管理,2,孙海燕(讲师),"孙海燕,陆昱蓉","08042,19070",",",社会发展与国际视野,中文,嘉定校区,,0,1,12,孙海燕(08042) 星期四7-8节 [1-6 10-12] 博楼B303 陆昱蓉(19070) 星期四7-8节 [7-9] 博楼B303
CTE001601,管理的实践,2,,许青,06074,,社会发展与国际视野,中文,四平路校区,,0,1,12,许青(06074) 星期四9-10节 [1-12] 北207
CTE470601,物流工程,2,林昶(),林昶,08100,,个性化课程,中文,嘉定校区,"2023(交通工程 15014),2023(交通运输 15024),2023(交通工程(数学与应用数学双学士学位) 15025),2025(交通运输(二学位) 15026),2025(交通工程(二学位) 15027)",0,1,16,林昶(08100) 星期二1-2节 [1-16] 博楼B115
CTE470101,交通环境工程,2,倪颖(),倪颖,10099,,个性化课程,中文,嘉定校区,"2023(交通工程 15014),2023(交通工程(数学与应用数学双学士学位) 15025)",0,1,16,倪颖(10099) 星期五3-4节 [1-16] 不排教室
CTE470701,交通安全工程,2,王雪松(),"王雪松,岳李圣飒","08125,22135",",",个性化课程,中文,嘉定校区,"2023(交通工程 15014),2023(交通工程(数学与应用数学双学士学位) 15025),2025(交通工程(二学位) 15027)",0,1,16,岳李圣飒(22135) 星期二1-2节 [3-5 16] 博楼B117 王雪松(08125) 星期二1-2节 [1-2 6-15] 博楼B117
CTE470801,交通战略与政策,2,叶建红(),叶建红,12107,,个性化课程,中文,嘉定校区,"2023(交通工程 15014),2023(交通工程(数学与应用数学双学士学位) 15025),2025(交通工程(二学位) 15027)",0,1,16,叶建红(12107) 星期五3-4节 [1-16] 博楼B104
CTE351202,交通调查与分析,2,段征宇(),"云美萍,段征宇","04215,09172",",",专业选修课,中文,嘉定校区,"2024(交通工程(精英班) 09036),2024(交通运输(精英班) 09037),2024(车辆工程(精英班) 09040),2024(交通工程 15014),2024(交通工程(数学与应用数学双学士学位) 15025)",0,1,16,段征宇(09172) 星期一3-4节 [1 7-16] 博楼B104 云美萍(04215) 星期一3-4节 [2-6] 博楼B104
CTE372301,道路安全与环境,2,傅挺(),"傅挺,余博","20001,21051",",",专业选修课,中文,四平路校区,"2023(土木工程 03014),2023(土木工程(数学与应用数学双学士学位) 03065),2023(土木工程(法学双学士学位) 03067)",0,1,16,余博(21051) 星期四7-8节 [9-16] 南222 傅挺(20001) 星期四7-8节 [1-8] 南222
CTE351301,列车运行组织,2,江志彬(),江志彬,07129,,专业选修课,中文,嘉定校区,2024(交通运输 15024),0,1,16,江志彬(07129) 星期四3-4节 [1-16] 安楼A305
CTE351401,车站与枢纽运输组织,2,谢超(),谢超,99729,,专业选修课,中文,嘉定校区,"2024(交通运输 15024),2025(交通运输(二学位) 15026)",0,1,16,谢超(99729) 星期二3-4节 [1-16] 安楼A112
CTE351501,物流设备与技术,2,吴华(),吴华,95763,,专业选修课,中文,嘉定校区,2024(交通运输 15024),0,1,16,吴华(95763) 星期四3-4节 [1-16] 安楼A309
CTE470901,城市轨道交通工程,2,杨新文(),"王治,王长丹,狄宏规","00797,15055,18011",",,",个性化课程,中文,嘉定校区,"2023(交通工程 15014),2023(交通工程(数学与应用数学双学士学位) 15025),2025(交通工程(二学位) 15027)",0,1,16,王治(00797) 星期四5-6节 [1-9] 博楼B116 狄宏规(18011) 星期四5-6节 [10-11] 博楼B116 王长丹(15055) 星期四5-6节 [12-16] 博楼B116
CTE471001,隧道工程,2,徐前卫(),徐前卫,11063,,个性化课程,中文,嘉定校区,"2023(交通工程 15014),2023(交通工程(数学与应用数学双学士学位) 15025),2025(交通工程(二学位) 15027)",0,1,16,徐前卫(11063) 星期四3-4节 [1-16] 博楼B210
CTE471101,建筑材料,2,,徐前卫,11063,,个性化课程,中文,嘉定校区,"2023(交通工程 15014),2023(交通工程(数学与应用数学双学士学位) 15025),2025(交通工程(二学位) 15027)",0,1,16,徐前卫(11063) 星期一5-6节 [1-16] 博楼B113
CTE471201,有限单元法,2,张小会(),"张小会,何超","18010,20524",",null",个性化课程,中文,嘉定校区,"2023(交通工程 15014),2023(交通工程(数学与应用数学双学士学位) 15025),2025(交通工程(二学位) 15027)",0,1,16,何超(20524) 星期四5-6节 [9-16] 博楼B212 张小会(18010) 星期四5-6节 [1-8] 博楼B212
CTE471301,高速铁路信息与控制技术,2,施莉娟(),"潘洪亮,曾小清,施莉娟","12139,95096,97711",",,",个性化课程,中文,嘉定校区,"2023(交通工程 15014),2023(交通工程(数学与应用数学双学士学位) 15025),2025(交通工程(二学位) 15027)",0,1,16,施莉娟(97711) 星期一3-4节 [10-16] 曾小清(95096) 星期一3-4节 [1-4] 潘洪亮(12139) 星期一3-4节 [5-9]
CTE351601,道路几何设计（英语）,2,王俊骅(),"王俊骅,傅挺","08039,20001",",",专业选修课,英语,嘉定校区,2024(交通工程 15014),0,1,16,王俊骅(08039) 星期三3-4节 [1-3 7-10] 博楼B104 傅挺(20001) 星期三3-4节 [4-6 11-16] 博楼B104
CTE471401,交通系统分析,2,杨超(),"云美萍,杨超","04215,05020",",",个性化课程,中文,嘉定校区,"2023(交通工程 15014),2023(交通工程(数学与应用数学双学士学位) 15025),2025(交通工程(二学位) 15027)",0,1,16,云美萍(04215) 星期一7-8节 [9-16] 博楼B217 杨超(05020) 星期一7-8节 [1-8] 博楼B217
CTE471501,城市轨道交通运营管理,2,江志彬(),江志彬,07129,,个性化课程,中文,嘉定校区,"2023(交通工程 15014),2023(交通运输 15024),2023(交通工程(数学与应用数学双学士学位) 15025),2025(交通运输(二学位) 15026),2025(交通工程(二学位) 15027)",0,1,16,江志彬(07129) 星期四5-6节 [1-16] 博楼B210
CTE356801,运输经济学B,2,邵敏华(),"陈长,邵敏华","05098,08158",",",专业选修课,中文,四平路校区,"2023(土木工程 03014),2023(土木工程(数学与应用数学双学士学位) 03065),2023(土木工程(法学双学士学位) 03067)",0,1,16,陈长(05098) 星期一5-6节 [15] 南217 邵敏华(08158) 星期一5-6节 [1-14 16] 南217
,隧道病害与防治,1,丁春林(),丁春林,96712,,专业选修课,中文,四平路校区,"2023(土木工程 03014),2023(土木工程(数学与应用数学双学士学位) 03065),2023(土木工程(法学双学士学位) 03067)",0,1,8,丁春林(96712) 星期二3-4节 [1-8] 北218
CTE250402,交通工程（英语）,2,辛飞飞(),"辛飞飞,张缨","08155,90504",",",专业必修课,英语,嘉定校区,"2024(交通工程(精英班) 09036),2024(交通运输(精英班) 09037),2024(车辆工程(精英班) 09040),2024(交通运输 15024),2025(交通工程 15014)",0,1,16,张缨(90504) 星期四5-6节 [16] 博楼B111 辛飞飞(08155) 星期四5-6节 [1-15] 博楼B111
CTE250401,交通工程（英语）,2,张思扬(),"张思扬,陈法安","21084,24175",",",专业必修课,英语,嘉定校区,"2024(交通工程(精英班) 09036),2024(交通运输(精英班) 09037),2024(车辆工程(精英班) 09040),2024(交通运输 15024),2025(交通工程 15014),2025(交通工程(数学与应用数学双学士学位) 15025)",0,1,16,张思扬(21084) 星期一3-4节 [1-6 12-16] 博楼B303 陈法安(24175) 星期一3-4节 [7-11] 博楼B303
CTE471601,交通信息工程（英语）,2,彭一川(),"邹亚杰,彭一川","15056,15144",",",个性化课程,英语,嘉定校区,"2023(交通工程 15014),2023(交通运输 15024),2023(交通工程(数学与应用数学双学士学位) 15025),2025(交通运输(二学位) 15026),2025(交通工程(二学位) 15027)",0,1,16,彭一川(15144) 星期三7-8节 [1-9] 安楼A108 邹亚杰(15056) 星期三7-8节 [10-16] 安楼A108
CTE002001,大学生领导力拓展训练,2,,许青,06074,,社会发展与国际视野,中文,四平路校区,,0,1,12,许青(06074) 星期一9-10节 [1-12] 北210
CTE001702,交通运输与人类文明,2,,李兴华,16042,,工程能力与创新思维,中文,嘉定校区,,0,1,16,李兴华(16042) 星期四7-8节 [1-12] 博楼B304
CTE471701,城市轨道交通设备系统与建筑,2,陕耀(),"陕耀,刘建国","14032,99726",",",个性化课程,中文,嘉定校区,"2023(交通工程 15014),2023(交通工程(数学与应用数学双学士学位) 15025),2025(交通工程(二学位) 15027)",0,1,16,刘建国(99726) 星期四3-4节 [1-7] 博楼B214 陕耀(14032) 星期四3-4节 [8-16] 博楼B214
CTE371201,交通运营,2,吴娇蓉(),"王宇沁,吴娇蓉","20605,98013",",",个性化课程,中文,嘉定校区,"2023(交通工程 15014),2023(交通工程(数学与应用数学双学士学位) 15025)",0,1,16,王宇沁(20605) 星期一5-6节 [2-6] 博楼B104 吴娇蓉(98013) 星期一5-6节 [1 7-16] 博楼B104
CTE356901,道路施工与管理,2,杨轸(),"杨轸,陈崇驹","06128,92507",",",专业选修课,中文,四平路校区,"2023(土木工程 03014),2023(土木工程(数学与应用数学双学士学位) 03065),2023(土木工程(法学双学士学位) 03067)",0,1,16,杨轸(06128) 星期四5-6节 [1-8] 南212 陈崇驹(92507) 星期四5-6节 [9-16] 南212
CTE371301,城市交通治理,2,骆晓(),"段征宇,余荣杰,骆晓,张思扬,陈恩惠","09172,13565,18517,21084,23183",",,,,",个性化课程,中文,嘉定校区,"2023(交通工程 15014),2023(交通工程(数学与应用数学双学士学位) 15025)",0,1,16,骆晓(18517) 星期四7-8节 [1-4 9 15-16] 博楼B310 余荣杰(13565) 星期四7-8节 [10-12] 博楼B310 陈恩惠(23183) 星期四7-8节 [13-14] 博楼B310 张思扬(21084) 星期四7-8节 [7-8] 博楼B310 段征宇(09172) 星期四7-8节 [5-6] 博楼B310
CTE470201,轨道运输（英语）,2,,朱炜,13162,,个性化课程,英语,嘉定校区,2023(交通运输 15024),0,1,16,朱炜(13162) 星期六9-10节 [1-16] 学院教室
CTE471801,数据结构与算法,2,朱宏(),朱宏,22527,,个性化课程,中文,嘉定校区,"2023(交通工程 15014),2023(交通工程(数学与应用数学双学士学位) 15025),2025(交通工程(二学位) 15027)",0,1,16,朱宏(22527) 星期三5-6节 [1-16] 博楼B110
CTE472801,轨道交通运营基础,2,,江志彬,07129,,个性化课程,中文,嘉定校区,2025(交通工程(二学位) 15027),0,1,16,江志彬(07129) 星期六9-10节 [1-16] 学院教室
CTE351702,运输组织学,2,谢超(),"江志彬,谢超","07129,99729",",",专业必修课,中文,嘉定校区,"2024(交通工程(精英班) 09036),2024(交通运输(精英班) 09037),2024(车辆工程(精英班) 09040),2024(交通工程 15014),2024(交通工程(数学与应用数学双学士学位) 15025),2025(交通运输 15024)",0,1,16,江志彬(07129) 星期三5-6节 [1] 安楼A305 谢超(99729) 星期三5-6节 [2-16] 安楼A305
CTE351701,运输组织学,2,江志彬(),"江志彬,谢超","07129,99729",",",专业必修课,中文,嘉定校区,"2024(交通工程(精英班) 09036),2024(交通运输(精英班) 09037),2024(车辆工程(精英班) 09040),2024(交通工程 15014),2024(交通工程(数学与应用数学双学士学位) 15025),2025(交通运输 15024)",0,1,16,谢超(99729) 星期三5-6节 [1] 安楼A108 江志彬(07129) 星期三5-6节 [2-16] 安楼A108
CTE351703,运输组织学,2,王鹏玲(),"王鹏玲,陈恩惠","21058,23183",",",专业必修课,中文,嘉定校区,"2024(交通工程(精英班) 09036),2024(交通运输(精英班) 09037),2024(车辆工程(精英班) 09040),2024(交通工程 15014),2024(交通工程(数学与应用数学双学士学位) 15025),2025(交通运输 15024)",0,1,16,王鹏玲(21058) 星期三5-6节 [2-16] 安楼A307 陈恩惠(23183) 星期三5-6节 [1] 安楼A307
CTE351704,运输组织学,2,陈恩惠(),"王鹏玲,陈恩惠","21058,23183",",",专业必修课,中文,嘉定校区,"2024(交通工程(精英班) 09036),2024(交通运输(精英班) 09037),2024(车辆工程(精英班) 09040),2024(交通工程 15014),2024(交通工程(数学与应用数学双学士学位) 15025),2025(交通运输 15024)",0,1,16,王鹏玲(21058) 星期三5-6节 [1] 博楼B101 陈恩惠(23183) 星期三5-6节 [2-16] 博楼B101
CTE370601,交通系统分析（英语）,2,孙杰(长聘副教授),"田野,孙杰","18512,24005",",",个性化课程,英语,嘉定校区,"2023(交通工程 15014),2024(交通工程(数学与应用数学双学士学位) 15025),2025(交通工程(二学位) 15027)",0,1,16,田野(18512) 星期三3-4节 [10-15] 博楼B111 孙杰(24005) 星期三3-4节 [1-9 16] 博楼B111
,铺面工程(T),2,程怀磊(),"刘黎萍,陈长,严宇,程怀磊","04013,05098,20503,24018",",,,",专业必修课,中文,四平路校区,"2023(土木工程 03014),2023(土木工程(数学与应用数学双学士学位) 03065),2023(土木工程(法学双学士学位) 03067)",0,1,16,严宇(20503) 星期三5-6节 [16] 南212 程怀磊(24018) 星期三5-6节 [2-11] 南212 刘黎萍(04013) 星期三5-6节 [1] 南212 陈长(05098) 星期三5-6节 [12-15] 南212
CTE001802,互联网和大数据下的智慧交通规划,2,辛飞飞(),辛飞飞,08155,,工程能力与创新思维,中文,嘉定校区,,0,1,16,辛飞飞(08155) 星期四9-10节 [1-12] 博楼B203
CTE001901,工程心理学,2,傅挺(),傅挺,20001,,工程能力与创新思维,中文,四平路校区,,0,1,12,傅挺(20001) 星期四9-10节 [1-12] 南111
CTE001902,工程心理学,2,傅挺(),傅挺,20001,,工程能力与创新思维,中文,嘉定校区,,0,1,16,傅挺(20001) 星期三7-8节 [1-12] 安楼A307
CTE471901,无人驾驶列控系统,2,施莉娟(),施莉娟,97711,,个性化课程,中文,嘉定校区,"2023(交通工程 15014),2023(交通工程(数学与应用数学双学士学位) 15025),2025(交通工程(二学位) 15027)",0,1,16,施莉娟(97711) 星期一7-8节 [1-16] 博楼B301
CTE351802,智能硬件技术,2,沈拓(),沈拓,98730,,专业选修课,中文,嘉定校区,"2023(交通工程 15014),2023(交通工程(数学与应用数学双学士学位) 15025),2024(交通工程(精英班) 09036),2024(交通运输(精英班) 09037),2024(车辆工程(精英班) 09040)",0,1,16,沈拓(98730) 星期三5-6节 [1-16] 博楼B114
CTE351901,国土空间与城市规划,2,惠英(),惠英,01022,,专业选修课,中文,嘉定校区,"2024(交通工程 15014),2024(交通工程(数学与应用数学双学士学位) 15025)",0,1,16,惠英(01022) 星期五3-4节 [1-16] 安楼A407
CTE351902,国土空间与城市规划,2,张萍(),张萍,08038,,专业选修课,中文,嘉定校区,"2024(交通工程 15014),2024(交通工程(数学与应用数学双学士学位) 15025)",0,1,16,张萍(08038) 星期五3-4节 [1-16] 诚楼C401
CTE472901,交通空间信息系统与应用,2,常云涛(),"常云涛,辛飞飞,陈丰","04040,08155,12197",",,",专业选修课,中文,嘉定校区,2023(交通工程(数学与应用数学双学士学位) 15025),0,1,16,常云涛(04040) 星期四1-2节 [1-4 15-16] 诚楼C409 陈丰(12197) 星期四1-2节 [5-6] 诚楼C409 辛飞飞(08155) 星期四1-2节 [7-14] 诚楼C409
CTE352001,货物运输技术,2,滕靖(),"滕靖,陈恩惠","05184,23183",",",专业选修课,中文,嘉定校区,2024(交通运输 15024),0,1,16,陈恩惠(23183) 星期五3-4节 [1-2 15-16] 安楼A110 滕靖(05184) 星期五3-4节 [3-14] 安楼A110
CTE472001,运输与物流项目管理,2,周雪梅(),"周雪梅,王屏","05088,11039",",",个性化课程,中文,嘉定校区,"2023(交通工程 15014),2023(交通运输 15024),2023(交通工程(数学与应用数学双学士学位) 15025),2025(交通运输(二学位) 15026),2025(交通工程(二学位) 15027)",0,1,16,周雪梅(05088) 星期一7-8节 [1-8] 博楼B204 王屏(11039) 星期一7-8节 [9-16] 博楼B204
CTE260201,交通科技创新竞赛（上）,1,杜豫川(),"杜豫川,吴荻非,赵聪","04049,20606,24073",",预聘副教授,",实践环节课程,中文,嘉定校区,"2024(交通工程(精英班) 09036),2024(交通运输(精英班) 09037),2024(车辆工程(精英班) 09040),2025(交通工程 15014),2025(交通运输 15024),2025(交通工程(数学与应用数学双学士学位) 15025)",0,1,9,"杜豫川(04049),吴荻非(20606),赵聪(24073) 星期五1-2节 [1-9] 安楼A105"
CTE260202,交通科技创新竞赛（上）,1,杜豫川(),"杜豫川,暨育雄,吴荻非,王书玲","04049,12067,20606,23129",",,预聘副教授,",实践环节课程,中文,嘉定校区,"2024(交通工程(精英班) 09036),2024(交通运输(精英班) 09037),2024(车辆工程(精英班) 09040),2025(交通工程 15014),2025(交通运输 15024),2025(交通工程(数学与应用数学双学士学位) 15025)",0,1,9,"杜豫川(04049),暨育雄(12067),吴荻非(20606),王书玲(23129) 星期五1-2节 [1-9] 安楼A106"
CTE260203,交通科技创新竞赛（上）,1,杜豫川(),"杜豫川,余荣杰,沈煜,吴荻非","04049,13565,18022,20606",",,,预聘副教授",实践环节课程,中文,嘉定校区,"2024(交通工程(精英班) 09036),2024(交通运输(精英班) 09037),2024(车辆工程(精英班) 09040),2025(交通工程 15014),2025(交通运输 15024),2025(交通工程(数学与应用数学双学士学位) 15025)",0,1,9,"杜豫川(04049),余荣杰(13565),沈煜(18022),吴荻非(20606) 星期五1-2节 [1-9] 安楼A107"
CTE260204,交通科技创新竞赛（上）,1,,"杜豫川,朱兴一,李健,吴荻非","04049,13177,14153,20606",",,副教授,预聘副教授",实践环节课程,中文,嘉定校区,"2024(交通工程(精英班) 09036),2024(交通运输(精英班) 09037),2024(车辆工程(精英班) 09040),2025(交通工程 15014),2025(交通运输 15024),2025(交通工程(数学与应用数学双学士学位) 15025)",0,1,9,"杜豫川(04049),朱兴一(13177),李健(14153),吴荻非(20606) 星期五1-2节 [1-9] 安楼A108"
CTE352102,道路工程材料,2,孙大权(),"孙大权,朱兴一","03183,13177",",",专业选修课,中文,嘉定校区,"2024(交通工程(精英班) 09036),2024(交通运输(精英班) 09037),2024(车辆工程(精英班) 09040),2024(交通工程 15014)",0,1,16,孙大权(03183) 星期二3-4节 [1-6 12-13] 安楼A214 朱兴一(13177) 星期二3-4节 [7-11 14-16] 安楼A214
CTE352202,电力电子技术,2,康劲松(),"胡浩,康劲松","09182,94762",",",专业必修课,中文,嘉定校区,"2024(交通工程(精英班) 09036),2024(交通运输(精英班) 09037),2024(车辆工程(精英班) 09040),2024(车辆工程 43002)",0,1,16,康劲松(94762) 星期一7-8节 [1-8] 安楼A408 胡浩(09182) 星期一7-8节 [9-16] 安楼A408
CTE240301,机械振动,2,周凯(),周凯,22136,,专业选修课,中文,嘉定校区,2024(基础学科拔尖基地(力学) 45092),0,1,16,周凯(22136) 星期四3-4节 [1-16] 博楼B302
CTE340101,自动控制原理,2,马志勋(),马志勋,17123,,专业基础课,中文,嘉定校区,2024(车辆工程 43002),0,1,16,马志勋(17123) 星期四5-6节 [1-16] 安楼A112
CTE340102,自动控制原理,2,孙友刚(预聘副教授),孙友刚,21040,,专业基础课,中文,嘉定校区,2024(车辆工程 43002),0,1,16,孙友刚(21040) 星期四5-6节 [1-16] 安楼A114
CTE000201,高速列车及城市轨道交通车辆概论,2,,张继彤,92756,,工程能力与创新思维,中文,沪西校区,,0,1,12,张继彤(92756) 星期一9-10节 [1-12] 沪西二教221中教室
CTE000202,高速列车及城市轨道交通车辆概论,2,,张继彤,92756,,工程能力与创新思维,中文,嘉定校区,,0,1,12,张继彤(92756) 星期四7-8节 [1-12] 博楼B311
CTE000302,测控技术与智能系统,2,孙友刚(预聘副教授),"孙友刚,赵元哲","21040,22017",",",工程能力与创新思维,中文,嘉定校区,,0,1,16,孙友刚(21040) 星期四9-10节 [1-4] 博楼B210 赵元哲(22017) 星期四9-10节 [5-12] 博楼B210
CTE000401,轨道交通概论,2,李莉(),"王文斌,李莉,钱存元","00756,92842,99707",",,",工程能力与创新思维,中文,四平路校区,,0,1,12,李莉(92842) 星期四7-8节 [1-4 7 11-12] 南111 王文斌(00756) 星期四7-8节 [5-6] 南111 钱存元(99707) 星期四7-8节 [8-10] 南111
CTE000402,轨道交通概论,2,李莉(),"王文斌,李莉,钱存元","00756,92842,99707",",,",工程能力与创新思维,中文,嘉定校区,,0,1,12,李莉(92842) 星期三5-6节 [1-4 7 11-12] 博楼B203 王文斌(00756) 星期三5-6节 [5-6] 博楼B203 钱存元(99707) 星期三5-6节 [8-10] 博楼B203
CTE000502,磁浮交通系统概论,2,马志勋(副研究员（自然科学）),"潘洪亮,倪菲,马志勋,赵元哲,王恬格","12139,17121,17123,22017,23182",",,,,",工程能力与创新思维,中文,嘉定校区,,0,1,16,王恬格(23182) 星期三7-8节 [4-6] 博楼B216 倪菲(17121) 星期三7-8节 [9-10] 博楼B216 赵元哲(22017) 星期三7-8节 [2-3] 博楼B216 潘洪亮(12139) 星期三7-8节 [7-8] 博楼B216 马志勋(17123) 星期三7-8节 [1 11-12] 博楼B216
CTE330101,工程热力学,2,左建勇(),"左建勇,潘宇","08027,24002",",",专业基础课,中文,嘉定校区,2024(车辆工程 43002),0,1,16,左建勇(08027) 星期二3-4节 [1-6] 博楼B203 潘宇(24002) 星期二3-4节 [7-16] 博楼B203
CTE450301,轨道车辆噪声控制技术,2,朱剑月(),"雷震宇,李莉,朱剑月","04011,92842,94783",",,",专业选修课,中文,嘉定校区,2023(车辆工程 43002),0,1,16,雷震宇(04011) 星期三3-4节 [10] 博楼B113 李莉(92842) 星期三3-4节 [6-9] 博楼B113 朱剑月(94783) 星期三3-4节 [1-5 11-16] 博楼B113
CTE450401,机电一体化系统技术（英语）,2,,张济民,04167,,专业选修课,英语,嘉定校区,2023(车辆工程 43002),0,1,16,张济民(04167) 星期一3-4节 [1-16] 博楼B113
CTE450501,列车通信与网络,2,,钱存元,99707,,专业选修课,中文,嘉定校区,2023(车辆工程 43002),0,1,16,钱存元(99707) 星期二3-4节 [1-16] 博楼B306
CTE460101,轨道交通综合实验,0,左建勇(),"田春,左建勇,胡浩,任利惠,钱存元","07097,08027,09182,95719,99707",",,,,",实践环节课程,中文,嘉定校区,2023(车辆工程 43002),0,1,11,"田春(07097),左建勇(08027),胡浩(09182),任利惠(95719) 星期四5-8节 [8-10] 致臻楼217和试验线 田春(07097),左建勇(08027),胡浩(09182),任利惠(95719),钱存元(99707) 星期四5-8节 [1-7 11] 致臻楼217和试验线 田春(07097),左建勇(08027),胡浩(09182),任利惠(95719),钱存元(99707) 星期六1-2节 [1-10] 致臻楼217和试验线"
CTE000601,大数据背景下的系统健康管理,2,季元进(),"龚红仁,季元进","20170,22168",",",工程能力与创新思维,中文,四平路校区,,0,1,12,季元进(22168) 星期四7-8节 [1-6] 南116 龚红仁(20170) 星期四7-8节 [7-12] 南116
CTE000602,大数据背景下的系统健康管理,2,季元进(),"龚红仁,季元进","20170,22168",",",工程能力与创新思维,中文,嘉定校区,,0,1,16,龚红仁(20170) 星期三7-8节 [7-12] 博楼B306 季元进(22168) 星期三7-8节 [1-6] 博楼B306
CTE240401,模拟电子技术,3,,"李慕君,钱存元","10039,99707",",",专业基础课,中文,四平路校区,"2025(交通工程(精英班) 09036),2025(交通运输(精英班) 09037),2025(车辆工程(精英班) 09040)",0,1,16,李慕君(10039) 星期一9-11节 [1-15] 南407 钱存元(99707) 星期一9-11节 [16] 南407
CTE240402,模拟电子技术,3,钱存元(副教授),"吴雄文,钱存元","92745,99707",",",专业基础课,中文,嘉定校区,2025(车辆工程 43002),0,1,16,吴雄文(92745) 星期一1-2节 [1-15] 安楼A206 钱存元(99707) 星期一1-2节 [16] 安楼A206 吴雄文(92745) 星期三7-8节 [1-15单] 安楼A206
CTE340301,流体力学,2,,田春,07097,,专业基础课,中文,嘉定校区,2024(车辆工程 43002),0,1,16,田春(07097) 星期二3-4节 [1-16] 博楼B201
CTE352302,轨道车辆构造与原理,2,周劲松(),"周凯,周劲松","22136,94717",",",专业必修课,中文,嘉定校区,"2024(交通工程(精英班) 09036),2024(交通运输(精英班) 09037),2024(车辆工程(精英班) 09040),2024(车辆工程 43002)",0,1,16,周凯(22136) 星期一3-4节 [2-16] 安楼A410 周劲松(94717) 星期一3-4节 [1] 安楼A410
CTE450601,轨道交通信号与运行控制,2,,李慕君,10039,,专业选修课,中文,嘉定校区,2023(车辆工程 43002),0,1,16,李慕君(10039) 星期四3-4节 [1-16] 博楼B216
CTE460201,轨道交通创新能力拓展,2,,周和超,14162,,实践环节课程,中文,嘉定校区,2023(车辆工程 43002),0,1,16,周和超(14162) 星期五1-2节 [1-16] 学院教室
CTE260501,电子技术实验,1,梁海泉(),"梁海泉,吴雄文","13087,92745",",",实践环节课程,中文,嘉定校区,"2024(交通工程(精英班) 09036),2024(交通运输(精英班) 09037),2024(车辆工程(精英班) 09040),2024(车辆工程 43002)",0,1,16,梁海泉(13087) 星期五1-2节 [9-16] 致臻楼217 吴雄文(92745) 星期五1-2节 [1-8] 致臻楼217
CTE260502,电子技术实验,1,吴雄文(),"梁海泉,吴雄文","13087,92745",",",实践环节课程,中文,嘉定校区,"2024(交通工程(精英班) 09036),2024(交通运输(精英班) 09037),2024(车辆工程(精英班) 09040),2024(车辆工程 43002)",0,1,16,梁海泉(13087) 星期五3-4节 [9-16] 致臻楼217 吴雄文(92745) 星期五3-4节 [1-8] 致臻楼217
CTE260503,电子技术实验,1,吴雄文(),"梁海泉,吴雄文","13087,92745",",",实践环节课程,中文,嘉定校区,"2024(交通工程(精英班) 09036),2024(交通运输(精英班) 09037),2024(车辆工程(精英班) 09040),2024(车辆工程 43002)",0,1,16,梁海泉(13087) 星期五5-6节 [9-16] 致臻楼217 吴雄文(92745) 星期五5-6节 [1-8] 致臻楼217
CTE370701,智能交通数学原理及应用,2,俞春辉(),"俞春辉,杭鹏,李璨","18632,22537,24508",",,",个性化课程,中文,四平路校区,"2024(生物技术(强基计划) 09003),2024(数学与应用数学(强基计划) 09004),2024(应用物理学(强基计划) 09005)",0,1,16,俞春辉(18632) 星期三7-8节 [1-6 16] 北211 李璨(24508) 星期三7-8节 [12-15] 北211 杭鹏(22537) 星期三7-8节 [7-11] 北211
CTE240901,交通运输数据技术,2,,段征宇,09172,,专业基础课,中文,四平路校区,"2025(交通工程(精英班) 09036),2025(交通运输(精英班) 09037),2025(车辆工程(精英班) 09040)",0,1,16,段征宇(09172) 星期三7-8节 [1-16] 北311
CTE352402,土力学与基础工程,2,丛林(),"丛林,钱劲松","03063,07145",",",专业选修课,中文,嘉定校区,"2024(交通工程(精英班) 09036),2024(交通运输(精英班) 09037),2024(车辆工程(精英班) 09040),2024(交通工程 15014)",0,1,16,丛林(03063) 星期一7-8节 [1-12] 博楼B303 钱劲松(07145) 星期一7-8节 [13-16] 博楼B303
CTE352501,航空运输与经济,2,郭静秋(),"郭静秋,曾孟源","16522,23155",",",专业选修课,中文,嘉定校区,2024(交通工程 15014),0,1,16,郭静秋(16522) 星期三7-8节 [5-6 11-16] 博楼B310 曾孟源(23155) 星期三7-8节 [1-4 7-10] 博楼B310
CTE270101,创新能力训练,2,邢莹莹(),"惠英,暨育雄,王鹏玲,邢莹莹,Mohsen Alae,凌建明","01022,12067,21058,21149,24076,95003",",,,,,",个性化课程,中文,嘉定校区,"2024(交通工程 15014),2024(交通运输 15024),2024(交通工程(数学与应用数学双学士学位) 15025),2025(交通工程 15014),2025(交通运输 15024),2025(交通工程(数学与应用数学双学士学位) 15025),2025(交通运输(二学位) 15026),2025(交通工程(二学位) 15027)",0,1,16,"惠英(01022),暨育雄(12067),王鹏玲(21058),邢莹莹(21149),Mohsen Alae(24076),凌建明(95003) 星期一1-2节 [1-16] 安楼A107"
CTE370102,创新能力进阶,2,张兰芳(),"惠英,张兰芳,暨育雄,朱炜,余博,王鹏玲,邢莹莹,Mohsen Alae","01022,01027,12067,13162,21051,21058,21149,24076",",,,,,,,",个性化课程,中文,嘉定校区,"2023(交通工程(精英班) 09036),2023(交通工程 15014),2023(交通运输 15024),2023(交通工程(数学与应用数学双学士学位) 15025),2024(交通工程 15014),2024(交通运输 15024),2024(交通工程(数学与应用数学双学士学位) 15025),2025(交通运输(二学位) 15026),2025(交通工程(二学位) 15027)",0,1,16,"惠英(01022),张兰芳(01027),暨育雄(12067),朱炜(13162),余博(21051),王鹏玲(21058),邢莹莹(21149),Mohsen Alae(24076) 星期三9-10节 [1-16] 博楼B106"
CTE370202,实践能力训练,2,王鹏玲(),"张兰芳,周宇,暨育雄,王鹏玲,邢莹莹,Mohsen Alae","01027,07068,12067,21058,21149,24076",",,,,,",个性化课程,中文,嘉定校区,"2023(交通工程(精英班) 09036),2023(交通工程 15014),2023(交通运输 15024),2023(交通工程(数学与应用数学双学士学位) 15025),2024(交通工程 15014),2024(交通运输 15024),2024(交通工程(数学与应用数学双学士学位) 15025),2025(交通运输(二学位) 15026),2025(交通工程(二学位) 15027)",0,1,16,"张兰芳(01027),周宇(07068),暨育雄(12067),王鹏玲(21058),邢莹莹(21149),Mohsen Alae(24076) 星期四9-10节 [1-16] 博楼B206"
CTE450701,计算机视觉,2,刘成龙(预聘副教授),"黄世泽,龚红仁,吴荻非","14034,20170,20606",",,预聘副教授",个性化课程,中文,嘉定校区,"2023(交通工程 15014),2023(交通工程(数学与应用数学双学士学位) 15025),2025(交通工程(二学位) 15027)",0,1,16,吴荻非(20606) 星期四3-4节 [1-6 16] 博楼B212 龚红仁(20170) 星期四3-4节 [7-11] 博楼B212 黄世泽(14034) 星期四3-4节 [12-15] 博楼B212
CTE370301,科技论文写作,2,柴晨(),"柴晨,石皓天","17508,25026",",长聘副教授",个性化课程,中文,嘉定校区,"2023(交通工程 15014),2023(交通运输 15024),2023(交通工程(数学与应用数学双学士学位) 15025),2025(交通运输(二学位) 15026),2025(交通工程(二学位) 15027)",0,1,16,石皓天(25026) 星期四7-8节 [2-6] 博楼B106 柴晨(17508) 星期四7-8节 [1 7-16] 博楼B106
CTE472101,弹性力学,2,张小会(),"张小会,何超","18010,20524",",null",个性化课程,中文,嘉定校区,"2023(交通工程 15014),2023(交通工程(数学与应用数学双学士学位) 15025),2025(交通工程(二学位) 15027)",0,1,16,何超(20524) 星期三7-8节 [13-15] 博楼B406 张小会(18010) 星期三7-8节 [1-12 16] 博楼B406
CTE472201,交通数据分析（英语）,2,郭赟韬(),郭赟韬,21015,,个性化课程,英语,嘉定校区,"2023(交通工程 15014),2023(交通运输 15024),2023(交通工程(数学与应用数学双学士学位) 15025),2025(交通运输(二学位) 15026),2025(交通工程(二学位) 15027)",0,1,16,郭赟韬(21015) 星期三3-4节 [1-16] 博楼B115
CTE460301,交通工程全过程课程设计,9,,"惠英,白玉,李林波,倪颖,叶建红,叶昕,邹亚杰,王艳丽,王玲,骆晓,郭赟韬","01022,04214,07118,10099,12107,14137,15056,16013,17129,18517,21015",",,,,,,,,,,",实践环节课程,中文,嘉定校区,"2023(交通工程(精英班) 09036),2023(交通工程 15014),2023(交通工程(数学与应用数学双学士学位) 15025)",0,1,9,"惠英(01022),白玉(04214),李林波(07118),倪颖(10099),叶建红(12107),叶昕(14137),邹亚杰(15056),王艳丽(16013),王玲(17129),骆晓(18517),郭赟韬(21015) 星期二3-4节 [1-9] 复楼F211 惠英(01022),白玉(04214),李林波(07118),倪颖(10099),叶建红(12107),叶昕(14137),邹亚杰(15056),王艳丽(16013),王玲(17129),骆晓(18517),郭赟韬(21015) 星期六1-8节 [1-9] 不排教室 惠英(01022),白玉(04214),李林波(07118),倪颖(10099),叶建红(12107),叶昕(14137),邹亚杰(15056),王艳丽(16013),王玲(17129),骆晓(18517),郭赟韬(21015) 星期日1-6节 [1-9] 不排教室"
CTE460401,交通信息全过程课程设计,9,朱宏(),"朱宏,施莉娟","22527,97711",",",实践环节课程,中文,嘉定校区,"2023(交通工程(精英班) 09036),2023(交通工程 15014),2023(交通工程(数学与应用数学双学士学位) 15025)",0,1,9,"朱宏(22527),施莉娟(97711) 星期二3-4节 [1-9] 广楼G101 朱宏(22527),施莉娟(97711) 星期六1-8节 [1-9] 不排教室 朱宏(22527),施莉娟(97711) 星期日1-6节 [1-9] 不排教室"
CTE360401,交通信息传输原理及技术实验,2,欧冬秀(),"陈杰,欧冬秀","92804,97713",",",实践环节课程,中文,嘉定校区,"2024(交通工程(精英班) 09036),2024(交通运输(精英班) 09037),2024(车辆工程(精英班) 09040),2024(交通工程 15014),2024(交通工程(数学与应用数学双学士学位) 15025)",0,1,16,陈杰(92804) 星期四1-2节 [1-2 12-16] 致臻楼403 欧冬秀(97713) 星期四1-2节 [3-11] 致臻楼403
CTE360402,交通信息传输原理及技术实验,2,欧冬秀(),"陈杰,欧冬秀","92804,97713",",",实践环节课程,中文,嘉定校区,"2024(交通工程(精英班) 09036),2024(交通运输(精英班) 09037),2024(车辆工程(精英班) 09040),2024(交通工程 15014),2024(交通工程(数学与应用数学双学士学位) 15025)",0,1,16,陈杰(92804) 星期四3-4节 [1-2 12-16] 致臻楼403 欧冬秀(97713) 星期四3-4节 [3-11] 致臻楼403
CTE361001,智能交通硬件实验,4,黄世泽(),"黄世泽,沈拓","14034,98730",",",实践环节课程,中文,嘉定校区,"2024(交通工程 15014),2024(交通工程(数学与应用数学双学士学位) 15025),2025(交通工程(二学位) 15027)",0,1,16,沈拓(98730) 星期一5-6节 [9-16] 单周致臻楼414，双周致臻楼416 黄世泽(14034) 星期一5-6节 [1-8] 单周致臻楼414，双周致臻楼416 黄世泽(14034) 星期三1-2节 [1-8] 单周致臻楼414，双周致臻楼416 沈拓(98730) 星期三1-2节 [9-16] 单周致臻楼414，双周致臻楼416
CTE361002,智能交通硬件实验,4,,"黄世泽,沈拓","14034,98730",",",实践环节课程,中文,嘉定校区,"2024(交通工程 15014),2024(交通工程(数学与应用数学双学士学位) 15025),2025(交通工程(二学位) 15027)",0,1,16,沈拓(98730) 星期一7-8节 [1-8] 前8周致臻楼416，后8周致臻楼414 黄世泽(14034) 星期一7-8节 [9-16] 前8周致臻楼416，后8周致臻楼414 沈拓(98730) 星期三3-4节 [1-8] 前8周致臻楼416，后8周致臻楼414 黄世泽(14034) 星期三3-4节 [9-16] 前8周致臻楼416，后8周致臻楼414
CTE361003,智能交通硬件实验,4,,陈杰,92804,,实践环节课程,中文,嘉定校区,"2024(交通工程 15014),2024(交通工程(数学与应用数学双学士学位) 15025),2025(交通工程(二学位) 15027)",0,1,16,陈杰(92804) 星期一3-4节 [1-16] 前8周致臻楼414，后8周致臻楼416 陈杰(92804) 星期三7-8节 [1-16] 前8周致臻楼414，后8周致臻楼416
CTE460501,道路工程全过程课程设计,9,张兰芳(),"张兰芳,陈长,杨轸,王俊骅,黄琴龙","01027,05098,06128,08039,93503",",,,,",实践环节课程,中文,嘉定校区,"2023(交通工程(精英班) 09036),2023(交通工程 15014)",0,1,9,"张兰芳(01027),陈长(05098),杨轸(06128),王俊骅(08039),黄琴龙(93503) 星期一3-4节 [1-9] 安楼A105 张兰芳(01027),陈长(05098),杨轸(06128),王俊骅(08039),黄琴龙(93503) 星期六1-8节 [1-9] 不排教室 张兰芳(01027),陈长(05098),杨轸(06128),王俊骅(08039),黄琴龙(93503) 星期日1-6节 [1-9] 不排教室"
CTE460601,轨道交通工程全过程课程设计,9,王治(),"王治,周宇,刘建国","00797,07068,99726",",,",实践环节课程,中文,嘉定校区,"2023(交通工程(精英班) 09036),2023(交通工程 15014)",0,1,9,"王治(00797),周宇(07068),刘建国(99726) 星期一3-4节 [1-9] 安楼A106 王治(00797),周宇(07068),刘建国(99726) 星期六1-8节 [1-9] 不排教室 王治(00797),周宇(07068),刘建国(99726) 星期日1-6节 [1-9] 不排教室"
CTE460701,机场工程全过程课程设计,9,田雨(),"赵鸿铎,钱劲松,张家科,田雨,钱鑫,刘诗福,凌建明","01030,07145,16514,18024,19622,22167,95003",",,,,,,",实践环节课程,中文,嘉定校区,"2023(交通工程(精英班) 09036),2023(交通工程 15014)",0,1,9,"赵鸿铎(01030),钱劲松(07145),张家科(16514),田雨(18024),钱鑫(19622),刘诗福(22167),凌建明(95003) 星期二3-4节 [1-9] 安楼A105 赵鸿铎(01030),钱劲松(07145),张家科(16514),田雨(18024),钱鑫(19622),刘诗福(22167),凌建明(95003) 星期六1-8节 [1-9] 不排教室 赵鸿铎(01030),钱劲松(07145),张家科(16514),田雨(18024),钱鑫(19622),刘诗福(22167),凌建明(95003) 星期日1-6节 [1-9] 不排教室"
CTE352601,国际贸易运输,2,杨晟(),杨晟,96814,,专业选修课,中文,嘉定校区,"2024(交通运输 15024),2025(交通运输(二学位) 15026)",0,1,16,杨晟(96814) 星期二1-2节 [1-16] 安楼A110
CTE460801,运输系统全过程课程设计,9,江志彬(),"江志彬,朱炜,叶玉玲,谢超","07129,13162,96721,99729",",,,",实践环节课程,中文,嘉定校区,2023(交通运输 15024),0,1,8,江志彬(07129) 星期三1-2节 [7-8] 安楼A105 叶玉玲(96721) 星期三1-2节 [5-6] 安楼A105 朱炜(13162) 星期三1-2节 [1-2] 安楼A105 谢超(99729) 星期三1-2节 [3-4] 安楼A105 叶玉玲(96721) 星期六1-11节 [5-6] 不排教室 江志彬(07129) 星期六1-11节 [7-8] 不排教室 朱炜(13162) 星期六1-11节 [1-2] 不排教室 谢超(99729) 星期六1-11节 [3-4] 不排教室 江志彬(07129) 星期日1-4节 [7-8] 不排教室 朱炜(13162) 星期日1-4节 [1-2] 不排教室 谢超(99729) 星期日1-4节 [3-4] 不排教室 叶玉玲(96721) 星期日1-4节 [5-6] 不排教室
CTE460901,物流系统全过程课程设计,8,田宁(),"朱晔,陆淼嘉,吴华,田宁","00758,19032,95763,96722",",,,",实践环节课程,中文,嘉定校区,2023(交通运输 15024),0,1,16,吴华(95763) 星期四1-2节 [5-6] 安楼A105 朱晔(00758) 星期四1-2节 [3-4] 安楼A105 星期四1-2节 [9-16] 安楼A105 陆淼嘉(19032) 星期四1-2节 [1-2] 安楼A105 田宁(96722) 星期四1-2节 [7-8] 安楼A105 陆淼嘉(19032) 星期六1-8节 [1-2] 不排教室 田宁(96722) 星期六1-8节 [7-8] 不排教室 星期六1-8节 [9-16] 不排教室 朱晔(00758) 星期六1-8节 [3-4] 不排教室 吴华(95763) 星期六1-8节 [5-6] 不排教室 星期日1-6节 [9-16] 不排教室 朱晔(00758) 星期日1-6节 [3-4] 不排教室 田宁(96722) 星期日1-6节 [7-8] 不排教室 陆淼嘉(19032) 星期日1-6节 [1-2] 不排教室 吴华(95763) 星期日1-6节 [5-6] 不排教室
CTE472401,道路工程力学,2,陈长(),陈长,05098,,个性化课程,中文,嘉定校区,"2023(交通工程 15014),2023(交通工程(数学与应用数学双学士学位) 15025),2025(交通工程(二学位) 15027)",0,1,16,钱劲松(07145) 星期六9-10节 [1-16] 广楼G306
CTE472501,智能传感与信息处理,2,龚红仁(),"丛林,龚红仁,季元进","03063,20170,22168",",,",个性化课程,中文,嘉定校区,"2023(交通工程 15014),2023(交通工程(数学与应用数学双学士学位) 15025),2025(交通工程(二学位) 15027)",0,1,16,季元进(22168) 星期三3-4节 [13-16] 博楼B206 丛林(03063) 星期三3-4节 [8-12] 博楼B206 龚红仁(20170) 星期三3-4节 [1-7] 博楼B206
CTE352702,结构设计原理,2,付龙龙(),付龙龙,22021,,专业选修课,中文,嘉定校区,"2024(交通工程(精英班) 09036),2024(交通运输(精英班) 09037),2024(车辆工程(精英班) 09040),2024(交通工程 15014)",0,1,16,付龙龙(22021) 星期一3-4节 [1-16] 博楼B117
CTE352801,机场规划与设计（英语）,2,张家科(),"张家科,钱鑫","16514,19622",",",专业选修课,英语,嘉定校区,2024(交通工程 15014),0,1,16,钱鑫(19622) 星期四5-6节 [9-16] 博楼B216 张家科(16514) 星期四5-6节 [1-8] 博楼B216
CTE251201,列车运行及控制原理,2,周峰(),周峰,16030,,专业选修课,中文,嘉定校区,2024(交通运输 15024),0,1,16,周峰(16030) 星期三3-4节 [1-16] 安楼A307
CTE356601,轨道交通基础设施智能维护（T）,2,许玉德(),"周宇,杨新文,肖军华","07068,12105,14170",",,",专业选修课,中文,四平路校区,"2023(土木工程 03014),2023(土木工程(数学与应用数学双学士学位) 03065),2023(土木工程(法学双学士学位) 03067)",0,1,16,肖军华(14170) 星期五3-4节 [13-16] 南222 杨新文(12105) 星期五3-4节 [10-12] 南222 周宇(07068) 星期五3-4节 [1-9] 南222
CTE000901,批判性思维与方法,2,李辉(),"李辉,陆淼嘉,袁泉,张献英","15035,19032,19535,20525",",,,null",工程能力与创新思维,中文,四平路校区,,0,1,12,张献英(20525) 星期三9-10节 [12] 南111 陆淼嘉(19032) 星期三9-10节 [10-11] 南111 袁泉(19535) 星期三9-10节 [8-9] 南111 李辉(15035) 星期三9-10节 [1-7] 南111
CTE000902,批判性思维与方法,2,李辉(),"李辉,陆淼嘉,袁泉,张献英","15035,19032,19535,20525",",,,null",工程能力与创新思维,中文,嘉定校区,,0,1,12,张献英(20525) 星期三5-6节 [12] 博楼B111 陆淼嘉(19032) 星期三5-6节 [10-11] 博楼B111 袁泉(19535) 星期三5-6节 [8-9] 博楼B111 李辉(15035) 星期三5-6节 [1-7] 博楼B111
CTE001102,交通行为心理学,2,,"涂辉招,李浩","10119,11036",",",工程能力与创新思维,中文,嘉定校区,,0,1,12,涂辉招(10119) 星期一5-6节 [1] 博楼B201 李浩(11036) 星期一5-6节 [2-12] 博楼B201
CTE001301,穿越与洞察：高铁见证下的自主创新之路,1,黄世泽(),"熊国钺,黄世泽,倪菲,王鹏玲","06066,14034,17121,21058",",,,",工程能力与创新思维,中文,四平路校区,,0,1,8,王鹏玲(21058) 星期五9-10节 [1] 南215 倪菲(17121) 星期五9-10节 [3] 南215 黄世泽(14034) 星期五9-10节 [2 5-8] 南215 熊国钺(06066) 星期五9-10节 [4] 南215
CTE001302,穿越与洞察：高铁见证下的自主创新之路,1,黄世泽(),"黄世泽,倪菲,王鹏玲","14034,17121,21058",",,",工程能力与创新思维,中文,嘉定校区,,0,1,8,王鹏玲(21058) 星期四7-8节 [1] 博楼B117 黄世泽(14034) 星期四7-8节 [2-4双 5-8] 博楼B117 倪菲(17121) 星期四7-8节 [3] 博楼B117
CTE001303,穿越与洞察：高铁见证下的自主创新之路,1,黄世泽(),黄世泽,14034,,工程能力与创新思维,中文,沪西校区,,0,1,8,黄世泽(14034) 星期一9-10节 [1-8] 沪西二教415中教室
CTE001304,穿越与洞察：高铁见证下的自主创新之路,1,黄世泽(),"黄世泽,倪菲,王鹏玲","14034,17121,21058",",,",工程能力与创新思维,中文,嘉定校区,,0,9,16,黄世泽(14034) 星期四7-8节 [10-12双 13-16] 博楼B216 倪菲(17121) 星期四7-8节 [11] 博楼B216 王鹏玲(21058) 星期四7-8节 [9] 博楼B216
CTE001305,穿越与洞察：高铁见证下的自主创新之路,1,黄世泽(),"熊国钺,黄世泽,倪菲,王鹏玲","06066,14034,17121,21058",",,,",工程能力与创新思维,中文,四平路校区,,0,9,16,熊国钺(06066) 星期五9-10节 [12] 南215 黄世泽(14034) 星期五9-10节 [10 13-16] 南215 倪菲(17121) 星期五9-10节 [11] 南215 王鹏玲(21058) 星期五9-10节 [9] 南215
CTE150102,轨道交通线路工程,4,王治(),"杨新文,陕耀,张小会","12105,14032,18010",",,",专业必修课,中文,嘉定校区,"2024(交通工程(精英班) 09036),2024(交通运输(精英班) 09037),2024(车辆工程(精英班) 09040),2025(交通工程 15014),2025(交通工程(数学与应用数学双学士学位) 15025)",0,1,16,杨新文(12105) 星期一5-6节 [11-13] 博楼B114 陕耀(14032) 星期一5-6节 [14-16] 博楼B114 张小会(18010) 星期一5-6节 [1-10] 博楼B114 陕耀(14032) 星期四7-8节 [14-16] 博楼B114 杨新文(12105) 星期四7-8节 [11-13] 博楼B114 张小会(18010) 星期四7-8节 [1-10] 博楼B114
CTE150101,轨道交通线路工程,4,王治(),"王治,张献英,付龙龙","00797,20525,22021",",null,",专业必修课,中文,嘉定校区,"2024(交通工程(精英班) 09036),2024(交通运输(精英班) 09037),2024(车辆工程(精英班) 09040),2025(交通工程 15014),2025(交通工程(数学与应用数学双学士学位) 15025)",0,1,16,付龙龙(22021) 星期一5-6节 [14-16] 博楼B110 张献英(20525) 星期一5-6节 [11-13] 博楼B110 王治(00797) 星期一5-6节 [1-10] 博楼B110 张献英(20525) 星期四7-8节 [11-13] 博楼B110 王治(00797) 星期四7-8节 [1-10] 博楼B110 付龙龙(22021) 星期四7-8节 [14-16] 博楼B110
CTE150103,轨道交通线路工程,4,王治(),"周宇,何超,宫全美","07068,20524,95760",",null,",专业必修课,中文,嘉定校区,"2024(交通工程(精英班) 09036),2024(交通运输(精英班) 09037),2024(车辆工程(精英班) 09040),2025(交通工程 15014),2025(交通工程(数学与应用数学双学士学位) 15025)",0,1,16,宫全美(95760) 星期一5-6节 [14-16] 博楼B116 周宇(07068) 星期一5-6节 [11-13] 博楼B116 何超(20524) 星期一5-6节 [1-10] 博楼B116 周宇(07068) 星期四7-8节 [11-13] 博楼B116 何超(20524) 星期四7-8节 [1-10] 博楼B116 宫全美(95760) 星期四7-8节 [14-16] 博楼B116
CTE353101,交通环境全息感知,2,骆晓(),"段征宇,柴晨,骆晓,张思扬,张力楠","09172,17508,18517,21084,24139",",,,,",专业选修课,中文,嘉定校区,"2024(交通工程 15014),2024(交通工程(数学与应用数学双学士学位) 15025)",0,1,16,张力楠(24139) 星期四9-10节 [10-12] 博楼B112 骆晓(18517) 星期四9-10节 [1-4 9 15-16] 博楼B112 柴晨(17508) 星期四9-10节 [6-8] 博楼B112 段征宇(09172) 星期四9-10节 [5] 博楼B112 张思扬(21084) 星期四9-10节 [13-14] 博楼B112
CTE472601,自动驾驶安全工程,2,余荣杰(),余荣杰,13565,,个性化课程,中文,嘉定校区,2025(交通工程(二学位) 15027),0,1,16,余荣杰(13565) 星期六9-10节 [1-16] 学院教室
CTE472701,智能交通人因工程,2,,岳李圣飒,22135,,个性化课程,中文,嘉定校区,2025(交通工程(二学位) 15027),0,1,16,岳李圣飒(22135) 星期六9-10节 [1-16] 学院教室
CTE370801,城市智慧停车,2,李林波(),"李林波,王艳丽","07118,16013",",",个性化课程,中文,嘉定校区,"2024(交通工程 15014),2024(交通工程(数学与应用数学双学士学位) 15025)",0,1,16,李林波(07118) 星期一5-6节 [1-9] 博楼B301 王艳丽(16013) 星期一5-6节 [10-16] 博楼B301
CTE461001,工程能力拓展,2,李莉(),李莉,92842,,实践环节课程,中文,嘉定校区,2023(车辆工程 43002),0,1,16,李莉(92842) 星期五1-2节 [1-16] 学院教室
CTE001401,语言智能与人类未来,2,,王恬格,23182,,科学探索与生命关怀,中文,四平路校区,,0,1,12,王恬格(23182) 星期五9-10节 [1-12] 南212
CTE001402,语言智能与人类未来,2,,王恬格,23182,,科学探索与生命关怀,中文,嘉定校区,,0,1,12,王恬格(23182) 星期一9-10节 [1-12] 博楼B117
CTE241601,智能交通与车辆基础（上）,3,杨超(),"白玉,余荣杰,肖飞鹏,宫岛,王艳丽,季元进,曾孟源,张力楠","04214,13565,14156,15016,16013,22168,23155,24139",",,,,高级工程师,,,",专业必修课,中文,四平路校区,"2025(交通工程(精英班) 09036),2025(交通运输(精英班) 09037),2025(车辆工程(精英班) 09040)",0,1,16,王艳丽(16013) 星期四5-6节 [10] 南407 曾孟源(23155) 星期四5-6节 [12-14双] 南407 余荣杰(13565) 星期四5-6节 [8] 南407 季元进(22168) 星期四5-6节 [4-6双] 南407 肖飞鹏(14156) 星期四5-6节 [16] 南407 宫岛(15016) 星期四5-6节 [2] 南407 白玉(04214) 星期五7-8节 [1 13] 南407 张力楠(24139) 星期五7-8节 [10-11] 南407 季元进(22168) 星期五7-8节 [4-6] 南407 肖飞鹏(14156) 星期五7-8节 [16] 南407 曾孟源(23155) 星期五7-8节 [12-14双 15] 南407 宫岛(15016) 星期五7-8节 [2-3 7] 南407 余荣杰(13565) 星期五7-8节 [8-9] 南407
CTE241602,智能交通与车辆基础（上）,3,,"白玉,杨超,余荣杰,肖飞鹏,周凯,季元进,曾孟源,孙杰,张力楠","04214,05020,13565,14156,22136,22168,23155,24005,24139",",,,,,,,长聘副教授,",专业基础课程,中文,嘉定校区,,0,1,16,周凯(22136) 星期一5-6节 [3-5单] 博楼B302 白玉(04214) 星期一5-6节 [13] 博楼B302 曾孟源(23155) 星期一5-6节 [11 15] 博楼B302 孙杰(24005) 星期一5-6节 [7-9单] 博楼B302 杨超(05020) 星期一5-6节 [1] 博楼B302 白玉(04214) 星期三5-6节 [13] 博楼B302 张力楠(24139) 星期三5-6节 [10-11] 博楼B302 肖飞鹏(14156) 星期三5-6节 [16] 博楼B302 周凯(22136) 星期三5-6节 [2-3 7] 博楼B302 季元进(22168) 星期三5-6节 [4-6] 博楼B302 曾孟源(23155) 星期三5-6节 [12-14双 15] 博楼B302 余荣杰(13565) 星期三5-6节 [8-9] 博楼B302 杨超(05020) 星期三5-6节 [1] 博楼B302
CTE241701,智能交通与车辆基础（下）,3,杨超(),"杨超,唐克双,周峰,王鹏玲,刘皓冰,张力楠","05020,11067,16030,21058,21147,24139",",,,,,",专业必修课,中文,嘉定校区,"2024(交通工程(精英班) 09036),2024(交通运输(精英班) 09037),2024(车辆工程(精英班) 09040)",0,1,16,杨超(05020) 星期二1-2节 [13] 诚楼C411 唐克双(11067) 星期二1-2节 [1-7单] 诚楼C411 刘皓冰(21147) 星期二1-2节 [15] 诚楼C411 王鹏玲(21058) 星期二1-2节 [9-11单] 诚楼C411 杨超(05020) 星期四3-4节 [14-15] 诚楼C411 张力楠(24139) 星期四3-4节 [8] 诚楼C411 周峰(16030) 星期四3-4节 [13] 诚楼C411 王鹏玲(21058) 星期四3-4节 [9-12] 诚楼C411 刘皓冰(21147) 星期四3-4节 [16] 诚楼C411 唐克双(11067) 星期四3-4节 [1-7] 诚楼C411
CTE461501,运输系统全过程课程设计,10,,朱炜,13162,,实践环节课程,中文,嘉定校区,2025(交通运输(二学位) 15026),0,1,16,朱炜(13162) 星期日1-10节 [1-16] 学院教室
CTE461601,物流系统全过程课程设计,10,,朱晔,00758,,实践环节课程,中文,嘉定校区,2025(交通运输(二学位) 15026),0,1,16,朱晔(00758) 星期日1-10节 [1-16] 学院教室
CTE461701,交通工程全过程课程设计,10,,惠英,01022,,实践环节课程,中文,嘉定校区,2025(交通工程(二学位) 15027),0,1,16,惠英(01022) 星期日1-10节 [1-16] 学院教室
CTE461801,交通信息全过程课程设计,10,,朱宏,22527,,实践环节课程,中文,嘉定校区,2025(交通工程(二学位) 15027),0,1,16,朱宏(22527) 星期日1-10节 [1-16] 学院教室
CTE461901,道路工程全过程课程设计,10,,张兰芳,01027,,实践环节课程,中文,嘉定校区,2025(交通工程(二学位) 15027),0,1,16,张兰芳(01027) 星期日1-10节 [1-16] 学院教室
CTE462001,轨道交通工程全过程课程设计,10,,王治,00797,,实践环节课程,中文,嘉定校区,2025(交通工程(二学位) 15027),0,1,16,王治(00797) 星期日1-10节 [1-16] 学院教室
CTE462101,机场工程全过程课程设计,10,,钱鑫,19622,,实践环节课程,中文,嘉定校区,2025(交通工程(二学位) 15027),0,1,16,钱鑫(19622) 星期日1-10节 [1-16] 学院教室
团委艺术中心,,,,,,,,,,,,,,
,,,,,,,,,,,,,,
,二胡技法教学,2,,"霍永刚,戴岚","1700066,22126","null,",人文经典与审美素养,中文,四平路校区,,0,1,12,霍永刚(1700066) 星期日5-6节 [5-12] 四平校区大礼堂二楼排练厅2 戴岚(22126) 星期日5-6节 [1-4] 四平校区大礼堂二楼排练厅2
,民乐合奏,2,,"姚申申,戴岚","1800020,22126","null,",人文经典与审美素养,中文,四平路校区,,0,1,12,戴岚(22126) 星期日9-10节 [1-4] 四平路校区大礼堂二楼民乐排练厅 姚申申(1800020) 星期日9-10节 [5-12] 四平路校区大礼堂二楼民乐排练厅
,大学生舞蹈团排练,2,,常君,1300175,null,人文经典与审美素养,中文,四平路校区,,0,1,12,常君(1300175) 星期日9-10节 [1-12] 南校区体育馆一楼操房
ACC000601,合唱训练,2,,"赵兵,赵翎雅","1801005,20079","null,",人文经典与审美素养,中文,四平路校区,,0,1,12,赵兵(1801005) 星期日9-10节 [7-12] 四平校区中法中心B201 赵翎雅(20079) 星期日9-10节 [1-6] 四平校区中法中心B201
,中阮演奏,2,,"刘波,戴岚","1300173,22126","null,",人文经典与审美素养,中文,四平路校区,,0,1,12,戴岚(22126) 星期日7-8节 [1-4] 四平校区大礼堂二楼排练厅2 刘波(1300173) 星期日7-8节 [5-12] 四平校区大礼堂二楼排练厅2
ACC000101,中国竹笛（初级）,2,,孔德杰,1900615,null,人文经典与审美素养,中文,四平路校区,,0,1,12,孔德杰(1900615) 星期四7-8节 [1-12] 四平路校区大礼堂一楼排练厅
ACC000201,中国竹笛（中级）,2,,孔德杰,1900615,null,人文经典与审美素养,中文,四平路校区,,0,1,12,孔德杰(1900615) 星期四9-10节 [1-12] 四平路校区大礼堂二楼钢琴房
ACC000301,中国竹笛演奏艺术（高级）,2,,孔德杰,1900615,null,人文经典与审美素养,中文,四平路校区,,0,1,12,孔德杰(1900615) 星期五9-10节 [1-12] 四平路校区大礼堂二楼钢琴房
ACC000402,江南丝竹演奏,2,,戴岚,22126,,人文经典与审美素养,中文,嘉定校区,,0,1,12,戴岚(22126) 星期五3-4节 [1-12] 嘉定校区艺嘉楼208室
ACC000501,声乐演唱训练与作品赏析,2,,赵翎雅,20079,,人文经典与审美素养,中文,四平路校区,,0,1,12,赵翎雅(20079) 星期三7-8节 [1-12] 四平校区中法中心B201室
行政,,,,,,,,,,,,,,
,,,,,,,,,,,,,,
SAO000101,大学生创业基础,2,王娇楠(讲师),王娇楠,16060,,工程能力与创新思维,中文,嘉定校区,,0,1,12,王娇楠(16060) 星期一9-10节 [1-12] 安楼A114
SAO000102,大学生创业基础,2,裴培(讲师),"陆云波,裴培","07067,20144",",",工程能力与创新思维,中文,四平路校区,,0,1,12,陆云波(07067) 星期四7-8节 [7-12] 南305 裴培(20144) 星期四7-8节 [1-6] 南305
SAO000201,职业指导,2,方雅静(副教授),"方雅静,蒋余芸,王戈,朱景凡","08046,14127,16053,19086",",,,",社会发展与国际视野,中文,四平路校区,,0,1,12,朱景凡(19086) 星期一9-10节 [8-10双] 南305 方雅静(08046) 星期一9-10节 [1-5 7 12] 南305 蒋余芸(14127) 星期一9-10节 [9-11单] 南305 王戈(16053) 星期一9-10节 [6] 南305
SAO000202,职业指导,2,徐翠婷(讲师),徐翠婷,17065,,社会发展与国际视野,中文,四平路校区,,0,1,12,徐翠婷(17065) 星期四9-10节 [1-12] 南309
SAO000203,职业指导,2,克热木·阿布都米吉提(讲师),克热木·阿布都米吉提,18030,,社会发展与国际视野,中文,嘉定校区,,0,1,12,克热木·阿布都米吉提(18030) 星期一9-10节 [1-12] 诚楼C401
SAO000301,大学生职业生涯规划,2,朱华珍(讲师),"朱华珍,花艳","07049,97079",",",社会发展与国际视野,中文,四平路校区,,0,1,12,朱华珍(07049) 星期四9-10节 [1-4 6-12] 南210 花艳(97079) 星期四9-10节 [5] 南210
SAO000302,大学生职业生涯规划,2,陆昱蓉(讲师),"陆昱蓉,张重阳","19070,21103",",",社会发展与国际视野,中文,嘉定校区,,0,1,12,张重阳(21103) 星期一9-10节 [1-6] 诚楼C404 陆昱蓉(19070) 星期一9-10节 [7-12] 诚楼C404
SAO000303,大学生职业生涯规划,2,葛蕾(讲师),"克热木·阿布都米吉提,葛蕾","18030,18049",",",社会发展与国际视野,中文,嘉定校区,,0,1,12,葛蕾(18049) 星期四9-10节 [7-9] 诚楼C403 克热木·阿布都米吉提(18030) 星期四9-10节 [1-6 10-12] 诚楼C403
SAO000304,大学生职业生涯规划,2,克热木·阿布都米吉提(讲师),"克热木·阿布都米吉提,张重阳","18030,21103",",",社会发展与国际视野,中文,嘉定校区,,0,1,12,克热木·阿布都米吉提(18030) 星期三9-10节 [1-6] 诚楼C410B 张重阳(21103) 星期三9-10节 [7-12] 诚楼C410B
SAO000305,大学生职业生涯规划,2,王晶晶(讲师),"王凯文,郑凯新,王晶晶","15146,20118,98728",",,",社会发展与国际视野,中文,四平路校区,,0,1,12,王晶晶(98728) 星期一9-10节 [1-2 4-9 11-12] 南308 王凯文(15146) 星期一9-10节 [10] 南308 郑凯新(20118) 星期一9-10节 [3] 南308
SAO000306,大学生职业生涯规划,2,杨璐柳婷(讲师),杨璐柳婷,18058,,社会发展与国际视野,中文,四平路校区,,0,1,12,杨璐柳婷(18058) 星期三9-10节 [1-12] 南309
SAO000307,大学生职业生涯规划,2,程春兰(副教授),"程春兰,邓宇洁,李恺轩,孙毅","08077,19051,20086,22161",",,,",社会发展与国际视野,中文,四平路校区,,0,1,12,邓宇洁(19051) 星期四9-10节 [2-3] 南310 程春兰(08077) 星期四9-10节 [1 6 9-11] 南310 李恺轩(20086) 星期四9-10节 [7-8] 南310 孙毅(22161) 星期四9-10节 [4-5 12] 南310
SAO000501,大学生涯启航,2,安娜(副研究员（社会科学）),"安娜,王宁","02106,11099",",",社会发展与国际视野,中文,四平路校区,,0,1,12,安娜(02106) 星期五9-10节 [1-3 6-8 10-11] 南208 王宁(11099) 星期五9-10节 [4-5 9] 南208
SAO000701,创业案例分析与研究,2,张绣宇(讲师),"岑余璐,张绣宇","15140,19084",",",工程能力与创新思维,中文,四平路校区,,0,1,12,张绣宇(19084) 星期一7-8节 [1-3 5-12] 北309 岑余璐(15140) 星期一7-8节 [4] 北309
SAO001602,大学生活与个体心理发展,1,李红(讲师),李红,05075,,科学探索与生命关怀,中文,嘉定校区,,0,1,8,李红(05075) 星期四5-6节 [1-8] 诚楼C413
SAO001801,同济大学史,1,刘志坚(讲师),"王小莉,田苏宏,刘志坚,葛畅,刘扬,吴晓培,王凯文,张小凡,李恺轩,张铭旭,李文迪","06060,07156,09067,10047,10078,13134,15146,17048,20086,21060,21123",",,,,,,,,,,",人文经典与审美素养,中文,四平路校区,,0,1,8,"张小凡(17048) 星期一9-10节 [3] 南309 王小莉(06060) 星期一9-10节 [2] 南309 刘志坚(09067),李恺轩(20086) 星期一9-10节 [8] 南309 吴晓培(13134),张铭旭(21060) 星期一9-10节 [4] 南309 葛畅(10047),刘扬(10078) 星期一9-10节 [1] 南309 李文迪(21123) 星期一9-10节 [5] 南309 田苏宏(07156) 星期一9-10节 [7] 南309 王凯文(15146) 星期一9-10节 [6] 南309"
SAO002002,生命意义的哲学课,2,陈旭日(讲师),陈旭日,04134,,科学探索与生命关怀,中文,嘉定校区,,0,1,12,陈旭日(04134) 星期三7-8节 [1-12] 诚楼C412
SAO002102,领导力与卓越团队管理,2,王娇楠(讲师),"魏峰,周意男,王娇楠","11131,15045,16060",",,",社会发展与国际视野,中文,嘉定校区,,0,1,12,魏峰(11131) 星期一7-8节 [4-5] 安楼A114 王娇楠(16060) 星期一7-8节 [1-3 8-12] 安楼A114 周意男(15045) 星期一7-8节 [6-7] 安楼A114
SAO002201,音舞感知与实践,2,易宁艳(副教授),"易宁艳,张昂","07116,18074",",",人文经典与审美素养,中文,四平路校区,,0,1,12,易宁艳(07116) 星期四9-10节 [1-3单 4-12] 云通楼三楼报告厅 张昂(18074) 星期四9-10节 [2] 云通楼三楼报告厅
SAO002301,生命的省思——如何过好这一生,2,赵盈(教授),"赵盈,李舒怡","07048,21088",",",科学探索与生命关怀,中文,四平路校区,,0,1,16,"赵盈(07048),李舒怡(21088) 星期三9-10节 [6] 南310 赵盈(07048) 星期三9-10节 [1 7-16] 南310 李舒怡(21088) 星期三9-10节 [2-5] 南310"
SAO002302,生命的省思——如何过好这一生,2,臧蓓华(讲师),臧蓓华,18054,,科学探索与生命关怀,中文,四平路校区,,0,1,16,臧蓓华(18054) 星期四7-8节 [1-16] 南308
SAO002303,生命的省思——如何过好这一生,2,吴双磊(讲师),吴双磊,14020,,科学探索与生命关怀,中文,四平路校区,,0,1,16,吴双磊(14020) 星期一7-8节 [1-16] 南308
SAO002304,生命的省思——如何过好这一生,2,姚堃(讲师),姚堃,20091,,科学探索与生命关怀,中文,嘉定校区,,0,1,16,姚堃(20091) 星期三9-10节 [1-16] 诚楼C402
SAO002305,生命的省思——如何过好这一生,2,李红(讲师),李红,05075,,科学探索与生命关怀,中文,嘉定校区,,0,1,16,李红(05075) 星期四7-8节 [1-16] 诚楼C413
SAO002306,生命的省思——如何过好这一生,2,陈旭日(讲师),吉莉,14060,助理研究员（社会科学）,科学探索与生命关怀,中文,四平路校区,,0,1,16,吉莉(14060) 星期五7-8节 [1-16] 南309
SAO002308,生命的省思——如何过好这一生,2,陆可心(讲师),陆可心,21133,,科学探索与生命关怀,中文,四平路校区,,0,1,16,陆可心(21133) 星期四9-10节 [1-16] 南311
SAO002309,生命的省思——如何过好这一生,2,刘亚男(讲师),库木西汗·伊马那洪,18039,讲师,科学探索与生命关怀,中文,嘉定校区,,0,1,16,库木西汗·伊马那洪(18039) 星期三7-8节 [1-16] 安楼A407
SAO002310,生命的省思——如何过好这一生,2,丁奇(讲师),丁奇,08049,,科学探索与生命关怀,中文,四平路校区,,0,1,16,丁奇(08049) 星期三9-10节 [1-16] 南312
SAO002311,生命的省思——如何过好这一生,2,李柳醒(讲师),李柳醒,15036,,科学探索与生命关怀,中文,四平路校区,,0,1,16,李柳醒(15036) 星期五7-8节 [1-16] 北308
SAO002312,生命的省思——如何过好这一生,2,姚玉红(教授),"姚玉红,李娜","01067,11109",",",科学探索与生命关怀,中文,四平路校区,,0,1,16,姚玉红(01067) 星期三7-8节 [1-8] 南417 李娜(11109) 星期三7-8节 [9-16] 南417
SAO002313,生命的省思——如何过好这一生,2,翟佳(讲师),翟佳,18050,,科学探索与生命关怀,中文,四平路校区,,0,1,16,翟佳(18050) 星期四9-10节 [1-16] 南314
SAO002314,生命的省思——如何过好这一生,2,周彬(副研究员（社会科学）),周彬,92747,,科学探索与生命关怀,中文,四平路校区,,0,1,16,周彬(92747) 星期三7-8节 [1-16] 北308
SAO002315,生命的省思——如何过好这一生,2,蒋余芸(讲师),蒋余芸,14127,,科学探索与生命关怀,中文,四平路校区,,0,1,16,蒋余芸(14127) 星期三7-8节 [1-16] 南305
SAO002307,生命的省思——如何过好这一生,2,章秀明(讲师),章秀明,17032,,科学探索与生命关怀,中文,四平路校区,,0,1,16,章秀明(17032) 星期四7-8节 [1-16] 南310
